CustomerID,Recency,Frequency,Monetary,AvgOrderValue,LogRecency,LogFrequency,LogMonetary,LogAvgOrderValue,Cluster,Segment,PC1,PC2
12346,326,1,77183.6,77183.6,5.7899601708972535,0.6931471805599453,11.253955234248428,11.253955234248428,1,High-Value Active Customers,0.8733,2.6916
12347,2,7,4310.0,615.71,1.0986122886681096,2.0794415416798357,8.368925174747135,6.424398897205691,1,High-Value Active Customers,2.5519,-0.8029
12348,75,4,1797.24,449.31,4.330733340286331,1.6094379124341003,7.494563687769957,6.109936234478222,1,High-Value Active Customers,0.4773,0.7479
12349,19,1,1757.55,1757.55,2.995732273553991,0.6931471805599453,7.472244884833674,7.472244884833674,0,Low-Engagement / Lapsed Spenders,0.1476,-0.4571
12350,310,1,334.4,334.4,5.739792912179234,0.6931471805599453,5.815323849389109,5.815323849389109,0,Low-Engagement / Lapsed Spenders,-1.6863,0.679
12352,36,8,2506.04,313.26,3.6109179126442243,2.1972245773362196,7.826858053356098,5.750220668761986,1,High-Value Active Customers,1.4417,0.6374
12353,204,1,89.0,89.0,5.3230099791384085,0.6931471805599453,4.499809670330265,4.499809670330265,0,Low-Engagement / Lapsed Spenders,-2.1508,-0.0643
12354,232,1,1079.4,1079.4,5.4510384535657,0.6931471805599453,6.985086621918461,6.985086621918461,0,Low-Engagement / Lapsed Spenders,-1.0213,0.922
12355,214,1,459.4,459.4,5.3706380281276624,0.6931471805599453,6.132095676847728,6.132095676847728,0,Low-Engagement / Lapsed Spenders,-1.395,0.5604
12356,23,3,2811.43,937.14,3.1780538303479458,1.3862943611198906,7.941804157314053,6.843899191600338,1,High-Value Active Customers,0.9278,0.0947
12357,33,1,6207.67,6207.67,3.5263605246161616,0.6931471805599453,8.733701981297274,8.733701981297274,1,High-Value Active Customers,0.543,0.3387
12358,2,2,1168.06,584.03,1.0986122886681096,1.0986122886681096,7.063955286074528,6.371663127968259,1,High-Value Active Customers,1.0456,-1.6533
12359,58,4,6310.03,1577.51,4.07753744390572,1.6094379124341003,8.750054175177759,7.364236643106266,1,High-Value Active Customers,1.1694,1.0446
12360,52,3,2662.06,887.35,3.970291913552122,1.3862943611198906,7.887231116540211,6.789365809481915,1,High-Value Active Customers,0.5993,0.577
12361,287,1,189.9,189.9,5.662960480135946,0.6931471805599453,5.251749730731702,5.251749730731702,0,Low-Engagement / Lapsed Spenders,-1.9241,0.4251
12362,3,10,5226.23,522.62,1.3862943611198906,2.3978952727983707,8.56163678004062,6.260766230403275,1,High-Value Active Customers,2.8215,-0.4285
12363,110,2,552.0,276.0,4.709530201312334,1.0986122886681096,6.315358001522335,5.6240175061873385,0,Low-Engagement / Lapsed Spenders,-0.6887,0.3631
12364,8,4,1313.1,328.28,2.1972245773362196,1.6094379124341003,7.180907299649593,5.796908452645685,1,High-Value Active Customers,1.1436,-0.7189
12365,291,2,641.38,320.69,5.676753802268282,1.0986122886681096,6.465180028897591,5.773588348900164,0,Low-Engagement / Lapsed Spenders,-0.9872,1.0309
12367,4,1,168.9,168.9,1.6094379124341003,0.6931471805599453,5.135210028677887,5.135210028677887,0,Low-Engagement / Lapsed Spenders,-0.4309,-2.187
12370,51,4,3541.94,885.48,3.9512437185814275,1.6094379124341003,8.172712169921061,6.78725856462807,1,High-Value Active Customers,0.9439,0.7543
12371,45,2,1887.96,943.98,3.828641396489095,1.0986122886681096,7.543781692052325,6.851163763248618,0,Low-Engagement / Lapsed Spenders,0.2302,0.2521
12372,72,3,1298.04,432.68,4.290459441148391,1.3862943611198906,7.169380809114136,6.072306934952083,0,Low-Engagement / Lapsed Spenders,0.1366,0.5185
12373,311,1,364.6,364.6,5.7430031878094825,0.6931471805599453,5.901539839579995,5.901539839579995,0,Low-Engagement / Lapsed Spenders,-1.6466,0.7125
12374,25,1,742.9300000000001,742.93,3.258096538021482,0.6931471805599453,6.6119469443852195,6.6119469443852195,0,Low-Engagement / Lapsed Spenders,-0.3605,-0.6041
12375,11,2,457.5,228.75,2.4849066497880004,1.0986122886681096,6.127960291696519,5.436991761235796,0,Low-Engagement / Lapsed Spenders,0.0722,-1.1154
12377,315,2,1628.12,814.06,5.755742213586912,1.0986122886681096,7.395795270713971,6.703261730162972,0,Low-Engagement / Lapsed Spenders,-0.5761,1.4199
12378,130,1,4008.62,4008.62,4.875197323201151,0.6931471805599453,8.29645175271804,8.29645175271804,0,Low-Engagement / Lapsed Spenders,-0.1795,1.0346
12379,82,2,852.24,426.12,4.418840607796598,1.0986122886681096,6.749040867823617,6.057065004191931,0,Low-Engagement / Lapsed Spenders,-0.372,0.3368
12380,22,4,2724.81,681.2,3.1354942159291497,1.6094379124341003,7.910520910634419,6.525322869984546,1,High-Value Active Customers,1.1311,0.1417
12381,5,5,1845.31,369.06,1.791759469228055,1.791759469228055,7.520944331624911,5.91366515465357,1,High-Value Active Customers,1.6247,-0.7823
12383,185,5,1850.56,370.11,5.225746673713202,1.791759469228055,7.523783805985769,5.916498514618069,1,High-Value Active Customers,0.3143,1.3956
12384,29,2,585.27,292.64,3.4011973816621555,1.0986122886681096,6.373780434317173,5.68235452724258,0,Low-Engagement / Lapsed Spenders,-0.1612,-0.445
12386,338,2,401.9,200.95,5.82600010738045,1.0986122886681096,5.998688392197302,5.308020142009422,0,Low-Engagement / Lapsed Spenders,-1.2654,0.9556
12388,16,6,2780.66,463.44,2.833213344056216,1.9459101490553132,7.930803150780257,6.140832378758805,1,High-Value Active Customers,1.5607,0.0861
12390,80,1,549.84,549.84,4.394449154672439,0.6931471805599453,6.311444385858925,6.311444385858925,0,Low-Engagement / Lapsed Spenders,-0.9371,0.0069
12391,22,1,439.66,439.66,3.1354942159291497,0.6931471805599453,6.0882736030360425,6.0882736030360425,0,Low-Engagement / Lapsed Spenders,-0.562,-0.8725
12393,72,4,1582.6000000000001,395.65,4.290459441148391,1.6094379124341003,7.3674560152319755,5.9830542797480115,1,High-Value Active Customers,0.4325,0.676
12394,64,2,1272.48,636.24,4.174387269895637,1.0986122886681096,7.149508589545504,6.4571463507046944,0,Low-Engagement / Lapsed Spenders,-0.0888,0.3277
12395,19,12,3018.63,251.55,2.995732273553991,2.5649493574615367,8.012889586306857,5.531609248914061,1,High-Value Active Customers,2.0977,0.4558
12397,36,2,2409.9,1204.95,3.6109179126442243,1.0986122886681096,7.7877554007552545,7.095022917057849,1,High-Value Active Customers,0.4291,0.2029
12398,46,1,1635.6599999999999,1635.66,3.8501476017100584,0.6931471805599453,7.4004128587924045,7.400412858792405,0,Low-Engagement / Lapsed Spenders,-0.2128,0.0584
12399,119,4,1108.65,277.16,4.787491742782046,1.6094379124341003,7.011799929268738,5.628196487699606,0,Low-Engagement / Lapsed Spenders,0.074,0.8616
12401,303,1,84.3,84.3,5.717027701406222,0.6931471805599453,4.446174454497633,4.446174454497633,0,Low-Engagement / Lapsed Spenders,-2.3267,0.166
12402,323,1,225.6,225.6,5.780743515792329,0.6931471805599453,5.423186348593906,5.423186348593906,0,Low-Engagement / Lapsed Spenders,-1.8878,0.5622
12403,50,1,427.7,427.7,3.9318256327243257,0.6931471805599453,6.0607573736039315,6.0607573736039315,0,Low-Engagement / Lapsed Spenders,-0.8792,-0.3777
12405,149,1,1710.39,1710.39,5.0106352940962555,0.6931471805599453,7.445061184797548,7.445061184797548,0,Low-Engagement / Lapsed Spenders,-0.635,0.8104
12406,22,2,3415.3,1707.65,3.1354942159291497,1.0986122886681096,8.136313373066384,7.443458864014031,1,High-Value Active Customers,0.776,0.0285
12407,50,5,1708.1200000000001,341.62,3.9318256327243257,1.791759469228055,7.4437338971514055,5.8366219613023125,1,High-Value Active Customers,0.7706,0.5462
12408,33,5,2888.55,577.71,3.5263605246161616,1.791759469228055,7.968856059639959,6.360801488541086,1,High-Value Active Customers,1.1745,0.4804
12409,79,3,11072.67,3690.89,4.382026634673881,1.3862943611198906,9.312325497408466,8.213893801029375,1,High-Value Active Customers,1.1177,1.3571
12410,309,2,693.3299999999999,346.66,5.736572297479192,1.0986122886681096,6.542947351813216,5.851224990693394,0,Low-Engagement / Lapsed Spenders,-0.9731,1.0971
12412,75,3,1226.88,408.96,4.330733340286331,1.3862943611198906,7.1130443840624835,6.016059593963362,0,Low-Engagement / Lapsed Spenders,0.0945,0.5236
12413,67,3,758.1,252.7,4.219507705176107,1.3862943611198906,6.632133521022722,5.536152466605236,0,Low-Engagement / Lapsed Spenders,-0.091,0.2779
12414,217,3,562.41,187.47,5.384495062789089,1.3862943611198906,6.334007604663525,5.238938843028537,0,Low-Engagement / Lapsed Spenders,-0.6774,0.9078
12415,24,21,124914.53,5948.31,3.2188758248682006,3.091042453358316,11.735393027855736,8.6910305254285,1,High-Value Active Customers,4.2535,2.1543
12417,3,9,3649.1,405.46,1.3862943611198906,2.302585092994046,8.202509843461513,6.007485523162161,1,High-Value Active Customers,2.565,-0.5957
12418,113,1,668.58,668.58,4.736198448394496,0.6931471805599453,6.506650650150935,6.506650650150935,0,Low-Engagement / Lapsed Spenders,-0.9751,0.2946
12420,64,1,600.39,600.39,4.174387269895637,0.6931471805599453,6.3992436425478765,6.3992436425478765,0,Low-Engagement / Lapsed Spenders,-0.8114,-0.1007
12421,16,4,807.04,201.76,2.833213344056216,1.6094379124341003,6.69461156224626,5.312023013604149,1,High-Value Active Customers,0.6701,-0.4928
12422,96,3,803.5600000000001,267.85,4.574710978503383,1.3862943611198906,6.690295544136225,5.594153603255688,0,Low-Engagement / Lapsed Spenders,-0.1991,0.5243
12423,1,8,1859.31,232.41,0.6931471805599453,2.1972245773362196,7.528498419486568,5.452796563836095,1,High-Value Active Customers,2.4148,-1.3209
12424,163,2,1760.96,880.48,5.099866427824199,1.0986122886681096,7.474182104762846,6.781602312981556,0,Low-Engagement / Lapsed Spenders,-0.2884,1.0326
12425,78,1,777.2,777.2,4.3694478524670215,0.6931471805599453,6.6569835605504535,6.6569835605504535,0,Low-Engagement / Lapsed Spenders,-0.7637,0.1169
12426,195,1,582.73,582.73,5.278114659230518,0.6931471805599453,6.369438547154207,6.369438547154207,0,Low-Engagement / Lapsed Spenders,-1.2472,0.5882
12427,22,3,825.8,275.27,3.1354942159291497,1.3862943611198906,6.717562827807613,5.621378648401385,1,High-Value Active Customers,0.3636,-0.3782
12428,26,9,7956.46,884.05,3.295836866004329,2.302585092994046,8.981865132439246,6.7856441405871655,1,High-Value Active Customers,2.2051,0.8986
12429,9,4,3750.4,937.6,2.302585092994046,1.6094379124341003,8.22988438262624,6.844389403360317,1,High-Value Active Customers,1.6007,-0.27
12430,43,1,256.4,256.4,3.784189633918261,0.6931471805599453,5.5506312951620265,5.5506312951620265,0,Low-Engagement / Lapsed Spenders,-1.0647,-0.6571
12431,36,15,6419.95,428.0,3.6109179126442243,2.772588722239781,8.767321360814657,6.061456918928017,1,High-Value Active Customers,2.4083,1.2
12432,43,5,5059.32,1011.86,3.784189633918261,1.791759469228055,8.529185001388596,6.920533291341353,1,High-Value Active Customers,1.3417,0.8479
12433,1,7,13375.87,1910.84,0.6931471805599453,2.0794415416798357,9.50128237507538,7.555821408101444,1,High-Value Active Customers,3.2437,-0.6475
12434,85,2,806.14,403.07,4.454347296253507,1.0986122886681096,6.6934971352559,6.001588130278833,0,Low-Engagement / Lapsed Spenders,-0.4119,0.3391
12435,80,2,7829.89,3914.94,4.394449154672439,1.0986122886681096,8.965831447914955,8.272810681776127,1,High-Value Active Customers,0.6884,1.1287
12436,100,1,509.01,509.01,4.61512051684126,0.6931471805599453,6.234430333369278,6.234430333369278,0,Low-Engagement / Lapsed Spenders,-1.0579,0.1187
12437,2,18,4951.41,275.08,1.0986122886681096,2.9444389791664403,8.507629605767502,5.620690678789748,1,High-Value Active Customers,3.4003,-0.4215
12438,14,2,2906.85,1453.42,2.70805020110221,1.0986122886681096,7.9751692554798295,7.2823624747038025,1,High-Value Active Customers,0.8629,-0.3012
12441,367,1,173.55,173.55,5.908082938168931,0.6931471805599453,5.162211233551045,5.162211233551045,0,Low-Engagement / Lapsed Spenders,-2.0602,0.5479
12442,3,1,172.06,172.06,1.3862943611198906,0.6931471805599453,5.153638355178593,5.153638355178593,0,Low-Engagement / Lapsed Spenders,-0.337,-2.3218
12444,21,5,5005.46,1001.09,3.091042453358316,1.791759469228055,8.518484357502437,6.909843097970485,1,High-Value Active Customers,1.6014,0.4046
12445,22,1,133.4,133.4,3.1354942159291497,0.6931471805599453,4.900820428089049,4.900820428089049,0,Low-Engagement / Lapsed Spenders,-1.125,-1.305
12446,58,1,1002.3100000000001,1002.31,4.07753744390572,0.6931471805599453,6.9110598129904375,6.9110598129904375,0,Low-Engagement / Lapsed Spenders,-0.5317,0.0243
12447,243,1,476.49,476.49,5.497168225293202,0.6931471805599453,6.168543217293113,6.168543217293113,0,Low-Engagement / Lapsed Spenders,-1.4261,0.6539
12448,44,1,449.45,449.45,3.8066624897703196,0.6931471805599453,6.110247083097449,6.110247083097449,0,Low-Engagement / Lapsed Spenders,-0.808,-0.439
12449,22,4,4067.29,1016.82,3.1354942159291497,1.6094379124341003,8.310978042729836,6.925418364187647,1,High-Value Active Customers,1.321,0.2875
12450,156,2,197.88,98.94,5.056245805348308,1.0986122886681096,5.292701627762401,4.604570005916059,0,Low-Engagement / Lapsed Spenders,-1.3061,0.2105
12451,11,5,9035.52,1807.1,2.4849066497880004,1.791759469228055,9.109029423519523,7.500031849157108,1,High-Value Active Customers,2.1129,0.2355
12452,17,2,430.57,215.28,2.8903717578961645,1.0986122886681096,6.067429722163682,5.376573864513804,0,Low-Engagement / Lapsed Spenders,-0.1114,-0.8804
12453,134,1,707.09,707.09,4.90527477843843,0.6931471805599453,6.562571204258897,6.562571204258897,0,Low-Engagement / Lapsed Spenders,-1.0132,0.4222
12454,56,1,3528.34,3528.34,4.04305126783455,0.6931471805599453,8.168866163607964,8.168866163607964,0,Low-Engagement / Lapsed Spenders,0.0778,0.4606
12455,73,6,2466.86,411.14,4.304065093204169,1.9459101490553132,7.81110665732229,6.021363097453845,1,High-Value Active Customers,0.9421,0.975
12456,44,3,3181.04,1060.35,3.8066624897703196,1.3862943611198906,8.065277779528966,6.967296961690453,1,High-Value Active Customers,0.7462,0.5381
12457,66,7,2363.23,337.6,4.204692619390966,2.0794415416798357,7.768207666517555,5.824819469699035,1,High-Value Active Customers,1.0805,0.9474
12458,71,2,947.4,473.7,4.276666119016055,1.0986122886681096,6.854776354191251,6.162683025557272,0,Low-Engagement / Lapsed Spenders,-0.2676,0.2852
12461,94,2,826.88,413.44,4.553876891600541,1.0986122886681096,6.718868216346018,6.026928211383551,0,Low-Engagement / Lapsed Spenders,-0.4379,0.4114
12462,19,2,1189.59,594.79,2.995732273553991,1.0986122886681096,7.082204261557526,6.389888255982569,1,High-Value Active Customers,0.3296,-0.444
12463,53,4,1344.78,336.2,3.9889840465642745,1.6094379124341003,7.204729049594601,5.8206762261277,1,High-Value Active Customers,0.4705,0.4257
12464,10,8,1212.05,151.51,2.3978952727983707,2.1972245773362196,7.100893128209941,5.027230167668092,1,High-Value Active Customers,1.5609,-0.396
12465,17,2,742.1899999999999,371.1,2.8903717578961645,1.0986122886681096,6.610951732080795,5.919162635352577,0,Low-Engagement / Lapsed Spenders,0.1464,-0.6824
12468,188,2,729.5400000000001,364.77,5.241747015059643,1.0986122886681096,6.593783986707386,5.902004720565164,0,Low-Engagement / Lapsed Spenders,-0.76,0.8019
12471,2,30,19788.65,659.62,1.0986122886681096,3.4339872044851463,9.89291435274037,6.49317878800551,1,High-Value Active Customers,4.5002,0.2703
12472,32,7,6572.11,938.87,3.4965075614664802,2.0794415416798357,8.790742363252102,6.845741567827677,1,High-Value Active Customers,1.8359,0.8709
12473,29,5,3928.0499999999997,785.61,3.4011973816621555,1.791759469228055,8.276152945361936,6.667732572858675,1,High-Value Active Customers,1.368,0.513
12474,17,18,7324.09,406.89,2.8903717578961645,2.9444389791664403,8.899060720499207,6.010997530210296,1,High-Value Active Customers,2.9015,0.857
12475,54,1,723.38,723.38,4.007333185232471,0.6931471805599453,6.585316116572351,6.585316116572351,0,Low-Engagement / Lapsed Spenders,-0.6594,-0.1388
12476,16,11,6816.42,619.67,2.833213344056216,2.4849066497880004,8.82723638014411,6.430799539723761,1,High-Value Active Customers,2.4735,0.6188
12477,23,6,13219.74,2203.29,3.1780538303479458,1.9459101490553132,9.489542087633343,7.698160740564423,1,High-Value Active Customers,2.1681,0.8724
12478,4,1,680.99,680.99,1.6094379124341003,0.6931471805599453,6.525014994979364,6.525014994979364,0,Low-Engagement / Lapsed Spenders,0.228,-1.6809
12479,11,1,527.2,527.2,2.4849066497880004,0.6931471805599453,6.269474999863032,6.269474999863032,0,Low-Engagement / Lapsed Spenders,-0.2276,-1.219
12480,28,4,3281.63,820.41,3.367295829986474,1.6094379124341003,8.096400209353131,6.71102237578485,1,High-Value Active Customers,1.1307,0.3563
12481,23,10,5579.82,557.98,3.1780538303479458,2.3978952727983707,8.62709099798378,6.326113694339732,1,High-Value Active Customers,2.1681,0.7312
12483,17,8,2484.98,310.62,2.8903717578961645,2.1972245773362196,7.8184222269860015,5.741784496789209,1,High-Value Active Customers,1.713,0.1776
12484,33,6,4527.32,754.55,3.5263605246161616,1.9459101490553132,8.418106288764006,6.627445960859769,1,High-Value Active Customers,1.527,0.703
12488,10,3,1298.66,432.89,2.3978952727983707,1.3862943611198906,7.169857970780942,6.072791045753751,1,High-Value Active Customers,0.8598,-0.681
12489,336,1,334.93,334.93,5.820082930352362,0.6931471805599453,5.816902804925467,5.816902804925467,0,Low-Engagement / Lapsed Spenders,-1.7162,0.7305
12490,5,10,5417.93,541.79,1.791759469228055,2.3978952727983707,8.597653657970227,6.296722504799114,1,High-Value Active Customers,2.6837,-0.1583
12491,39,1,460.40000000000003,460.4,3.6888794541139363,0.6931471805599453,6.134265345739653,6.134265345739653,0,Low-Engagement / Lapsed Spenders,-0.7516,-0.505
12492,63,2,263.21000000000004,131.61,4.1588830833596715,1.0986122886681096,5.5767442414854775,4.887412489689508,0,Low-Engagement / Lapsed Spenders,-0.8286,-0.255
12493,166,2,433.74,216.87,5.117993812416755,1.0986122886681096,6.0747481512447195,5.383898554638242,0,Low-Engagement / Lapsed Spenders,-0.9588,0.5344
12494,16,7,1246.1000000000001,178.01,2.833213344056216,2.0794415416798357,7.128576134926702,5.1874416702021,1,High-Value Active Customers,1.3011,-0.155
12497,82,1,1043.1,1043.1,4.418840607796598,0.6931471805599453,6.950910549296065,6.950910549296065,0,Low-Engagement / Lapsed Spenders,-0.6432,0.2552
12498,21,3,403.70000000000005,134.57,3.091042453358316,1.3862943611198906,6.00314605188182,4.909488112091298,0,Low-Engagement / Lapsed Spenders,0.0418,-0.6666
12500,23,11,4257.82,387.07,3.1780538303479458,2.4849066497880004,8.356747405587967,5.961185735722053,1,High-Value Active Customers,2.1186,0.666
12501,337,1,2169.39,2169.39,5.823045895483019,0.6931471805599453,7.682662153888476,7.682662153888476,0,Low-Engagement / Lapsed Spenders,-0.8326,1.4119
12502,96,5,3723.87,744.77,4.574710978503383,1.791759469228055,8.222787230875806,6.614417241674198,1,High-Value Active Customers,0.8944,1.2375
12504,18,2,482.04999999999995,241.02,2.9444389791664403,1.0986122886681096,6.180120167963518,5.489020367369906,0,Low-Engagement / Lapsed Spenders,-0.0786,-0.8051
12506,233,1,73.5,73.5,5.455321115357702,0.6931471805599453,4.310799125385514,4.310799125385514,0,Low-Engagement / Lapsed Spenders,-2.291,-0.0493
12507,134,3,1304.81,434.94,4.90527477843843,1.3862943611198906,7.174578816863813,6.077504619200367,0,Low-Engagement / Lapsed Spenders,-0.0958,0.9102
12508,26,2,397.88,198.94,3.295836866004329,1.0986122886681096,5.988660619775247,5.298017321539034,0,Low-Engagement / Lapsed Spenders,-0.3036,-0.652
12509,284,1,176.5,176.5,5.652489180268651,0.6931471805599453,5.178970608915471,5.178970608915471,0,Low-Engagement / Lapsed Spenders,-1.9546,0.3919
12510,143,2,982.5699999999999,491.28,4.969813299576001,1.0986122886681096,6.8911888096735625,6.199047660304136,0,Low-Engagement / Lapsed Spenders,-0.5151,0.7379
12512,66,2,132.18,66.09,4.204692619390966,1.0986122886681096,4.891701596682476,4.206035001574797,0,Low-Engagement / Lapsed Spenders,-1.1709,-0.4754
12513,113,1,612.29,612.29,4.736198448394496,0.6931471805599453,6.418837907265026,6.418837907265026,0,Low-Engagement / Lapsed Spenders,-1.0167,0.2626
12514,267,1,1017.68,1017.68,5.5909869805108565,0.6931471805599453,6.926262950537876,6.926262950537876,0,Low-Engagement / Lapsed Spenders,-1.1027,0.9893
12515,353,1,383.7,383.7,5.869296913133774,0.6931471805599453,5.95246380975825,5.95246380975825,0,Low-Engagement / Lapsed Spenders,-1.6707,0.8111
12516,78,2,1312.06,656.03,4.3694478524670215,1.0986122886681096,7.180115570136106,6.487729679542585,0,Low-Engagement / Lapsed Spenders,-0.1488,0.4625
12517,28,5,2481.6,496.32,3.367295829986474,1.791759469228055,7.817061677081847,6.2092336820847365,1,High-Value Active Customers,1.1633,0.3243
12518,1,5,2056.89,411.38,0.6931471805599453,1.791759469228055,7.629436465014086,6.021945254361569,1,High-Value Active Customers,2.0958,-1.4393
12519,64,1,330.84,330.84,4.174387269895637,0.6931471805599453,5.804652925041163,5.804652925041163,0,Low-Engagement / Lapsed Spenders,-1.0933,-0.3172
12520,79,5,2634.26,526.85,4.382026634673881,1.791759469228055,7.876737127834484,6.268812152435704,1,High-Value Active Customers,0.8039,0.9893
12521,143,1,599.68,599.68,4.969813299576001,0.6931471805599453,6.39806234681208,6.39806234681208,0,Low-Engagement / Lapsed Spenders,-1.1158,0.4032
12522,39,2,192.72,96.36,3.6888794541139363,1.0986122886681096,5.266413817535028,4.578415448679272,0,Low-Engagement / Lapsed Spenders,-0.7962,-0.6659
12523,19,11,1789.77,162.71,2.995732273553991,2.4849066497880004,7.490400973937009,5.09809656986625,1,High-Value Active Customers,1.7775,0.2349
12524,9,8,4485.72,560.72,2.302585092994046,2.1972245773362196,8.408877201532766,6.3310035050999796,1,High-Value Active Customers,2.2175,0.02
12526,1,3,1316.66,438.89,0.6931471805599453,1.3862943611198906,7.183612715167257,6.086524695657097,1,High-Value Active Customers,1.5175,-1.7567
12527,82,3,348.71000000000004,116.24,4.418840607796598,1.3862943611198906,5.857104239599851,4.764223115842691,0,Low-Engagement / Lapsed Spenders,-0.5346,0.122
12528,9,6,1933.48,322.25,2.302585092994046,1.9459101490553132,7.567593835498341,5.778426017651967,1,High-Value Active Customers,1.5912,-0.3825
12530,60,4,1662.28,415.57,4.110873864173311,1.6094379124341003,7.416546835435133,6.032054514712074,1,High-Value Active Customers,0.5243,0.5801
12531,15,1,125.22,125.22,2.772588722239781,0.6931471805599453,4.838026416156094,4.838026416156094,0,Low-Engagement / Lapsed Spenders,-1.0162,-1.5579
12532,30,1,349.83000000000004,349.83,3.4339872044851463,0.6931471805599453,5.860301775655642,5.860301775655642,0,Low-Engagement / Lapsed Spenders,-0.7841,-0.7663
12534,131,1,1089.18,1089.18,4.882801922586371,0.6931471805599453,6.9940980992041535,6.9940980992041535,0,Low-Engagement / Lapsed Spenders,-0.8,0.5651
12535,92,2,716.35,358.18,4.532599493153256,1.0986122886681096,6.575563866544399,5.88382365559059,0,Low-Engagement / Lapsed Spenders,-0.4977,0.3457
12536,43,3,12601.830000000002,4200.61,3.784189633918261,1.3862943611198906,9.441676670894656,8.343223064151342,1,High-Value Active Customers,1.4074,1.0252
12538,29,1,363.95,363.95,3.4011973816621555,0.6931471805599453,5.899760357897641,5.899760357897641,0,Low-Engagement / Lapsed Spenders,-0.7529,-0.7727
12539,22,4,5568.35,1392.09,3.1354942159291497,1.6094379124341003,8.625033629522884,7.239279580450826,1,High-Value Active Customers,1.4699,0.4019
12540,20,17,13400.24,788.25,3.044522437723423,2.8903717578961645,9.503102518971122,6.671083127438101,1,High-Value Active Customers,3.0801,1.154
12541,30,3,981.18,327.06,3.4339872044851463,1.3862943611198906,6.889774590946187,5.79319651848434,1,High-Value Active Customers,0.3312,-0.1262
12544,36,1,372.7,372.7,3.6109179126442243,0.6931471805599453,5.923453336491439,5.923453336491439,0,Low-Engagement / Lapsed Spenders,-0.8218,-0.6312
12545,75,2,1000.39,500.2,4.330733340286331,1.0986122886681096,6.9091443138264115,6.217005223021913,0,Low-Engagement / Lapsed Spenders,-0.2625,0.3393
12546,47,2,1161.5,580.75,3.8712010109078907,1.0986122886681096,7.058328137461511,6.366040802182401,0,Low-Engagement / Lapsed Spenders,-0.0162,0.1023
12547,198,2,207.79999999999998,103.9,5.293304824724492,1.0986122886681096,5.341376856008484,4.653007515402251,0,Low-Engagement / Lapsed Spenders,-1.3735,0.3785
12548,166,1,95.19999999999999,95.2,5.117993812416755,0.6931471805599453,4.566429357671661,4.566429357671661,0,Low-Engagement / Lapsed Spenders,-2.0409,-0.17
12550,79,1,964.83,964.83,4.382026634673881,0.6931471805599453,6.872987835288763,6.872987835288763,0,Low-Engagement / Lapsed Spenders,-0.6661,0.2035
12551,358,1,168.0,168.0,5.883322388488279,0.6931471805599453,5.1298987149230735,5.1298987149230735,0,Low-Engagement / Lapsed Spenders,-2.0661,0.5204
12552,39,2,437.82,218.91,3.6888794541139363,1.0986122886681096,6.084089306213804,5.393218371742757,0,Low-Engagement / Lapsed Spenders,-0.4085,-0.3681
12553,8,10,3692.28,369.23,2.1972245773362196,2.3978952727983707,8.214270231095687,5.9141244341332015,1,High-Value Active Customers,2.347,-0.0409
12556,50,2,599.56,299.78,3.9318256327243257,1.0986122886681096,6.397862553264747,5.706379100503467,0,Low-Engagement / Lapsed Spenders,-0.3525,-0.0998
12557,16,5,11990.960000000001,2398.19,2.833213344056216,1.791759469228055,9.391991704219834,7.782886459370094,1,High-Value Active Customers,2.114,0.5593
12558,8,1,269.96,269.96,2.1972245773362196,0.6931471805599453,5.601971208509516,5.601971208509516,0,Low-Engagement / Lapsed Spenders,-0.4342,-1.6444
12559,311,2,561.71,280.86,5.7430031878094825,1.0986122886681096,6.33276439774036,5.641410493763365,0,Low-Engagement / Lapsed Spenders,-1.0752,1.0246
12560,5,3,2134.01,711.34,1.791759469228055,1.3862943611198906,7.666226609492505,6.56855532552161,1,High-Value Active Customers,1.3267,-0.8845
12561,303,1,238.85,238.85,5.717027701406222,0.6931471805599453,5.480013727948073,5.480013727948073,0,Low-Engagement / Lapsed Spenders,-1.8365,0.5425
12562,8,7,3781.7400000000002,540.25,2.1972245773362196,2.0794415416798357,8.23820389374878,6.293881279316699,1,High-Value Active Customers,2.0702,-0.154
12564,261,1,456.9,456.9,5.568344503761097,0.6931471805599453,6.12665081966305,6.12665081966305,0,Low-Engagement / Lapsed Spenders,-1.4731,0.6837
12565,289,1,145.92,145.92,5.66988092298052,0.6931471805599453,4.989888220951467,4.989888220951467,0,Low-Engagement / Lapsed Spenders,-2.0509,0.3341
12566,86,1,351.65,351.65,4.465908118654584,0.6931471805599453,5.865476063654188,5.865476063654188,0,Low-Engagement / Lapsed Spenders,-1.1759,-0.1103
12567,23,10,9401.28,940.13,3.1780538303479458,2.3978952727983707,9.148707492038316,6.847081280946717,1,High-Value Active Customers,2.4154,0.9212
12569,2,32,4124.69,128.9,1.0986122886681096,3.4965075614664802,8.324988557507531,4.866764923676554,1,High-Value Active Customers,3.8133,-0.2768
12571,40,2,519.61,259.8,3.713572066704308,1.0986122886681096,6.255001200981438,5.563753830052498,0,Low-Engagement / Lapsed Spenders,-0.3369,-0.2902
12572,9,2,1020.42,510.21,2.302585092994046,1.0986122886681096,6.928949094989139,6.236780464687332,1,High-Value Active Customers,0.5217,-0.9392
12573,227,1,160.54000000000002,160.54,5.429345628954441,0.6931471805599453,5.08475279001415,5.08475279001415,0,Low-Engagement / Lapsed Spenders,-1.9141,0.2162
12574,316,1,218.45,218.45,5.75890177387728,0.6931471805599453,5.391124416134243,5.391124416134243,0,Low-Engagement / Lapsed Spenders,-1.8947,0.5367
12576,36,5,1315.83,263.17,3.6109179126442243,1.791759469228055,7.182982612166326,5.576592835300246,1,High-Value Active Customers,0.7695,0.2478
12577,35,3,626.6,208.87,3.58351893845611,1.3862943611198906,6.441903020858877,5.3464882914093295,0,Low-Engagement / Lapsed Spenders,0.0617,-0.1946
12578,21,2,2794.51,1397.26,3.091042453358316,1.0986122886681096,7.935769837637909,7.242983885473012,1,High-Value Active Customers,0.6979,-0.0727
12579,78,1,440.42,440.42,4.3694478524670215,0.6931471805599453,6.0899968031722285,6.0899968031722285,0,Low-Engagement / Lapsed Spenders,-1.0325,-0.0896
12580,247,1,415.7,415.7,5.5134287461649825,0.6931471805599453,6.032366538428407,6.032366538428407,0,Low-Engagement / Lapsed Spenders,-1.4969,0.6146
12581,40,1,197.71,197.71,3.713572066704308,0.6931471805599453,5.291846475417725,5.291846475417725,0,Low-Engagement / Lapsed Spenders,-1.1605,-0.7961
12582,239,2,511.36,255.68,5.480638923341991,1.0986122886681096,6.239027502962935,5.547830172882315,0,Low-Engagement / Lapsed Spenders,-1.0195,0.8242
12583,3,15,7281.38,485.43,1.3862943611198906,2.772588722239781,8.89321301083995,6.1870930063815495,1,High-Value Active Customers,3.3178,-0.1644
12584,4,9,2338.15,259.79,1.6094379124341003,2.302585092994046,7.757542894498013,5.563715485759083,1,High-Value Active Customers,2.2688,-0.6163
12585,234,2,2040.1,1020.05,5.459585514144159,1.0986122886681096,7.621244157199997,6.92858678856207,0,Low-Engagement / Lapsed Spenders,-0.356,1.3142
12586,17,1,196.94000000000003,196.94,2.8903717578961645,0.6931471805599453,5.2879639544685455,5.287963954468545,0,Low-Engagement / Lapsed Spenders,-0.8478,-1.3194
12587,8,1,144.0,144.0,2.1972245773362196,0.6931471805599453,4.976733742420574,4.976733742420574,0,Low-Engagement / Lapsed Spenders,-0.7306,-1.8721
12588,39,1,214.89999999999998,214.9,3.6888794541139363,0.6931471805599453,5.3748153375207615,5.3748153375207615,0,Low-Engagement / Lapsed Spenders,-1.1117,-0.7815
12589,29,2,646.68,323.34,3.4011973816621555,1.0986122886681096,6.473396747218992,5.781792348291228,0,Low-Engagement / Lapsed Spenders,-0.114,-0.4087
12590,211,2,9864.26,4932.13,5.356586274672012,1.0986122886681096,9.196774773912752,8.503728954018468,1,High-Value Active Customers,0.4304,1.8227
12591,317,1,452.84999999999997,452.85,5.762051382780177,0.6931471805599453,6.117766746972636,6.117766746972636,0,Low-Engagement / Lapsed Spenders,-1.5514,0.8033
12592,92,2,437.6,218.8,4.532599493153256,1.0986122886681096,6.083587835983788,5.392718041969521,0,Low-Engagement / Lapsed Spenders,-0.731,0.1666
12593,109,3,418.09999999999997,139.37,4.700480365792417,1.3862943611198906,6.038109554931026,4.944281793546235,0,Low-Engagement / Lapsed Spenders,-0.5564,0.3665
12594,38,10,3338.2200000000003,333.82,3.6635616461296463,2.3978952727983707,8.113492525763553,5.813593073987638,1,High-Value Active Customers,1.7391,0.8519
12596,51,2,618.27,309.14,3.9512437185814275,1.0986122886681096,6.428541364981557,5.737023808436003,0,Low-Engagement / Lapsed Spenders,-0.3454,-0.0764
12597,19,4,3811.22,952.8,2.995732273553991,1.6094379124341003,8.245966975595675,6.860454005864124,1,High-Value Active Customers,1.3436,0.1752
12598,10,8,3023.08,377.88,2.3978952727983707,2.1972245773362196,8.01436219197595,5.937219532255586,1,High-Value Active Customers,1.994,-0.0633
12599,29,7,1032.58,147.51,3.4011973816621555,2.0794415416798357,6.940783782995926,5.000652296042854,1,High-Value Active Customers,0.9951,0.1367
12600,29,10,2599.04,259.9,3.4011973816621555,2.3978952727983707,7.863282108506616,5.564137192142683,1,High-Value Active Customers,1.7207,0.5945
12601,190,5,577.0600000000001,115.41,5.25227342804663,1.791759469228055,6.359677669513258,4.75711844226015,0,Low-Engagement / Lapsed Spenders,-0.2478,0.9885
12602,59,1,153.12,153.12,4.0943445622221,0.6931471805599453,5.037731519757957,5.037731519757957,0,Low-Engagement / Lapsed Spenders,-1.4264,-0.6473
12603,22,1,739.1999999999999,739.2,3.1354942159291497,0.6931471805599453,6.606920419952056,6.606920419952056,0,Low-Engagement / Lapsed Spenders,-0.3161,-0.6836
12604,79,2,254.18,127.09,4.382026634673881,1.0986122886681096,5.541969178493598,4.852733141843045,0,Low-Engagement / Lapsed Spenders,-0.9303,-0.1262
12607,60,1,1579.51,1579.51,4.110873864173311,0.6931471805599453,7.3655028587473295,7.3655028587473295,0,Low-Engagement / Lapsed Spenders,-0.329,0.211
12609,78,3,1126.85,375.62,4.3694478524670215,1.3862943611198906,7.0280684444921455,5.931236721557496,0,Low-Engagement / Lapsed Spenders,0.0394,0.5172
12610,23,5,2099.54,419.91,3.1780538303479458,1.791759469228055,7.6499497335130995,6.042419034106791,1,High-Value Active Customers,1.1563,0.1435
12611,52,1,1193.32,1193.32,3.970291913552122,0.6931471805599453,7.085332264745334,7.085332264745334,0,Low-Engagement / Lapsed Spenders,-0.4081,0.0198
12612,74,1,704.0400000000001,704.04,4.31748811353631,0.6931471805599453,6.558254538791405,6.558254538791405,0,Low-Engagement / Lapsed Spenders,-0.7907,0.048
12613,57,5,3344.38,668.88,4.060443010546419,1.791759469228055,8.115335568501695,6.507098591866278,1,High-Value Active Customers,1.0399,0.8723
12614,278,1,315.6,315.6,5.631211781821365,0.6931471805599453,5.757639147446912,5.757639147446912,0,Low-Engagement / Lapsed Spenders,-1.6721,0.5892
12615,2,4,2291.19,572.8,1.0986122886681096,1.6094379124341003,7.73726297143202,6.352280903547264,1,High-Value Active Customers,1.8271,-1.2127
12616,95,2,713.3,356.65,4.564348191467836,1.0986122886681096,6.571303042160927,5.879554854554392,0,Low-Engagement / Lapsed Spenders,-0.5119,0.3643
12617,29,1,352.98,352.98,3.4011973816621555,0.6931471805599453,5.869240414362608,5.869240414362608,0,Low-Engagement / Lapsed Spenders,-0.7674,-0.7838
12618,22,1,177.31,177.31,3.1354942159291497,0.6931471805599453,5.183523608545955,5.183523608545955,0,Low-Engagement / Lapsed Spenders,-0.991,-1.202
12619,16,9,3641.24,404.58,2.833213344056216,2.302585092994046,8.200354155974704,6.0053181413965175,1,High-Value Active Customers,2.0112,0.3207
12620,15,3,1339.41,446.47,2.772588722239781,1.3862943611198906,7.20073081629489,6.1036094963615435,1,High-Value Active Customers,0.7313,-0.4323
12621,2,20,13689.67,684.48,1.0986122886681096,3.044522437723423,9.524469857917655,6.530119322792649,1,High-Value Active Customers,3.973,-0.0128
12622,232,1,180.1,180.1,5.4510384535657,0.6931471805599453,5.199049364889367,5.199049364889367,0,Low-Engagement / Lapsed Spenders,-1.8682,0.2715
12623,276,1,305.1,305.1,5.6240175061873385,0.6931471805599453,5.723911845951367,5.723911845951367,0,Low-Engagement / Lapsed Spenders,-1.6854,0.5723
12624,106,2,641.13,320.56,4.672828834461906,1.0986122886681096,6.464790775403018,5.77318415145976,0,Low-Engagement / Lapsed Spenders,-0.6038,0.3943
12625,212,2,2683.82,1341.91,5.3612921657094255,1.0986122886681096,7.895368965589599,7.202594180130259,0,Low-Engagement / Lapsed Spenders,-0.1885,1.3517
12626,23,9,6620.48,735.61,3.1780538303479458,2.302585092994046,8.798074188898816,6.602058579808034,1,High-Value Active Customers,2.1629,0.757
12627,11,7,4478.53,639.79,2.4849066497880004,2.0794415416798357,8.407273409191232,6.462701790139249,1,High-Value Active Customers,2.0405,0.0899
12628,4,3,786.46,262.15,1.6094379124341003,1.3862943611198906,6.668812575758953,5.5727242117997875,1,High-Value Active Customers,0.9234,-1.3634
12630,10,2,1270.88,635.44,2.3978952727983707,1.0986122886681096,7.1482513998271635,6.455890148039656,1,High-Value Active Customers,0.5892,-0.799
12631,57,1,640.5,640.5,4.060443010546419,0.6931471805599453,6.463809184055691,6.463809184055691,0,Low-Engagement / Lapsed Spenders,-0.7373,-0.1494
12633,59,4,2163.98,541.0,4.0943445622221,1.6094379124341003,7.6801664025186325,6.295266001439646,1,High-Value Active Customers,0.6556,0.6656
12635,90,2,1689.18,844.59,4.51085950651685,1.0986122886681096,7.432590311121191,6.740034608563679,0,Low-Engagement / Lapsed Spenders,-0.0831,0.6441
12637,67,8,6002.9,750.36,4.219507705176107,2.1972245773362196,8.70016453705169,6.621884897759622,1,High-Value Active Customers,1.6233,1.3413
12638,33,1,671.69,671.69,3.5263605246161616,0.6931471805599453,6.511284599453549,6.511284599453549,0,Low-Engagement / Lapsed Spenders,-0.5107,-0.4707
12639,239,1,486.1,486.1,5.480638923341991,0.6931471805599453,6.188469440812497,6.188469440812497,0,Low-Engagement / Lapsed Spenders,-1.4103,0.6506
12640,24,3,1174.58,391.53,3.2188758248682006,1.3862943611198906,7.06951692181073,5.97261296742262,1,High-Value Active Customers,0.4986,-0.1971
12641,115,1,185.9,185.9,4.7535901911063645,0.6931471805599453,5.230573714461517,5.230573714461517,0,Low-Engagement / Lapsed Spenders,-1.5868,-0.1591
12642,25,3,1013.26,337.75,3.258096538021482,1.3862943611198906,6.9219145615400475,5.825262372193911,1,High-Value Active Customers,0.4136,-0.226
12643,128,6,3344.64,557.44,4.859812404361672,1.9459101490553132,8.11541328460481,6.325147182120447,1,High-Value Active Customers,0.8741,1.4381
12644,130,1,477.91,477.91,4.875197323201151,0.6931471805599453,6.171512688316606,6.171512688316606,0,Low-Engagement / Lapsed Spenders,-1.1871,0.2607
12645,34,4,1775.18,443.8,3.5553480614894135,1.6094379124341003,7.482220269767765,6.097624742936373,1,High-Value Active Customers,0.7677,0.2518
12646,5,2,1346.97,673.48,1.791759469228055,1.0986122886681096,7.206355036031724,6.51394202361442,1,High-Value Active Customers,0.8483,-1.162
12647,22,12,3722.82,310.24,3.1354942159291497,2.5649493574615367,8.222505302105255,5.74056431874873,1,High-Value Active Customers,2.1437,0.6208
12648,155,1,318.05,318.05,5.049856007249537,0.6931471805599453,5.765347830314356,5.765347830314356,0,Low-Engagement / Lapsed Spenders,-1.4464,0.2235
12649,107,3,623.51,207.84,4.68213122712422,1.3862943611198906,6.4369673422476765,5.341568408542352,0,Low-Engagement / Lapsed Spenders,-0.3603,0.5001
12650,3,1,314.44,314.44,1.3862943611198906,0.6931471805599453,5.753968489569372,5.753968489569372,0,Low-Engagement / Lapsed Spenders,-0.0523,-2.1031
12651,335,1,114.0,114.0,5.817111159963204,0.6931471805599453,4.74493212836325,4.74493212836325,0,Low-Engagement / Lapsed Spenders,-2.2233,0.3382
12652,331,1,919.98,919.98,5.805134968916488,0.6931471805599453,6.82543832049292,6.82543832049292,0,Low-Engagement / Lapsed Spenders,-1.2323,1.0883
12653,149,2,2209.85,1104.92,5.0106352940962555,1.0986122886681096,7.701132335950876,7.008432846735581,0,Low-Engagement / Lapsed Spenders,-0.1467,1.0587
12654,11,5,601.98,120.4,2.4849066497880004,1.791759469228055,6.401884028681278,4.799090878625398,1,High-Value Active Customers,0.8293,-0.7505
12656,17,5,4051.17,810.23,2.8903717578961645,1.791759469228055,8.30700781907883,6.698551614401613,1,High-Value Active Customers,1.5778,0.2004
12657,11,4,1643.18,410.8,2.4849066497880004,1.6094379124341003,7.4049970586737315,6.0205377945936895,1,High-Value Active Customers,1.14,-0.4549
12658,19,1,686.05,686.05,2.995732273553991,0.6931471805599453,6.532407069777784,6.532407069777784,0,Low-Engagement / Lapsed Spenders,-0.298,-0.7994
12659,30,1,91.68,91.68,3.4339872044851463,0.6931471805599453,4.529152699564175,4.529152699564175,0,Low-Engagement / Lapsed Spenders,-1.4153,-1.2511
12660,11,1,245.1,245.1,2.4849066497880004,0.6931471805599453,5.50573795739701,5.50573795739701,0,Low-Engagement / Lapsed Spenders,-0.5897,-1.4971
12662,1,11,3849.78,349.98,0.6931471805599453,2.4849066497880004,8.256031004164345,5.860729241785461,1,High-Value Active Customers,3.0201,-0.9459
12664,8,9,4881.88,542.43,2.1972245773362196,2.302585092994046,8.49349048870337,6.297900903418289,1,High-Value Active Customers,2.3932,0.0243
12665,325,1,63.0,63.0,5.786897381366708,0.6931471805599453,4.1588830833596715,4.1588830833596715,0,Low-Engagement / Lapsed Spenders,-2.4897,0.1056
12667,58,1,620.13,620.13,4.07753744390572,0.6931471805599453,6.431540399799522,6.431540399799522,0,Low-Engagement / Lapsed Spenders,-0.7591,-0.1503
12668,12,4,3807.15,951.79,2.5649493574615367,1.6094379124341003,8.244898785891763,6.859394522603981,1,High-Value Active Customers,1.5076,-0.0983
12669,151,3,2744.0299999999997,914.68,5.0238805208462765,1.3862943611198906,7.917547282845659,6.819666958660792,0,Low-Engagement / Lapsed Spenders,0.2112,1.256
12670,10,5,2996.05,599.21,2.3978952727983707,1.791759469228055,8.005383750527514,6.397279593980434,1,High-Value Active Customers,1.6229,-0.2216
12672,330,1,225.89999999999998,225.9,5.802118375377063,0.6931471805599453,5.424509391785796,5.424509391785796,0,Low-Engagement / Lapsed Spenders,-1.8954,0.5762
12673,5,2,610.52,305.26,1.791759469228055,1.0986122886681096,6.415947661051908,5.724434414387062,1,High-Value Active Customers,0.4736,-1.4499
12674,39,4,1970.6,492.65,3.6888794541139363,1.6094379124341003,7.586600674831223,6.201826764057459,1,High-Value Active Customers,0.7662,0.3745
12676,25,6,1331.39,221.9,3.258096538021482,1.9459101490553132,7.194729601037682,5.406723240391823,1,High-Value Active Customers,1.0494,0.0874
12678,42,12,17628.46,1469.04,3.7612001156935624,2.5649493574615367,9.777326645314199,7.293044890286926,1,High-Value Active Customers,2.6419,1.5837
12679,59,4,1113.02,278.26,4.0943445622221,1.6094379124341003,7.015730373647435,5.6321432475140485,1,High-Value Active Customers,0.3406,0.4236
12680,1,4,862.81,215.7,0.6931471805599453,1.6094379124341003,6.761352837213469,5.378513908542313,1,High-Value Active Customers,1.5192,-1.8252
12681,15,22,13787.54,626.71,2.772588722239781,3.1354942159291497,9.531593091360708,6.4420782763739,1,High-Value Active Customers,3.4193,1.0857
12682,4,31,12279.82,396.12,1.6094379124341003,3.4657359027997265,9.415793974716065,5.984238502016242,1,High-Value Active Customers,4.1075,0.4325
12683,4,15,8476.57,565.1,1.6094379124341003,2.772588722239781,9.045179131116987,6.338770741042614,1,High-Value Active Customers,3.3046,0.0324
12684,8,7,2283.63,326.23,2.1972245773362196,2.0794415416798357,7.733959364615189,5.790663287567157,1,High-Value Active Customers,1.8311,-0.3377
12685,28,6,2863.08,477.18,3.367295829986474,1.9459101490553132,7.960002460651312,6.169987230644788,1,High-Value Active Customers,1.3705,0.4353
12686,372,1,89.14,89.14,5.921578419643816,0.6931471805599453,4.501364017262502,4.501364017262502,0,Low-Engagement / Lapsed Spenders,-2.3787,0.3157
12688,114,1,4873.8099999999995,4873.81,4.74493212836325,0.6931471805599453,8.491836408313453,8.491836408313453,0,Low-Engagement / Lapsed Spenders,-0.0371,1.0232
12689,26,2,1247.61,623.8,3.295836866004329,1.0986122886681096,7.1297862115656185,6.437431598525476,0,Low-Engagement / Lapsed Spenders,0.2375,-0.2364
12690,206,1,389.01,389.01,5.332718793265369,0.6931471805599453,5.966172379820607,5.966172379820607,0,Low-Engagement / Lapsed Spenders,-1.4592,0.4759
12691,28,6,1035.8,172.63,3.367295829986474,1.9459101490553132,6.94389432559801,5.156926598356047,1,High-Value Active Customers,0.8887,0.0653
12693,127,4,855.91,213.98,4.852030263919617,1.6094379124341003,6.753332895580138,5.370545000544918,0,Low-Engagement / Lapsed Spenders,-0.0733,0.8084
12694,70,2,869.67,434.84,4.2626798770413155,1.0986122886681096,6.769263030204804,6.077275203521093,0,Low-Engagement / Lapsed Spenders,-0.3028,0.2452
12695,7,4,582.1,145.52,2.0794415416798357,1.6094379124341003,6.368358698228111,4.987161937910614,1,High-Value Active Customers,0.8033,-1.0895
12697,29,3,957.59,319.2,3.4011973816621555,1.3862943611198906,6.865463454791294,5.768945800562614,1,High-Value Active Customers,0.3322,-0.1559
12700,8,4,4939.99,1235.0,2.1972245773362196,1.6094379124341003,8.505320994961897,7.119635638017636,1,High-Value Active Customers,1.7716,-0.2365
12701,80,2,797.71,398.86,4.394449154672439,1.0986122886681096,6.682997926190526,5.991114485843687,0,Low-Engagement / Lapsed Spenders,-0.394,0.2973
12702,20,1,219.0,219.0,3.044522437723423,0.6931471805599453,5.393627546352361,5.393627546352361,0,Low-Engagement / Lapsed Spenders,-0.8566,-1.1832
12703,71,1,283.55,283.55,4.276666119016055,0.6931471805599453,5.650908985049133,5.650908985049133,0,Low-Engagement / Lapsed Spenders,-1.2053,-0.3084
12704,7,8,2340.84,292.6,2.0794415416798357,2.1972245773362196,7.758692224146705,5.682218296740361,1,High-Value Active Customers,1.9944,-0.3583
12705,15,9,6868.29,763.14,2.772588722239781,2.302585092994046,8.834816031986259,6.638751018452308,1,High-Value Active Customers,2.3352,0.5134
12707,292,1,603.42,603.42,5.680172609017068,0.6931471805599453,6.404269320519532,6.404269320519532,0,Low-Engagement / Lapsed Spenders,-1.3842,0.8557
12708,30,10,2712.91,271.29,3.4339872044851463,2.3978952727983707,7.906145678459555,5.606867674804115,1,High-Value Active Customers,1.7285,0.6309
12709,15,15,9706.52,647.1,2.772588722239781,2.772588722239781,9.180656121866384,6.474045005433671,1,High-Value Active Customers,2.9245,0.8191
12710,97,3,1149.02,383.01,4.584967478670572,1.3862943611198906,7.047534612510416,5.950668593915315,0,Low-Engagement / Lapsed Spenders,-0.0337,0.6609
12712,29,13,4396.13,338.16,3.4011973816621555,2.639057329615259,8.388707334356674,5.826471972435803,1,High-Value Active Customers,2.188,0.8781
12713,1,1,848.55,848.55,0.6931471805599453,0.6931471805599453,6.744706797531768,6.744706797531768,1,High-Value Active Customers,0.6822,-2.1817
12714,9,5,4708.86,941.77,2.302585092994046,1.791759469228055,8.45741346257719,6.848822350445396,1,High-Value Active Customers,1.8736,-0.1174
12715,106,1,343.36,343.36,4.672828834461906,0.6931471805599453,5.841687621789754,5.841687621789754,0,Low-Engagement / Lapsed Spenders,-1.2662,0.0122
12716,4,2,1053.49,526.74,1.6094379124341003,1.0986122886681096,6.960812516706486,6.268603738183204,1,High-Value Active Customers,0.8016,-1.3671
12717,151,2,1030.98,515.49,5.0238805208462765,1.0986122886681096,6.939234566008755,6.247055927288044,0,Low-Engagement / Lapsed Spenders,-0.513,0.7896
12718,71,1,238.25,238.25,4.276666119016055,0.6931471805599453,5.477509030333064,5.477509030333064,0,Low-Engagement / Lapsed Spenders,-1.2875,-0.3715
12719,5,2,644.95,322.48,1.791759469228055,1.0986122886681096,6.47072210140631,5.779137288227622,1,High-Value Active Customers,0.4995,-1.43
12720,3,25,5781.73,231.27,1.3862943611198906,3.258096538021482,8.662631168498326,5.447900488087526,1,High-Value Active Customers,3.6478,-0.0627
12721,32,6,2656.13,442.69,3.4965075614664802,1.9459101490553132,7.885001871924596,6.095126120380153,1,High-Value Active Customers,1.2856,0.4899
12722,85,4,997.63,249.41,4.454347296253507,1.6094379124341003,6.906384339674138,5.523099574530755,0,Low-Engagement / Lapsed Spenders,0.1512,0.612
12723,4,5,725.07,145.01,1.6094379124341003,1.791759469228055,6.587646428909592,4.983675112513472,1,High-Value Active Customers,1.2518,-1.2378
12724,5,4,1031.41,257.85,1.791759469228055,1.6094379124341003,6.9396511539657,5.55624874334791,1,High-Value Active Customers,1.1841,-1.0638
12725,371,1,427.8,427.8,5.918893854273146,0.6931471805599453,6.060990609756592,6.060990609756592,0,Low-Engagement / Lapsed Spenders,-1.6382,0.882
12726,28,7,2609.1,372.73,3.367295829986474,2.0794415416798357,7.867143813759015,5.923533611567408,1,High-Value Active Customers,1.4473,0.4526
12727,11,7,3980.7,568.67,2.4849066497880004,2.0794415416798357,8.2894641427604,6.345057245805435,1,High-Value Active Customers,1.9846,0.047
12728,71,4,836.33,209.08,4.276666119016055,1.6094379124341003,6.7302182580203365,5.347488410554486,0,Low-Engagement / Lapsed Spenders,0.1356,0.4352
12729,114,1,453.01,453.01,4.74493212836325,0.6931471805599453,6.118119224230488,6.118119224230488,0,Low-Engagement / Lapsed Spenders,-1.1626,0.1586
12731,24,12,18895.91,1574.66,3.2188758248682006,2.5649493574615367,9.846753695617958,7.362429511102849,1,High-Value Active Customers,2.882,1.2652
12732,180,1,236.26000000000002,236.26,5.198497031265826,0.6931471805599453,5.469156586232957,5.469156586232957,0,Low-Engagement / Lapsed Spenders,-1.6436,0.2098
12733,234,1,383.95,383.95,5.459585514144159,0.6931471805599453,5.953113455724059,5.953113455724059,0,Low-Engagement / Lapsed Spenders,-1.5139,0.5516
12734,353,1,110.39999999999999,110.4,5.869296913133774,0.6931471805599453,4.713127327493184,4.713127327493184,0,Low-Engagement / Lapsed Spenders,-2.2583,0.3597
12735,315,2,779.5699999999999,389.78,5.755742213586912,1.0986122886681096,6.660024422032584,5.968144741786365,0,Low-Engagement / Lapsed Spenders,-0.9249,1.1519
12736,333,1,234.0,234.0,5.8111409929767,0.6931471805599453,5.459585514144159,5.459585514144159,0,Low-Engagement / Lapsed Spenders,-1.8822,0.5947
12738,372,1,155.35,155.35,5.921578419643816,0.6931471805599453,5.05209708390385,5.05209708390385,0,Low-Engagement / Lapsed Spenders,-2.1176,0.5163
12739,78,2,1013.04,506.52,4.3694478524670215,1.0986122886681096,6.921697631104842,6.229536119006428,0,Low-Engagement / Lapsed Spenders,-0.2713,0.3684
12740,64,1,427.6,427.6,4.174387269895637,0.6931471805599453,6.060524083039477,6.060524083039477,0,Low-Engagement / Lapsed Spenders,-0.972,-0.224
12743,134,2,540.13,270.06,4.90527477843843,1.0986122886681096,6.293659545728696,5.60234019858787,0,Low-Engagement / Lapsed Spenders,-0.7738,0.4793
12744,52,7,21279.29,3039.9,3.970291913552122,2.0794415416798357,9.965536571182271,8.019908803216914,1,High-Value Active Customers,2.2119,1.5991
12747,2,11,4196.01,381.46,1.0986122886681096,2.4849066497880004,8.342127645985029,5.946624072634828,1,High-Value Active Customers,2.9061,-0.6575
12748,1,209,33053.19,158.15,0.6931471805599453,5.3471075307174685,10.405903614853912,5.069847153728102,1,High-Value Active Customers,6.6294,0.9319
12749,4,5,4090.88,818.18,1.6094379124341003,1.791759469228055,8.316759801128319,6.7083038399247155,1,High-Value Active Customers,2.0717,-0.6081
12750,129,1,275.88,275.88,4.867534450455582,0.6931471805599453,5.623584199327089,5.623584199327089,0,Low-Engagement / Lapsed Spenders,-1.444,0.0562
12752,81,1,4366.78,4366.78,4.406719247264253,0.6931471805599453,8.38201014985595,8.38201014985595,0,Low-Engagement / Lapsed Spenders,0.04,0.7687
12753,23,6,21429.39,3571.56,3.1780538303479458,1.9459101490553132,9.972565287088774,8.1810377046245,1,High-Value Active Customers,2.3971,1.0483
12754,236,3,3010.74,1003.58,5.4680601411351315,1.3862943611198906,8.010273263812737,6.912324822696507,0,Low-Engagement / Lapsed Spenders,0.0855,1.5713
12755,281,2,3811.95,1905.98,5.641907070938114,1.0986122886681096,8.246158446737232,7.553276117868443,0,Low-Engagement / Lapsed Spenders,-0.1294,1.6574
12756,87,1,112.07999999999998,112.08,4.477336814478207,0.6931471805599453,4.72809553282539,4.72809553282539,0,Low-Engagement / Lapsed Spenders,-1.7195,-0.5173
12757,16,13,7834.650000000001,602.67,2.833213344056216,2.639057329615259,8.966439112421154,6.4030276910112125,1,High-Value Active Customers,2.6789,0.7284
12758,117,2,2791.59,1395.8,4.770684624465665,1.0986122886681096,7.934724759609325,7.241939185085338,0,Low-Engagement / Lapsed Spenders,0.0558,0.9917
12759,52,3,1531.44,510.48,3.970291913552122,1.3862943611198906,7.334616515331031,6.237308483942967,1,High-Value Active Customers,0.3373,0.3758
12762,8,2,1898.52,949.26,2.1972245773362196,1.0986122886681096,7.549356501658852,6.856735631360421,1,High-Value Active Customers,0.8561,-0.7801
12763,138,2,494.08,247.04,4.9344739331306915,1.0986122886681096,6.204719365671822,5.513590023481677,0,Low-Engagement / Lapsed Spenders,-0.8271,0.4654
12764,317,1,1693.88,1693.88,5.762051382780177,0.6931471805599453,7.435367220848186,7.435367220848186,0,Low-Engagement / Lapsed Spenders,-0.9266,1.2832
12766,4,7,6989.63,998.52,1.6094379124341003,2.0794415416798357,8.852325959921869,6.907275163745259,1,High-Value Active Customers,2.5859,-0.303
12769,239,1,1143.6,1143.6,5.480638923341991,0.6931471805599453,7.042810509975002,7.042810509975002,0,Low-Engagement / Lapsed Spenders,-1.0052,0.9618
12770,211,1,1351.45,1351.45,5.356586274672012,0.6931471805599453,7.209673041460572,7.209673041460572,0,Low-Engagement / Lapsed Spenders,-0.8787,0.9439
12772,60,1,892.47,892.47,4.110873864173311,0.6931471805599453,6.795112758210396,6.795112758210396,0,Low-Engagement / Lapsed Spenders,-0.5994,0.0032
12775,17,5,1386.04,277.21,2.8903717578961645,1.791759469228055,7.23492725912033,5.628376224206372,1,High-Value Active Customers,1.0694,-0.19
12778,20,6,822.23,137.04,3.044522437723423,1.9459101490553132,6.713235627004493,4.927543498229802,1,High-Value Active Customers,0.9027,-0.2234
12779,38,8,3981.36,497.67,3.6635616461296463,2.1972245773362196,8.289629887368429,6.21194455433595,1,High-Value Active Customers,1.641,0.8393
12781,64,2,826.74,413.37,4.174387269895637,1.0986122886681096,6.718699095412067,6.0267592945023205,0,Low-Engagement / Lapsed Spenders,-0.293,0.1708
12782,5,5,2330.92,466.18,1.791759469228055,1.791759469228055,7.754447241564618,6.146714622378541,1,High-Value Active Customers,1.7354,-0.6973
12783,2,6,2225.91,370.98,1.0986122886681096,1.9459101490553132,7.708370253328926,5.918840089386981,1,High-Value Active Customers,2.1178,-1.0945
12784,9,2,532.8199999999999,266.41,2.302585092994046,1.0986122886681096,6.280058703484731,5.588783061126403,0,Low-Engagement / Lapsed Spenders,0.214,-1.1756
12785,364,1,311.95,311.95,5.8998973535824915,0.6931471805599453,5.74604343337071,5.74604343337071,0,Low-Engagement / Lapsed Spenders,-1.7803,0.7553
12787,10,3,463.66,154.55,2.3978952727983707,1.3862943611198906,6.141305955347142,5.046967223343646,1,High-Value Active Customers,0.3721,-1.0556
12789,65,1,91.85,91.85,4.189654742026425,0.6931471805599453,4.530985287798715,4.530985287798715,0,Low-Engagement / Lapsed Spenders,-1.7031,-0.7714
12790,192,1,324.92,324.92,5.262690188904886,0.6931471805599453,5.786651952478496,5.786651952478496,0,Low-Engagement / Lapsed Spenders,-1.5176,0.3661
12791,374,1,192.60000000000002,192.6,5.926926025970411,0.6931471805599453,5.265794174842477,5.265794174842476,0,Low-Engagement / Lapsed Spenders,-2.0183,0.5975
12792,257,1,400.53999999999996,400.54,5.552959584921617,0.6931471805599453,5.995307154825432,5.995307154825432,0,Low-Engagement / Lapsed Spenders,-1.5295,0.6261
12793,335,2,545.48,272.74,5.817111159963204,1.0986122886681096,6.303497710423594,5.61217875078312,0,Low-Engagement / Lapsed Spenders,-1.1174,1.0609
12794,53,2,860.41,430.2,3.9889840465642745,1.0986122886681096,6.758570581561217,6.066572019594787,0,Low-Engagement / Lapsed Spenders,-0.2033,0.0678
12795,19,1,430.48,430.48,2.995732273553991,0.6931471805599453,6.067221159507229,6.067221159507229,0,Low-Engagement / Lapsed Spenders,-0.5186,-0.9688
12797,366,1,254.03,254.03,5.905361848054571,0.6931471805599453,5.541381185297377,5.541381185297377,0,Low-Engagement / Lapsed Spenders,-1.8794,0.6842
12798,10,3,6977.04,2325.68,2.3978952727983707,1.3862943611198906,8.85052335403181,7.752197637730914,1,High-Value Active Customers,1.6567,-0.0689
12802,187,1,427.58,427.58,5.236441962829949,0.6931471805599453,6.060477418394936,6.060477418394936,0,Low-Engagement / Lapsed Spenders,-1.3777,0.4492
12808,37,3,483.65000000000003,161.22,3.6375861597263857,1.3862943611198906,6.183426980938617,5.088953438642199,0,Low-Engagement / Lapsed Spenders,-0.0815,-0.2544
12809,178,1,489.31,489.31,5.187385805840755,0.6931471805599453,6.1950378441253156,6.1950378441253156,0,Low-Engagement / Lapsed Spenders,-1.2952,0.4671
12811,261,3,514.85,171.62,5.568344503761097,1.3862943611198906,6.245816025546385,5.151092646791511,0,Low-Engagement / Lapsed Spenders,-0.7894,0.9923
12812,45,1,229.64000000000001,229.64,3.828641396489095,0.6931471805599453,5.440858053330147,5.440858053330147,0,Low-Engagement / Lapsed Spenders,-1.1338,-0.6689
12814,102,1,125.92,125.92,4.634728988229636,0.6931471805599453,4.843556966714995,4.843556966714995,0,Low-Engagement / Lapsed Spenders,-1.7249,-0.3754
12815,148,2,1063.46,531.73,5.003946305945459,1.0986122886681096,6.970222907300612,6.278014729213508,0,Low-Engagement / Lapsed Spenders,-0.4907,0.7883
12816,96,2,572.2,286.1,4.574710978503383,1.0986122886681096,6.351234695954017,5.6598305871270185,0,Low-Engagement / Lapsed Spenders,-0.6202,0.2907
12817,281,1,166.04,166.04,5.641907070938114,0.6931471805599453,5.118233304694273,5.118233304694273,0,Low-Engagement / Lapsed Spenders,-1.9794,0.3631
12818,262,1,1542.08,1542.08,5.572154032177765,0.6931471805599453,7.341535698070348,7.341535698070348,0,Low-Engagement / Lapsed Spenders,-0.8986,1.1286
12820,3,4,942.34,235.58,1.3862943611198906,1.6094379124341003,6.849426769082011,5.4662864171175904,1,High-Value Active Customers,1.2962,-1.3537
12821,214,1,92.72,92.72,5.3706380281276624,0.6931471805599453,4.540311613639595,4.540311613639595,0,Low-Engagement / Lapsed Spenders,-2.1498,-0.0194
12822,71,2,948.88,474.44,4.276666119016055,1.0986122886681096,6.856335660826602,6.1642406910584056,0,Low-Engagement / Lapsed Spenders,-0.2669,0.2857
12823,75,5,1759.5,351.9,4.330733340286331,1.791759469228055,7.473353138595107,5.8661847306812245,1,High-Value Active Customers,0.6323,0.8099
12824,60,1,397.12,397.12,4.110873864173311,0.6931471805599453,5.986753467377863,5.986753467377863,0,Low-Engagement / Lapsed Spenders,-0.9827,-0.2912
12826,3,7,1474.72,210.67,1.3862943611198906,2.0794415416798357,7.296901285267718,5.355028458132079,1,High-Value Active Customers,1.9337,-1.0109
12827,6,3,430.15000000000003,143.38,1.9459101490553132,1.3862943611198906,6.066456057398334,4.972448712711015,1,High-Value Active Customers,0.5093,-1.3694
12828,3,6,1018.71,169.78,1.3862943611198906,1.9459101490553132,6.927273552128017,5.14037617847946,1,High-Value Active Customers,1.6376,-1.1966
12829,337,2,293.0,146.5,5.823045895483019,1.0986122886681096,5.683579767338681,4.993828175779875,0,Low-Engagement / Lapsed Spenders,-1.4136,0.8389
12830,38,6,6814.64,1135.77,3.6635616461296463,1.9459101490553132,8.826975250212882,7.035946186568381,1,High-Value Active Customers,1.6684,0.9389
12831,262,1,215.05,215.05,5.572154032177765,0.6931471805599453,5.3755098623779425,5.3755098623779425,0,Low-Engagement / Lapsed Spenders,-1.8308,0.4126
12832,32,2,383.03,191.52,3.4965075614664802,1.0986122886681096,5.950720674536128,5.260200044434908,0,Low-Engagement / Lapsed Spenders,-0.3982,-0.5387
12833,145,1,417.38,417.38,4.983606621708336,0.6931471805599453,6.0363901104609745,6.0363901104609745,0,Low-Engagement / Lapsed Spenders,-1.2926,0.2802
12834,283,1,312.38,312.38,5.648974238161206,0.6931471805599453,5.7474165116762626,5.7474165116762626,0,Low-Engagement / Lapsed Spenders,-1.6838,0.5967
12836,59,4,2610.36,652.59,4.0943445622221,1.6094379124341003,7.867626437402386,6.482480243551148,1,High-Value Active Customers,0.7445,0.7339
12837,173,1,134.1,134.1,5.159055299214529,0.6931471805599453,4.906015244966153,4.906015244966153,0,Low-Engagement / Lapsed Spenders,-1.8956,-0.0203
12838,34,2,671.95,335.98,3.5553480614894135,1.0986122886681096,6.5116710326797245,5.820023581410239,0,Low-Engagement / Lapsed Spenders,-0.1547,-0.2971
12839,3,14,5591.42,399.39,1.3862943611198906,2.70805020110221,8.629167388389371,5.99243907210421,1,High-Value Active Customers,3.1342,-0.2852
12840,144,4,2726.77,681.69,4.976733742420574,1.6094379124341003,7.911239704558553,6.526040876594677,1,High-Value Active Customers,0.4281,1.3091
12841,5,25,3991.58,159.66,1.791759469228055,3.258096538021482,8.292192917458863,5.079290330745667,1,High-Value Active Customers,3.3172,0.0595
12842,70,2,1118.99,559.5,4.2626798770413155,1.0986122886681096,7.0210750356778515,6.328829242512215,0,Low-Engagement / Lapsed Spenders,-0.1834,0.3369
12843,66,8,1702.26,212.78,4.204692619390966,2.1972245773362196,7.440299340765267,5.3649474488457995,1,High-Value Active Customers,1.0316,0.873
12844,29,2,325.96000000000004,162.98,3.4011973816621555,1.0986122886681096,5.789837839256022,5.099744469168032,0,Low-Engagement / Lapsed Spenders,-0.4381,-0.6577
12845,267,4,354.09,88.52,5.5909869805108565,1.6094379124341003,5.872371278471126,4.494462064003669,0,Low-Engagement / Lapsed Spenders,-0.7732,0.956
12847,22,1,843.64,843.64,3.1354942159291497,0.6931471805599453,6.738910501075306,6.738910501075306,0,Low-Engagement / Lapsed Spenders,-0.2535,-0.6355
12849,31,2,1010.29,505.14,3.4657359027997265,1.0986122886681096,6.918982022596603,6.226813310860554,0,Low-Engagement / Lapsed Spenders,0.0726,-0.2055
12851,97,1,131.81,131.81,4.584967478670572,0.6931471805599453,4.8889195354121595,4.8889195354121595,0,Low-Engagement / Lapsed Spenders,-1.6844,-0.3905
12852,295,1,311.55,311.55,5.69035945432406,0.6931471805599453,5.744764456377822,5.744764456377822,0,Low-Engagement / Lapsed Spenders,-1.7008,0.622
12853,135,6,1957.1000000000001,326.18,4.912654885736052,1.9459101490553132,7.579729894309281,5.790510478166025,1,High-Value Active Customers,0.5999,1.2765
12854,79,3,1316.25,438.75,4.382026634673881,1.3862943611198906,7.183301509089395,6.086206383617667,0,Low-Engagement / Lapsed Spenders,0.1082,0.5817
12855,373,1,38.1,38.1,5.924255797414532,0.6931471805599453,3.66612246699132,3.66612246699132,0,Low-Engagement / Lapsed Spenders,-2.7758,0.0132
12856,8,6,2170.78,361.8,2.1972245773362196,1.9459101490553132,7.683302386789297,5.893851718240982,1,High-Value Active Customers,1.6863,-0.4072
12857,211,2,1106.4,553.2,5.356586274672012,1.0986122886681096,7.009770204388867,6.317525632428878,0,Low-Engagement / Lapsed Spenders,-0.6066,1.0262
12863,52,1,521.2,521.2,3.970291913552122,0.6931471805599453,6.258050656265029,6.258050656265029,0,Low-Engagement / Lapsed Spenders,-0.8004,-0.2815
12864,138,1,147.12,147.12,4.9344739331306915,0.6931471805599453,4.998022756045412,4.998022756045412,0,Low-Engagement / Lapsed Spenders,-1.7662,-0.1292
12865,26,2,1568.23,784.12,3.295836866004329,1.0986122886681096,7.358340332174572,6.665836572341593,1,High-Value Active Customers,0.3459,-0.1532
12866,283,1,559.12,559.12,5.648974238161206,0.6931471805599453,6.3281510464875765,6.3281510464875765,0,Low-Engagement / Lapsed Spenders,-1.4084,0.8082
12867,26,7,4009.34,572.76,3.295836866004329,2.0794415416798357,8.296631304736238,6.352211190416768,1,High-Value Active Customers,1.6783,0.5637
12868,186,6,1607.0600000000002,267.84,5.231108616854587,1.9459101490553132,7.3827837624756185,5.594116407101765,1,High-Value Active Customers,0.3849,1.4066
12871,84,2,380.64,190.32,4.442651256490317,1.0986122886681096,5.9444777558836455,5.253947418812096,0,Low-Engagement / Lapsed Spenders,-0.7626,0.0589
12872,327,2,599.97,299.98,5.793013608384144,1.0986122886681096,6.398545016483998,5.7070438173585725,0,Low-Engagement / Lapsed Spenders,-1.0632,1.0803
12873,282,1,374.0,374.0,5.645446897643238,0.6931471805599453,5.926926025970411,5.926926025970411,0,Low-Engagement / Lapsed Spenders,-1.5973,0.6599
12875,143,2,343.2300000000001,171.62,4.969813299576001,1.0986122886681096,5.841310038608051,5.151092646791511,0,Low-Engagement / Lapsed Spenders,-1.0129,0.3555
12876,58,2,2218.02,1109.01,4.07753744390572,1.0986122886681096,7.704820935960926,7.012124303274808,0,Low-Engagement / Lapsed Spenders,0.2115,0.4685
12877,4,12,1535.77,127.98,1.6094379124341003,2.5649493574615367,7.337438090181038,4.859657353582231,1,High-Value Active Customers,2.307,-0.669
12878,236,2,854.99,427.5,5.4680601411351315,1.0986122886681096,6.752258693830513,6.060290738037835,0,Low-Engagement / Lapsed Spenders,-0.7713,1.0031
12879,45,3,573.22,191.07,3.828641396489095,1.3862943611198906,6.353012598149689,5.2578598889167605,0,Low-Engagement / Lapsed Spenders,-0.074,-0.0715
12881,276,1,298.0,298.0,5.6240175061873385,0.6931471805599453,5.700443573390686,5.700443573390686,0,Low-Engagement / Lapsed Spenders,-1.6965,0.5638
12882,9,2,1463.04,731.52,2.302585092994046,1.0986122886681096,7.288955016552379,6.596490644272748,1,High-Value Active Customers,0.6924,-0.8081
12883,25,4,703.47,175.87,3.258096538021482,1.6094379124341003,6.5574457470395595,5.175414999446702,1,High-Value Active Customers,0.4427,-0.2734
12884,88,1,309.05,309.05,4.48863636973214,0.6931471805599453,5.736733574795887,5.736733574795887,0,Low-Engagement / Lapsed Spenders,-1.2456,-0.1427
12885,63,3,1175.22,391.74,4.1588830833596715,1.3862943611198906,7.0700611857921905,5.9731478153220845,0,Low-Engagement / Lapsed Spenders,0.1398,0.399
12886,68,2,1378.4,689.2,4.23410650459726,1.0986122886681096,7.229403900997191,6.536981410663903,0,Low-Engagement / Lapsed Spenders,-0.0737,0.3946
12888,214,2,354.12,177.06,5.3706380281276624,1.0986122886681096,5.87245576052578,5.182120572145525,0,Low-Engagement / Lapsed Spenders,-1.1513,0.6209
12890,24,1,376.71999999999997,376.72,3.2188758248682006,0.6931471805599453,5.934153180394868,5.934153180394868,0,Low-Engagement / Lapsed Spenders,-0.6669,-0.8758
12891,186,3,331.0,110.33,5.231108616854587,1.3862943611198906,5.805134968916488,4.712498763740616,0,Low-Engagement / Lapsed Spenders,-0.8696,0.618
12893,31,1,176.55,176.55,3.4657359027997265,0.6931471805599453,5.179252259389097,5.179252259389097,0,Low-Engagement / Lapsed Spenders,-1.1192,-0.9942
12895,42,2,372.8,186.4,3.7612001156935624,1.0986122886681096,5.923720895021463,5.2332453698043215,0,Low-Engagement / Lapsed Spenders,-0.5122,-0.3807
12897,205,2,216.5,108.25,5.327876168789581,1.0986122886681096,5.382198850528739,4.693638833975699,0,Low-Engagement / Lapsed Spenders,-1.3674,0.4153
12901,9,28,17654.54,630.52,2.302585092994046,3.367295829986474,9.778804894130932,6.448129611914537,1,High-Value Active Customers,3.9258,0.9665
12902,265,1,138.68,138.68,5.583496308781699,0.6931471805599453,4.939354092091292,4.939354092091292,0,Low-Engagement / Lapsed Spenders,-2.0419,0.2609
12904,18,2,496.06,248.03,2.9444389791664403,1.0986122886681096,6.208710743156108,5.517573371135054,0,Low-Engagement / Lapsed Spenders,-0.065,-0.7947
12906,12,5,2919.81,583.96,2.5649493574615367,1.791759469228055,7.979616254055095,6.37154346882573,1,High-Value Active Customers,1.5468,-0.1251
12908,176,2,750.0,375.0,5.176149732573829,1.0986122886681096,6.621405651764134,5.929589143389895,0,Low-Engagement / Lapsed Spenders,-0.7218,0.7704
12909,40,5,2178.67,435.73,3.713572066704308,1.791759469228055,7.68692876817782,6.0793151551780085,1,High-Value Active Customers,0.9693,0.4964
12910,23,8,3075.04,384.38,3.1780538303479458,2.1972245773362196,8.031398334442155,5.954229860497756,1,High-Value Active Customers,1.7041,0.4375
12912,3,5,1662.3,332.46,1.3862943611198906,1.791759469228055,7.416558859796489,5.809522918132313,1,High-Value Active Customers,1.7301,-1.0774
12913,5,5,2483.63,496.73,1.791759469228055,1.791759469228055,7.817879034084852,6.210057761323374,1,High-Value Active Customers,1.7655,-0.6742
12915,149,2,363.65,181.82,5.0106352940962555,1.0986122886681096,5.898937989430242,5.208502062225673,0,Low-Engagement / Lapsed Spenders,-1.0012,0.4023
12916,139,4,2944.95,736.24,4.941642422609304,1.6094379124341003,7.988186624712898,6.602913483683422,1,High-Value Active Customers,0.478,1.3149
12917,128,1,594.0,594.0,4.859812404361672,0.6931471805599453,6.38856140554563,6.38856140554563,0,Low-Engagement / Lapsed Spenders,-1.0783,0.33
12919,8,6,1335.19,222.53,2.1972245773362196,1.9459101490553132,7.197577559553778,5.409545633233746,1,High-Value Active Customers,1.456,-0.5841
12920,17,1,162.78,162.78,2.8903717578961645,0.6931471805599453,5.098524063842042,5.098524063842042,0,Low-Engagement / Lapsed Spenders,-0.9377,-1.3884
12921,9,37,16587.09,448.3,2.302585092994046,3.6375861597263857,9.716440246960428,6.107690816076114,1,High-Value Active Customers,4.1408,1.0472
12922,161,1,405.38,405.38,5.087596335232384,0.6931471805599453,6.007288682454868,6.007288682454868,0,Low-Engagement / Lapsed Spenders,-1.3461,0.3355
12923,64,1,172.82,172.82,4.174387269895637,0.6931471805599453,5.158020281009314,5.158020281009314,0,Low-Engagement / Lapsed Spenders,-1.3999,-0.5527
12924,88,4,933.7,233.42,4.48863636973214,1.6094379124341003,6.840225622188537,5.457114378295034,0,Low-Engagement / Lapsed Spenders,0.1068,0.6097
12925,5,2,694.05,347.02,1.791759469228055,1.0986122886681096,6.5439837854231016,5.852259949387432,1,High-Value Active Customers,0.5343,-1.4033
12928,35,5,2062.7000000000003,412.54,3.58351893845611,1.791759469228055,7.632255767200078,6.024754244972624,1,High-Value Active Customers,0.993,0.3941
12929,312,1,117.85,117.85,5.746203190540153,0.6931471805599453,4.777862193806203,4.777862193806203,0,Low-Engagement / Lapsed Spenders,-2.1806,0.3053
12930,78,2,415.8,207.9,4.3694478524670215,1.0986122886681096,6.032606490439157,5.34185566856252,0,Low-Engagement / Lapsed Spenders,-0.6929,0.0446
12931,22,15,42055.96,2803.73,3.1354942159291497,2.772588722239781,10.646780168946005,7.939062556639333,1,High-Value Active Customers,3.481,1.5831
12933,24,3,607.53,202.51,3.2188758248682006,1.3862943611198906,6.411046212773516,5.315715143724457,0,Low-Engagement / Lapsed Spenders,0.1864,-0.437
12935,2,7,2160.7,308.67,1.0986122886681096,2.0794415416798357,7.678650228164007,5.735507214350442,1,High-Value Active Customers,2.2246,-1.0543
12936,17,4,1063.9,265.98,2.8903717578961645,1.6094379124341003,6.970636177021338,5.587173749227587,1,High-Value Active Customers,0.7791,-0.356
12937,15,4,1504.27,376.07,2.772588722239781,1.6094379124341003,7.316727563085719,5.932430846604856,1,High-Value Active Customers,0.9882,-0.3047
12938,26,1,114.14,114.14,3.295836866004329,0.6931471805599453,4.7461487792476635,4.7461487792476635,0,Low-Engagement / Lapsed Spenders,-1.2596,-1.2597
12939,64,8,11581.8,1447.72,4.174387269895637,2.1972245773362196,9.357276518099342,7.278435686933087,1,High-Value Active Customers,1.9521,1.552
12940,55,2,899.69,449.84,4.02535169073515,1.0986122886681096,6.803161136252212,6.111112509373878,0,Low-Engagement / Lapsed Spenders,-0.1961,0.1071
12942,131,3,675.6,225.2,4.882801922586371,1.3862943611198906,6.517080256346608,5.42141956368202,0,Low-Engagement / Lapsed Spenders,-0.3989,0.6565
12944,36,2,604.51,302.26,3.6109179126442243,1.0986122886681096,6.406071078133402,5.714590523372793,0,Low-Engagement / Lapsed Spenders,-0.226,-0.3003
12945,288,1,462.95,462.95,5.666426688112432,0.6931471805599453,6.139776787799188,6.139776787799188,0,Low-Engagement / Lapsed Spenders,-1.5044,0.7507
12947,144,6,1603.99,267.33,4.976733742420574,1.9459101490553132,7.380872805015112,5.592217566313047,1,High-Value Active Customers,0.4811,1.2447
12948,16,7,2064.95,294.99,2.833213344056216,2.0794415416798357,7.63334544803145,5.690325669969591,1,High-Value Active Customers,1.5405,0.0289
12949,31,8,4167.22,520.9,3.4657359027997265,2.1972245773362196,8.335244365149629,6.257475998649367,1,High-Value Active Customers,1.7382,0.7305
12950,2,3,1843.0,614.33,1.0986122886681096,1.3862943611198906,7.519692404116539,6.422158709261922,1,High-Value Active Customers,1.522,-1.3773
12951,9,6,1064.07,177.34,2.302585092994046,1.9459101490553132,6.970795803683085,5.183691840706733,1,High-Value Active Customers,1.3082,-0.5999
12952,6,4,1387.79,346.95,1.9459101490553132,1.6094379124341003,7.236188143419333,5.852058791290859,1,High-Value Active Customers,1.2658,-0.8581
12953,10,1,329.85,329.85,2.3978952727983707,0.6931471805599453,5.801665100458068,5.801665100458068,0,Low-Engagement / Lapsed Spenders,-0.4161,-1.4445
12955,1,11,4757.16,432.47,0.6931471805599453,2.4849066497880004,8.46761631787212,6.07182258967363,1,High-Value Active Customers,3.1204,-0.8689
12956,306,1,108.07,108.07,5.726847747587197,0.6931471805599453,4.691989877940651,4.691989877940651,0,Low-Engagement / Lapsed Spenders,-2.2139,0.2617
12957,10,8,4017.54,502.19,2.3978952727983707,2.1972245773362196,8.298673931566155,6.2209678323747735,1,High-Value Active Customers,2.1288,0.0403
12962,7,2,266.39,133.2,2.0794415416798357,1.0986122886681096,5.588708266810736,4.8993312245375815,0,Low-Engagement / Lapsed Spenders,-0.0286,-1.5688
12963,8,8,1856.63,232.08,2.1972245773362196,2.1972245773362196,7.527056760684021,5.451381742274873,1,High-Value Active Customers,1.8396,-0.368
12965,89,1,769.8100000000001,769.81,4.499809670330265,0.6931471805599453,6.647441909990047,6.647441909990047,0,Low-Engagement / Lapsed Spenders,-0.818,0.196
12966,10,1,160.18,160.18,2.3978952727983707,0.6931471805599453,5.0825217528963655,5.0825217528963655,0,Low-Engagement / Lapsed Spenders,-0.7571,-1.7064
12967,358,2,1660.9,830.45,5.883322388488279,1.0986122886681096,7.415716805133478,6.723171164533923,0,Low-Engagement / Lapsed Spenders,-0.6154,1.508
12968,112,1,135.95,135.95,4.727387818712341,0.6931471805599453,4.919615895709087,4.919615895709087,0,Low-Engagement / Lapsed Spenders,-1.7242,-0.289
12970,7,4,405.47,101.37,2.0794415416798357,1.6094379124341003,6.00751012552645,4.628593700931679,1,High-Value Active Customers,0.6322,-1.2209
12971,4,86,11189.91,130.12,1.6094379124341003,4.465908118654584,9.322857120608939,4.876112934435574,1,High-Value Active Customers,4.9685,0.7813
12974,198,1,144.8,144.8,5.293304824724492,0.6931471805599453,4.982235819574558,4.982235819574558,0,Low-Engagement / Lapsed Spenders,-1.9107,0.0926
12976,212,1,738.6,738.6,5.3612921657094255,0.6931471805599453,6.60610949951297,6.60610949951297,0,Low-Engagement / Lapsed Spenders,-1.1667,0.7271
12977,156,1,39.239999999999995,39.24,5.056245805348308,0.6931471805599453,3.6948615257914836,3.6948615257914836,0,Low-Engagement / Lapsed Spenders,-2.4306,-0.5266
12980,158,9,7374.900000000001,819.43,5.0689042022202315,2.302585092994046,8.905973207660795,6.709828593057685,1,High-Value Active Customers,1.4918,1.995
12981,30,2,372.21999999999997,186.11,3.4339872044851463,1.0986122886681096,5.922168058105326,5.2316966792061415,0,Low-Engagement / Lapsed Spenders,-0.3879,-0.5887
12982,243,1,390.54,390.54,5.497168225293202,0.6931471805599453,5.970087681348397,5.970087681348397,0,Low-Engagement / Lapsed Spenders,-1.5202,0.5816
12984,19,1,97.5,97.5,2.995732273553991,0.6931471805599453,4.590056548178043,4.590056548178043,0,Low-Engagement / Lapsed Spenders,-1.219,-1.5068
12985,1,2,1239.38,619.69,0.6931471805599453,1.0986122886681096,7.123173063265281,6.430831762447229,1,High-Value Active Customers,1.2286,-1.8888
12987,74,2,558.7,279.35,4.31748811353631,1.0986122886681096,6.327400925897314,5.636038822569682,0,Low-Engagement / Lapsed Spenders,-0.5332,0.119
12988,292,1,505.82,505.82,5.680172609017068,0.6931471805599453,6.228155910967461,6.228155910967461,0,Low-Engagement / Lapsed Spenders,-1.4677,0.7916
12989,3,15,6924.110000000001,461.61,1.3862943611198906,2.772588722239781,8.842909215405916,6.136884366511383,1,High-Value Active Customers,3.2939,-0.1827
12990,31,3,409.5,136.5,3.4657359027997265,1.3862943611198906,6.017375928892483,4.923623917106626,0,Low-Engagement / Lapsed Spenders,-0.0946,-0.4238
12991,23,2,503.76,251.88,3.1780538303479458,1.0986122886681096,6.22408306878471,5.532915067907362,0,Low-Engagement / Lapsed Spenders,-0.147,-0.641
12993,23,4,414.76,103.69,3.1780538303479458,1.6094379124341003,6.030108170700187,4.651003602331263,0,Low-Engagement / Lapsed Spenders,0.2233,-0.5162
12994,4,3,974.4200000000001,324.81,1.6094379124341003,1.3862943611198906,6.882868147474188,5.786314389374006,1,High-Value Active Customers,1.0249,-1.2854
12995,85,1,211.32,211.32,4.454347296253507,0.6931471805599453,5.358094570583897,5.358094570583897,0,Low-Engagement / Lapsed Spenders,-1.412,-0.3024
12997,22,4,1226.89,306.72,3.1354942159291497,1.6094379124341003,7.113052528147638,5.729190278590734,1,High-Value Active Customers,0.753,-0.1488
12999,196,3,455.88,151.96,5.2832037287379885,1.3862943611198906,6.124420774356607,5.030176449303092,0,Low-Engagement / Lapsed Spenders,-0.7381,0.7673
13000,107,3,534.85,178.28,4.68213122712422,1.3862943611198906,6.283854271159006,5.188948829492672,0,Low-Engagement / Lapsed Spenders,-0.4329,0.4443
13001,4,13,9785.970000000001,752.77,1.6094379124341003,2.639057329615259,9.18880718813043,6.625087281686058,1,High-Value Active Customers,3.2519,0.0336
13002,318,1,120.94999999999999,120.95,5.765191102784844,0.6931471805599453,4.803611124661929,4.80361112466193,0,Low-Engagement / Lapsed Spenders,-2.1757,0.3267
13003,106,3,149.05,49.68,4.672828834461906,1.3862943611198906,5.010968571886377,3.9255313554529385,0,Low-Engagement / Lapsed Spenders,-1.0329,-0.0252
13004,12,18,5655.91,314.22,2.5649493574615367,2.9444389791664403,8.640633085723934,5.753270807747395,1,High-Value Active Customers,2.9033,0.5565
13005,174,2,513.7,256.85,5.1647859739235145,1.0986122886681096,6.243584206658709,5.552378020496968,0,Low-Engagement / Lapsed Spenders,-0.8967,0.6256
13006,56,1,81.57,81.57,4.04305126783455,0.6931471805599453,4.413646418429337,4.413646418429337,0,Low-Engagement / Lapsed Spenders,-1.7027,-0.9071
13008,323,1,229.46999999999997,229.47,5.780743515792329,0.6931471805599453,5.440120702122399,5.4401207021224,0,Low-Engagement / Lapsed Spenders,-1.8798,0.5683
13011,372,1,50.550000000000004,50.55,5.921578419643816,0.6931471805599453,3.942552210462969,3.942552210462969,0,Low-Engagement / Lapsed Spenders,-2.6437,0.1122
13012,9,8,1646.8400000000001,205.86,2.302585092994046,2.1972245773362196,7.407220618377492,5.3320422359496575,1,High-Value Active Customers,1.7425,-0.3448
13013,1,13,4810.9400000000005,370.07,0.6931471805599453,2.639057329615259,8.478855608188903,5.916390724055028,1,High-Value Active Customers,3.2653,-0.8058
13014,11,10,3466.2799999999997,346.63,2.4849066497880004,2.3978952727983707,8.151125703889235,5.8511386957660445,1,High-Value Active Customers,2.2072,0.1185
13015,53,5,3339.64,667.93,3.9889840465642745,1.791759469228055,8.113917684381065,6.505679420871968,1,High-Value Active Customers,1.0665,0.8265
13016,73,3,789.89,263.3,4.304065093204169,1.3862943611198906,6.673158893621945,5.577084821610244,0,Low-Engagement / Lapsed Spenders,-0.1039,0.3464
13017,7,1,204.0,204.0,2.0794415416798357,0.6931471805599453,5.3230099791384085,5.3230099791384085,0,Low-Engagement / Lapsed Spenders,-0.5214,-1.8207
13018,16,28,7277.7,259.92,2.833213344056216,3.367295829986474,8.892707553816384,5.5642138469278954,1,High-Value Active Customers,3.3029,0.9802
13021,4,9,2616.38,290.71,1.6094379124341003,2.302585092994046,7.869929096421559,5.675760158082435,1,High-Value Active Customers,2.3221,-0.5754
13023,64,2,689.9,344.95,4.174387269895637,1.0986122886681096,6.537995095494749,5.84629425594482,0,Low-Engagement / Lapsed Spenders,-0.3787,0.105
13026,1,5,975.36,195.07,0.6931471805599453,1.791759469228055,6.883831370862763,5.2784717383273305,1,High-Value Active Customers,1.7423,-1.7108
13027,114,6,6912.0,1152.0,4.74493212836325,1.9459101490553132,8.841158975945264,7.050122520269059,1,High-Value Active Customers,1.2621,1.6296
13028,23,2,661.3199999999999,330.66,3.1780538303479458,1.0986122886681096,6.49574882283055,5.804110347785953,0,Low-Engagement / Lapsed Spenders,-0.0182,-0.542
13029,31,3,1247.5,415.83,3.4657359027997265,1.3862943611198906,7.129698109719828,6.03267846481631,1,High-Value Active Customers,0.4328,-0.0187
13030,11,2,752.4399999999999,376.22,2.4849066497880004,1.0986122886681096,6.6246493864952445,5.932828571623025,1,High-Value Active Customers,0.3077,-0.9345
13032,52,2,1010.18,505.09,3.970291913552122,1.0986122886681096,6.918873244715984,6.226714519083901,0,Low-Engagement / Lapsed Spenders,-0.1202,0.1143
13033,357,1,190.55,190.55,5.8805329864007,0.6931471805599453,5.255148871146658,5.255148871146658,0,Low-Engagement / Lapsed Spenders,-2.0056,0.5642
13034,55,2,642.77,321.38,4.02535169073515,1.0986122886681096,6.467341519456512,5.775730973968785,0,Low-Engagement / Lapsed Spenders,-0.3553,-0.0152
13035,74,2,921.88,460.94,4.31748811353631,1.0986122886681096,6.827499215216475,6.1354350125180135,0,Low-Engagement / Lapsed Spenders,-0.2961,0.3011
13037,138,3,881.07,293.69,4.9344739331306915,1.3862943611198906,6.782271417936915,5.685923956354888,0,Low-Engagement / Lapsed Spenders,-0.2929,0.7858
13038,80,3,908.46,302.82,4.394449154672439,1.3862943611198906,6.812851016782114,5.716435420779517,0,Low-Engagement / Lapsed Spenders,-0.0722,0.4546
13040,9,2,676.99,338.5,2.302585092994046,1.0986122886681096,6.519132538569087,5.827473946998751,1,High-Value Active Customers,0.3274,-1.0885
13043,273,1,516.42,516.42,5.6131281063880705,0.6931471805599453,6.248854923817375,6.248854923817375,0,Low-Engagement / Lapsed Spenders,-1.4323,0.7566
13044,291,1,560.47,560.47,5.676753802268282,0.6931471805599453,6.330558344434147,6.330558344434147,0,Low-Engagement / Lapsed Spenders,-1.4179,0.8267
13045,99,1,305.28000000000003,305.28,4.605170185988092,0.6931471805599453,5.724499716244923,5.724499716244923,0,Low-Engagement / Lapsed Spenders,-1.2959,-0.0733
13046,31,2,629.31,314.65,3.4657359027997265,1.0986122886681096,6.446211761854101,5.754634004813634,0,Low-Engagement / Lapsed Spenders,-0.1515,-0.3777
13047,32,10,3237.54,323.75,3.4965075614664802,2.3978952727983707,8.082877889943946,5.783055655550709,1,High-Value Active Customers,1.7884,0.7349
13048,14,4,1819.41,454.85,2.70805020110221,1.6094379124341003,7.506817029425575,6.122163808030912,1,High-Value Active Customers,1.103,-0.2763
13049,64,2,656.6800000000001,328.34,4.174387269895637,1.0986122886681096,6.488718490843878,5.797090651789853,0,Low-Engagement / Lapsed Spenders,-0.4021,0.087
13050,15,17,5836.86,343.34,2.772588722239781,2.8903717578961645,8.672119570311168,5.841629541348326,1,High-Value Active Customers,2.79,0.679
13052,212,1,348.15000000000003,348.15,5.3612921657094255,0.6931471805599453,5.8555016292920445,5.8555016292920445,0,Low-Engagement / Lapsed Spenders,-1.5226,0.4537
13055,78,3,1214.41,404.8,4.3694478524670215,1.3862943611198906,7.102836747411359,6.005860427391714,0,Low-Engagement / Lapsed Spenders,0.0749,0.5444
13058,25,3,271.40000000000003,90.47,3.258096538021482,1.3862943611198906,5.607271574275358,4.516011049668273,0,Low-Engagement / Lapsed Spenders,-0.2097,-0.7048
13059,250,1,183.4,183.4,5.5254529391317835,0.6931471805599453,5.2171073111224935,5.2171073111224935,0,Low-Engagement / Lapsed Spenders,-1.888,0.3253
13060,254,1,307.53,307.53,5.541263545158426,0.6931471805599453,5.731819083350057,5.731819083350057,0,Low-Engagement / Lapsed Spenders,-1.65,0.5228
13061,72,1,248.61,248.61,4.290459441148391,0.6931471805599453,5.519899699795292,5.519899699795292,0,Low-Engagement / Lapsed Spenders,-1.2727,-0.3473
13062,191,1,346.98,346.98,5.2574953720277815,0.6931471805599453,5.85214500685857,5.85214500685857,0,Low-Engagement / Lapsed Spenders,-1.4846,0.3867
13064,13,4,1105.59,276.4,2.639057329615259,1.6094379124341003,7.009038493734221,5.625460507880731,1,High-Value Active Customers,0.8933,-0.5014
13065,373,1,205.86,205.86,5.924255797414532,0.6931471805599453,5.3320422359496575,5.3320422359496575,0,Low-Engagement / Lapsed Spenders,-1.9859,0.62
13066,24,2,470.8,235.4,3.2188758248682006,1.0986122886681096,6.1565551669735745,5.465525285531943,0,Low-Engagement / Lapsed Spenders,-0.1946,-0.6397
13067,82,1,115.46000000000001,115.46,4.418840607796598,0.6931471805599453,4.757547866408974,4.757547866408974,0,Low-Engagement / Lapsed Spenders,-1.6832,-0.5436
13068,10,2,344.0,172.0,2.3978952727983707,1.0986122886681096,5.84354441703136,5.153291594497779,0,Low-Engagement / Lapsed Spenders,-0.0294,-1.2741
13069,1,24,4431.44,184.64,0.6931471805599453,3.2188758248682006,8.396705501477726,5.223809314372975,1,High-Value Active Customers,3.751,-0.6139
13070,192,1,228.8,228.8,5.262690188904886,0.6931471805599453,5.437209365414655,5.437209365414655,0,Low-Engagement / Lapsed Spenders,-1.6833,0.2389
13072,267,1,177.15,177.15,5.5909869805108565,0.6931471805599453,5.1826258920518455,5.1826258920518455,0,Low-Engagement / Lapsed Spenders,-1.9294,0.3543
13075,130,1,919.61,919.61,4.875197323201151,0.6931471805599453,6.825036493805135,6.825036493805135,0,Low-Engagement / Lapsed Spenders,-0.8772,0.4987
13077,1,4,728.02,182.0,0.6931471805599453,1.6094379124341003,6.5917011664745795,5.209486152841421,1,High-Value Active Customers,1.4388,-1.887
13078,3,26,12627.94,485.69,1.3862943611198906,3.295836866004329,9.443746284664895,6.187627370090417,1,High-Value Active Customers,4.0523,0.2363
13079,4,5,220.10000000000002,44.02,1.6094379124341003,1.791759469228055,5.3986150878634005,3.8071068354785864,1,High-Value Active Customers,0.688,-1.6709
13080,179,1,58.08,58.08,5.19295685089021,0.6931471805599453,4.078892457663179,4.078892457663179,0,Low-Engagement / Lapsed Spenders,-2.3007,-0.3
13081,12,11,28337.38,2576.13,2.5649493574615367,2.4849066497880004,10.251972348590337,7.854431655635331,1,High-Value Active Customers,3.2515,0.9676
13082,126,9,3613.63,401.51,4.844187086458591,2.302585092994046,8.192744778040643,5.99771994127049,1,High-Value Active Customers,1.2394,1.5928
13083,4,2,303.75,151.88,1.6094379124341003,1.0986122886681096,5.719491768361381,5.029653299932018,0,Low-Engagement / Lapsed Spenders,0.213,-1.8191
13085,158,2,416.08000000000004,208.04,5.0689042022202315,1.0986122886681096,6.0332780499213925,5.342525621212357,0,Low-Engagement / Lapsed Spenders,-0.9597,0.4882
13089,3,97,58762.08,605.79,1.3862943611198906,4.584967478670572,10.98126904552405,6.408182767444053,1,High-Value Active Customers,5.9478,1.2894
13090,9,14,8910.82,636.49,2.302585092994046,2.70805020110221,9.095133764476559,6.457538590635041,1,High-Value Active Customers,3.0051,0.4653
13091,28,1,345.82,345.82,3.367295829986474,0.6931471805599453,5.848805913370403,5.848805913370403,0,Low-Engagement / Lapsed Spenders,-0.7641,-0.8128
13092,71,5,477.83,95.57,4.276666119016055,1.791759469228055,6.171345628362577,4.570268133978827,0,Low-Engagement / Lapsed Spenders,0.0356,0.3014
13093,276,8,7832.47,979.06,5.6240175061873385,2.1972245773362196,8.966160858120457,6.887613794280271,1,High-Value Active Customers,1.2129,2.3285
13094,21,12,1927.3200000000002,160.61,3.091042453358316,2.5649493574615367,7.564404436501881,5.085186025360552,1,High-Value Active Customers,1.8486,0.3529
13095,71,1,74.39999999999999,74.4,4.276666119016055,0.6931471805599453,4.32280727501391,4.32280727501391,0,Low-Engagement / Lapsed Spenders,-1.835,-0.7921
13097,33,10,6003.22,600.32,3.5263605246161616,2.3978952727983707,8.70021783432055,6.399127238759633,1,High-Value Active Customers,2.0697,0.9787
13098,1,28,28882.44,1031.52,0.6931471805599453,3.367295829986474,10.271023699486712,6.939757695107631,1,High-Value Active Customers,4.774,0.1255
13099,99,1,207.35999999999999,207.36,4.605170185988092,0.6931471805599453,5.339267352876991,5.339267352876991,0,Low-Engagement / Lapsed Spenders,-1.4786,-0.2136
13101,234,1,101.19,101.19,5.459585514144159,0.6931471805599453,4.626833825624118,4.626833825624118,0,Low-Engagement / Lapsed Spenders,-2.1427,0.0685
13102,1,24,6424.09,267.67,0.6931471805599453,3.2188758248682006,8.767965917447414,5.593483860709444,1,High-Value Active Customers,3.927,-0.4787
13103,40,1,243.94,243.94,3.713572066704308,0.6931471805599453,5.501013282593141,5.501013282593141,0,Low-Engagement / Lapsed Spenders,-1.0613,-0.7199
13104,3,6,1098.48,183.08,1.3862943611198906,1.9459101490553132,7.0025926197429715,5.21537044572711,1,High-Value Active Customers,1.6733,-1.1692
13106,133,1,76.5,76.5,4.897839799950911,0.6931471805599453,4.350277936359301,4.350277936359301,0,Low-Engagement / Lapsed Spenders,-2.0593,-0.3883
13107,44,4,1531.6200000000001,382.9,3.8066624897703196,1.6094379124341003,7.334733968170588,5.950382102006752,1,High-Value Active Customers,0.6017,0.3574
13108,373,1,350.06,350.06,5.924255797414532,0.6931471805599453,5.8609571490281995,5.8609571490281995,0,Low-Engagement / Lapsed Spenders,-1.7351,0.8126
13109,60,2,786.54,393.27,4.110873864173311,1.0986122886681096,6.668914163060628,5.977035953789184,0,Low-Engagement / Lapsed Spenders,-0.2924,0.1124
13110,31,7,1488.67,212.67,3.4657359027997265,2.0794415416798357,7.306309897899894,5.364432768754897,1,High-Value Active Customers,1.1438,0.3107
13113,1,24,12245.960000000001,510.25,0.6931471805599453,3.2188758248682006,9.41303302190997,6.236858707357012,1,High-Value Active Customers,4.2329,-0.2438
13115,12,4,2294.78,573.7,2.5649493574615367,1.6094379124341003,7.7388279340332105,6.353848165513696,1,High-Value Active Customers,1.2677,-0.2826
13116,138,1,501.14,501.14,4.9344739331306915,0.6931471805599453,6.218878965272838,6.218878965272838,0,Low-Engagement / Lapsed Spenders,-1.1873,0.3155
13117,22,8,984.91,123.11,3.1354942159291497,2.1972245773362196,6.893565072546089,4.82116826914143,1,High-Value Active Customers,1.1808,-0.0039
13118,20,5,1197.81,239.56,3.044522437723423,1.791759469228055,7.089084677082725,5.4829695386802735,1,High-Value Active Customers,0.9414,-0.1454
13120,239,1,30.599999999999998,30.6,5.480638923341991,0.6931471805599453,3.4531571205928664,3.4531571205928664,0,Low-Engagement / Lapsed Spenders,-2.7073,-0.3456
13121,269,1,283.73,283.73,5.598421958998375,0.6931471805599453,5.6515413628105104,5.6515413628105104,0,Low-Engagement / Lapsed Spenders,-1.7099,0.5298
13122,94,2,922.39,461.2,4.553876891600541,1.0986122886681096,6.828051680471256,6.13599769784028,0,Low-Engagement / Lapsed Spenders,-0.3862,0.4512
13124,90,3,3756.33,1252.11,4.51085950651685,1.3862943611198906,8.231463877756003,7.133383740348479,1,High-Value Active Customers,0.556,1.0451
13126,5,8,2099.64,262.46,1.791759469228055,2.1972245773362196,7.6499973391858,5.573901553801681,1,High-Value Active Customers,2.0528,-0.5802
13127,78,1,259.17,259.17,4.3694478524670215,0.6931471805599453,5.561335263505108,5.561335263505108,0,Low-Engagement / Lapsed Spenders,-1.2832,-0.2822
13130,94,1,64.0,64.0,4.553876891600541,0.6931471805599453,4.174387269895637,4.174387269895637,0,Low-Engagement / Lapsed Spenders,-2.0113,-0.6704
13131,23,3,1073.3,357.77,3.1780538303479458,1.3862943611198906,6.979424565672496,5.882681514648826,1,High-Value Active Customers,0.4715,-0.2558
13132,262,1,77.3,77.3,5.572154032177765,0.6931471805599453,4.360547602996757,4.360547602996757,0,Low-Engagement / Lapsed Spenders,-2.312,0.0429
13133,274,2,109.8,54.9,5.616771097666572,1.0986122886681096,4.707726774313183,4.023564380161053,0,Low-Engagement / Lapsed Spenders,-1.7975,0.3528
13134,86,4,1793.58,448.4,4.465908118654584,1.6094379124341003,7.4925262902571115,6.107913359751229,1,High-Value Active Customers,0.4247,0.8328
13135,197,1,3096.0,3096.0,5.288267030694535,0.6931471805599453,8.038189179973203,8.038189179973203,0,Low-Engagement / Lapsed Spenders,-0.4598,1.2024
13136,56,5,2607.61,521.52,4.04305126783455,1.791759469228055,7.866572791402729,6.258663260618363,1,High-Value Active Customers,0.9286,0.7707
13137,11,8,3603.29,450.41,2.4849066497880004,2.1972245773362196,8.189880081639725,6.112376017438897,1,High-Value Active Customers,2.044,0.0558
13138,22,6,962.39,160.4,3.1354942159291497,1.9459101490553132,6.870458314237744,5.083885755835849,1,High-Value Active Customers,0.9425,-0.1084
13139,16,7,5064.94,723.56,2.833213344056216,2.0794415416798357,8.530294986827844,6.585564574066693,1,High-Value Active Customers,1.9658,0.3555
13140,108,3,422.47,140.82,4.6913478822291435,1.3862943611198906,6.048482673330305,4.95455864787585,0,Low-Engagement / Lapsed Spenders,-0.548,0.3644
13141,85,5,2388.75,477.75,4.454347296253507,1.791759469228055,7.778944036943872,6.171178540494855,1,High-Value Active Customers,0.7299,0.9995
13142,19,1,307.09,307.09,2.995732273553991,0.6931471805599453,5.7303919480814,5.7303919480814,0,Low-Engagement / Lapsed Spenders,-0.6783,-1.0915
13144,333,1,110.95,110.95,5.8111409929767,0.6931471805599453,4.718052343044764,4.718052343044764,0,Low-Engagement / Lapsed Spenders,-2.2338,0.3246
13145,40,4,618.52,154.63,3.713572066704308,1.6094379124341003,6.428944984648157,5.047481395216918,0,Low-Engagement / Lapsed Spenders,0.2078,-0.0315
13146,26,1,228.91,228.91,3.295836866004329,0.6931471805599453,5.437687927995845,5.437687927995845,0,Low-Engagement / Lapsed Spenders,-0.9317,-1.0078
13147,10,4,712.8000000000001,178.2,2.3978952727983707,1.6094379124341003,6.57060281105606,5.18850250054083,1,High-Value Active Customers,0.7776,-0.8139
13148,29,12,3683.26,306.94,3.4011973816621555,2.5649493574615367,8.211824970346322,5.7299049588017725,1,High-Value Active Customers,2.0371,0.7853
13149,14,4,1676.06,419.02,2.70805020110221,1.6094379124341003,7.424797539358498,6.040302329191282,1,High-Value Active Customers,1.0641,-0.3062
13151,296,1,1257.8700000000001,1257.87,5.6937321388027,0.6931471805599453,7.1379697721602025,7.1379697721602025,0,Low-Engagement / Lapsed Spenders,-1.0415,1.1315
13153,6,1,486.22,486.22,1.9459101490553132,0.6931471805599453,6.188715766456242,6.188715766456242,0,Low-Engagement / Lapsed Spenders,-0.06,-1.5901
13155,33,4,971.76,242.94,3.5263605246161616,1.6094379124341003,6.880137391945464,5.496922293415092,1,High-Value Active Customers,0.4933,0.0142
13157,49,4,1741.22,435.3,3.912023005428146,1.6094379124341003,7.462915441057162,6.078330080129564,1,High-Value Active Customers,0.6223,0.4709
13158,95,4,1201.06,300.26,4.564348191467836,1.6094379124341003,7.091792030654675,5.707973679274669,0,Low-Engagement / Lapsed Spenders,0.1971,0.7493
13159,9,4,1429.35,357.34,2.302585092994046,1.6094379124341003,7.26567444855103,5.8814822563717515,1,High-Value Active Customers,1.1436,-0.6212
13160,22,1,91.8,91.8,3.1354942159291497,0.6931471805599453,4.530446639792155,4.530446639792155,0,Low-Engagement / Lapsed Spenders,-1.3006,-1.4399
13161,313,1,112.75,112.75,5.749392985908253,0.6931471805599453,4.7340030578310595,4.7340030578310595,0,Low-Engagement / Lapsed Spenders,-2.2026,0.2913
13162,122,4,1688.29,422.07,4.812184355372417,1.6094379124341003,7.432063601299488,6.047537649988776,0,Low-Engagement / Lapsed Spenders,0.2638,1.0303
13165,46,2,1021.48,510.74,3.8501476017100584,1.0986122886681096,6.929986327823459,6.237816683559073,0,Low-Engagement / Lapsed Spenders,-0.069,0.0422
13166,283,1,417.2,417.2,5.648974238161206,0.6931471805599453,6.035959786994534,6.035959786994534,0,Low-Engagement / Lapsed Spenders,-1.5469,0.7018
13167,19,4,791.33,197.83,2.995732273553991,1.6094379124341003,6.674977971699642,5.2924501882699895,1,High-Value Active Customers,0.5987,-0.3969
13168,36,4,1299.59,324.9,3.6109179126442243,1.6094379124341003,7.170573286646459,5.786590585843515,1,High-Value Active Customers,0.5987,0.1736
13169,64,2,712.88,356.44,4.174387269895637,1.0986122886681096,6.570714880987815,5.878967515880836,0,Low-Engagement / Lapsed Spenders,-0.3632,0.1169
13170,27,1,108.81,108.81,3.332204510175204,0.6931471805599453,4.698751599609622,4.698751599609622,0,Low-Engagement / Lapsed Spenders,-1.296,-1.2539
13171,22,3,468.41,156.14,3.1354942159291497,1.3862943611198906,6.151476586982076,5.0571371277476755,0,Low-Engagement / Lapsed Spenders,0.0952,-0.5844
13173,4,2,353.65,176.82,1.6094379124341003,1.0986122886681096,5.871131387648096,5.180771802692993,1,High-Value Active Customers,0.2849,-1.7639
13174,16,3,2742.82,914.27,2.833213344056216,1.3862943611198906,7.917106389026516,6.819219103714613,1,High-Value Active Customers,1.0478,-0.1329
13176,46,1,481.49,481.49,3.8501476017100584,0.6931471805599453,6.178960195175666,6.178960195175666,0,Low-Engagement / Lapsed Spenders,-0.792,-0.3864
13177,65,1,282.45,282.45,4.189654742026425,0.6931471805599453,5.6470357407703125,5.6470357407703125,0,Low-Engagement / Lapsed Spenders,-1.1739,-0.3649
13178,26,11,5725.47,520.5,3.295836866004329,2.4849066497880004,8.652854564021988,6.256709274440827,1,High-Value Active Customers,2.2141,0.8485
13182,45,1,121.18,121.18,3.828641396489095,0.6931471805599453,4.805495367221621,4.805495367221621,0,Low-Engagement / Lapsed Spenders,-1.435,-0.9003
13183,8,9,3957.78,439.75,2.1972245773362196,2.302585092994046,8.283691175973804,6.08847782127798,1,High-Value Active Customers,2.2937,-0.0521
13184,15,10,1668.95,166.9,2.772588722239781,2.3978952727983707,7.420548964842826,5.123368564083496,1,High-Value Active Customers,1.7509,0.0347
13185,268,1,71.4,71.4,5.594711379601839,0.6931471805599453,4.282206299391671,4.282206299391671,0,Low-Engagement / Lapsed Spenders,-2.3578,0.0287
13186,40,3,1575.89,525.3,3.713572066704308,1.3862943611198906,7.363209831835215,6.265871392359733,1,High-Value Active Customers,0.4489,0.2234
13187,337,1,236.02,236.02,5.823045895483019,0.6931471805599453,5.4681445257603025,5.4681445257603025,0,Low-Engagement / Lapsed Spenders,-1.8827,0.6054
13188,11,1,114.60000000000001,114.6,2.4849066497880004,0.6931471805599453,4.750135956238277,4.750135956238277,0,Low-Engagement / Lapsed Spenders,-0.948,-1.7723
13189,19,2,260.68,130.34,2.995732273553991,1.0986122886681096,5.567122383230129,4.8777893807628265,0,Low-Engagement / Lapsed Spenders,-0.3888,-0.9958
13192,95,2,911.94,455.97,4.564348191467836,1.0986122886681096,6.81667016102037,6.124617743225221,0,Low-Engagement / Lapsed Spenders,-0.3956,0.4537
13193,61,1,112.08,112.08,4.127134385045092,0.6931471805599453,4.72809553282539,4.72809553282539,0,Low-Engagement / Lapsed Spenders,-1.5857,-0.7393
13194,136,1,60.7,60.7,4.919980925828125,0.6931471805599453,4.122283930911342,4.122283930911342,0,Low-Engagement / Lapsed Spenders,-2.1759,-0.4573
13196,11,4,1797.78,449.44,2.4849066497880004,1.6094379124341003,7.4948639363112814,6.110224882828825,1,High-Value Active Customers,1.1826,-0.4222
13198,10,6,3401.2400000000002,566.87,2.3978952727983707,1.9459101490553132,8.132189317204716,6.341892519286238,1,High-Value Active Customers,1.8225,-0.1165
13199,4,38,9817.12,258.35,1.6094379124341003,3.6635616461296463,9.191984936991869,5.55817850079741,1,High-Value Active Customers,4.1804,0.4267
13200,19,4,870.09,217.52,2.995732273553991,1.6094379124341003,6.769745301020691,5.386877543527517,1,High-Value Active Customers,0.6436,-0.3624
13203,10,4,869.46,217.36,2.3978952727983707,1.6094379124341003,6.769021807549381,5.386145076913557,1,High-Value Active Customers,0.8717,-0.7417
13207,15,2,250.26000000000002,125.13,2.772588722239781,1.0986122886681096,5.526488259576272,4.837313121099101,0,Low-Engagement / Lapsed Spenders,-0.3229,-1.1521
13208,59,6,1217.65,202.94,4.0943445622221,1.9459101490553132,7.105498967663615,5.317825832936079,1,High-Value Active Customers,0.6876,0.585
13209,30,8,5891.61,736.45,3.4339872044851463,2.1972245773362196,8.681454302434094,6.603198289305511,1,High-Value Active Customers,1.9145,0.8365
13210,94,1,353.48,353.48,4.553876891600541,0.6931471805599453,5.8706519268912345,5.8706519268912345,0,Low-Engagement / Lapsed Spenders,-1.207,-0.0526
13211,10,3,1095.42,365.14,2.3978952727983707,1.3862943611198906,6.999805605779951,5.903015773922869,1,High-Value Active Customers,0.7792,-0.743
13212,20,3,786.83,262.28,3.044522437723423,1.3862943611198906,6.669282330542903,5.573218104635084,1,High-Value Active Customers,0.3754,-0.4534
13213,57,5,1520.58,304.12,4.060443010546419,1.791759469228055,7.327504547645857,5.720705141852109,1,High-Value Active Customers,0.6664,0.5854
13216,268,1,333.74,333.74,5.594711379601839,0.6931471805599453,5.813354111085492,5.813354111085492,0,Low-Engagement / Lapsed Spenders,-1.6318,0.5863
13217,122,3,533.98,177.99,4.812184355372417,1.3862943611198906,6.282229363019668,5.187329938358409,0,Low-Engagement / Lapsed Spenders,-0.4833,0.5262
13218,127,1,62.63999999999999,62.64,4.852030263919617,0.6931471805599453,4.153242203469586,4.153242203469586,0,Low-Engagement / Lapsed Spenders,-2.1352,-0.4891
13220,78,4,819.2900000000001,204.82,4.3694478524670215,1.6094379124341003,6.7096579362724444,5.327002000407946,0,Low-Engagement / Lapsed Spenders,0.0904,0.4865
13221,240,2,847.41,423.7,5.484796933490655,1.0986122886681096,6.743364009514037,6.0513830373192254,0,Low-Engagement / Lapsed Spenders,-0.7819,1.0105
13223,200,2,163.20000000000002,81.6,5.303304908059076,1.0986122886681096,5.101085197018328,4.414009680526933,0,Low-Engagement / Lapsed Spenders,-1.4913,0.2973
13224,60,2,2155.95,1077.97,4.110873864173311,1.0986122886681096,7.676450465777419,6.98376216134983,0,Low-Engagement / Lapsed Spenders,0.1853,0.4793
13225,3,7,6463.84,923.41,1.3862943611198906,2.0794415416798357,8.774133542253146,6.829155696169494,1,High-Value Active Customers,2.6341,-0.4729
13226,273,1,108.21000000000001,108.21,5.6131281063880705,0.6931471805599453,4.693272634209637,4.693272634209637,0,Low-Engagement / Lapsed Spenders,-2.1699,0.1901
13227,202,1,257.7,257.7,5.313205979041787,0.6931471805599453,5.5556690891919835,5.5556690891919835,0,Low-Engagement / Lapsed Spenders,-1.6464,0.314
13228,81,1,358.0,358.0,4.406719247264253,0.6931471805599453,5.883322388488279,5.883322388488279,0,Low-Engagement / Lapsed Spenders,-1.1448,-0.1413
13229,226,1,160.95,160.95,5.424950017481403,0.6931471805599453,5.087287645617338,5.087287645617338,0,Low-Engagement / Lapsed Spenders,-1.9112,0.2143
13230,4,14,2755.63,196.83,1.6094379124341003,2.70805020110221,7.921764198172896,5.287408076040001,1,High-Value Active Customers,2.7135,-0.4014
13232,13,7,1328.35,189.76,2.639057329615259,2.0794415416798357,7.192445379947863,5.251016093430024,1,High-Value Active Customers,1.4056,-0.2548
13233,74,2,605.12,302.56,4.31748811353631,1.0986122886681096,6.407077986267962,5.715579284535712,0,Low-Engagement / Lapsed Spenders,-0.4955,0.148
13235,212,1,1031.07,1031.07,5.3612921657094255,0.6931471805599453,6.939321773198559,6.939321773198559,0,Low-Engagement / Lapsed Spenders,-1.0087,0.8485
13236,25,2,744.85,372.42,3.258096538021482,1.0986122886681096,6.614524507599939,5.92270379153719,0,Low-Engagement / Lapsed Spenders,0.0076,-0.448
13238,17,4,700.73,175.18,2.8903717578961645,1.6094379124341003,6.553548714657728,5.17150619968165,1,High-Value Active Customers,0.5814,-0.508
13239,262,1,329.56,329.56,5.572154032177765,0.6931471805599453,5.800788185931274,5.800788185931274,0,Low-Engagement / Lapsed Spenders,-1.6291,0.5675
13240,96,4,663.65,165.91,4.574710978503383,1.6094379124341003,6.499260586313608,5.117454744990326,0,Low-Engagement / Lapsed Spenders,-0.0878,0.54
13242,112,3,270.40000000000003,90.13,4.727387818712341,1.3862943611198906,5.603593747400769,4.5122870585080355,0,Low-Engagement / Lapsed Spenders,-0.7727,0.2253
13243,203,1,585.12,585.12,5.318119993844216,0.6931471805599453,6.373524546769825,6.373524546769825,0,Low-Engagement / Lapsed Spenders,-1.2605,0.615
13244,93,1,121.74000000000001,121.74,4.543294782270004,0.6931471805599453,4.810068296960951,4.810068296960951,0,Low-Engagement / Lapsed Spenders,-1.7058,-0.4456
13245,51,1,430.5,430.5,3.9512437185814275,0.6931471805599453,6.067267510523482,6.067267510523482,0,Low-Engagement / Lapsed Spenders,-0.8836,-0.363
13246,18,6,1961.52,326.92,2.9444389791664403,1.9459101490553132,7.581984640687438,5.792769676196082,1,High-Value Active Customers,1.3528,0.0296
13247,18,4,501.12,125.28,2.9444389791664403,1.6094379124341003,6.218839134950008,4.838501663689791,1,High-Value Active Customers,0.402,-0.5956
13248,125,2,465.68,232.84,4.836281906951478,1.0986122886681096,6.145643797955656,5.454637120802991,0,Low-Engagement / Lapsed Spenders,-0.8176,0.3817
13249,92,3,711.41,237.14,4.532599493153256,1.3862943611198906,6.56865358837482,5.472858736023029,0,Low-Engagement / Lapsed Spenders,-0.2407,0.4533
13253,157,2,1030.4,515.2,5.062595033026967,1.0986122886681096,6.9386723816168585,6.246494287284514,0,Low-Engagement / Lapsed Spenders,-0.528,0.814
13255,9,2,399.51,199.76,2.302585092994046,1.0986122886681096,5.992738734985712,5.302110164786733,0,Low-Engagement / Lapsed Spenders,0.0778,-1.2802
13258,12,3,672.83,224.28,2.5649493574615367,1.3862943611198906,6.512977853578813,5.417344072969677,1,High-Value Active Customers,0.4845,-0.8144
13259,62,1,283.18,283.18,4.143134726391533,0.6931471805599453,5.64960784020993,5.64960784020993,0,Low-Engagement / Lapsed Spenders,-1.1549,-0.3935
13260,61,1,557.62,557.62,4.127134385045092,0.6931471805599453,6.325469456665338,6.325469456665338,0,Low-Engagement / Lapsed Spenders,-0.8283,-0.1575
13261,269,2,944.1,472.05,5.598421958998375,1.0986122886681096,6.8512907420010105,6.159201091150453,0,Low-Engagement / Lapsed Spenders,-0.7742,1.1218
13262,263,1,200.29,200.29,5.575949103146316,0.6931471805599453,5.3047466543129405,5.3047466543129405,0,Low-Engagement / Lapsed Spenders,-1.8658,0.3892
13263,1,35,7436.93,212.48,0.6931471805599453,3.58351893845611,8.914347863308706,5.363543151465744,1,High-Value Active Customers,4.3264,-0.2859
13265,53,5,2092.66,418.53,3.9889840465642745,1.791759469228055,7.646669009574865,6.039135037057071,1,High-Value Active Customers,0.845,0.6564
13266,11,12,3834.2599999999998,319.52,2.4849066497880004,2.5649493574615367,8.251992508113439,5.76994467690987,1,High-Value Active Customers,2.4062,0.2191
13267,3,19,4521.49,237.97,1.3862943611198906,2.995732273553991,8.416818006100614,5.476338021040286,1,High-Value Active Customers,3.2938,-0.2525
13268,18,11,3174.75,288.61,2.9444389791664403,2.4849066497880004,8.06329910390357,5.6685351903021415,1,High-Value Active Customers,2.0687,0.4111
13269,1,15,5343.28,356.22,0.6931471805599453,2.772588722239781,8.583782109053482,5.878351838476338,1,High-Value Active Customers,3.4358,-0.7165
13270,366,1,590.0,590.0,5.905361848054571,0.6931471805599453,6.3818160174060985,6.3818160174060985,0,Low-Engagement / Lapsed Spenders,-1.4809,0.9903
13271,37,1,211.49,211.49,3.6375861597263857,0.6931471805599453,5.358894928433641,5.358894928433641,0,Low-Engagement / Lapsed Spenders,-1.0996,-0.8199
13272,31,2,276.56,138.28,3.4657359027997265,1.0986122886681096,5.626037126031348,4.936486295459933,0,Low-Engagement / Lapsed Spenders,-0.5404,-0.6764
13273,113,1,138.98,138.98,4.736198448394496,0.6931471805599453,4.941499555261394,4.941499555261394,0,Low-Engagement / Lapsed Spenders,-1.7172,-0.2754
13276,64,2,590.9300000000001,295.47,4.174387269895637,1.0986122886681096,6.383388384649479,5.691946032880246,0,Low-Engagement / Lapsed Spenders,-0.452,0.0487
13277,16,4,258.4,64.6,2.833213344056216,1.6094379124341003,5.5583712718823435,4.183575695950044,0,Low-Engagement / Lapsed Spenders,0.1313,-0.9066
13278,41,1,542.73,542.73,3.7376696182833684,0.6931471805599453,6.298452800117238,6.298452800117238,0,Low-Engagement / Lapsed Spenders,-0.6924,-0.4142
13279,78,1,137.75,137.75,4.3694478524670215,0.6931471805599453,4.932673752626544,4.932673752626544,0,Low-Engagement / Lapsed Spenders,-1.5813,-0.5111
13280,122,3,798.46,266.15,4.812184355372417,1.3862943611198906,6.68393649975286,5.58781029840378,0,Low-Engagement / Lapsed Spenders,-0.2929,0.6725
13282,18,3,1132.14,377.38,2.9444389791664403,1.3862943611198906,7.032747819149021,5.935898981658274,1,High-Value Active Customers,0.586,-0.3845
13283,60,2,93.66,46.83,4.110873864173311,1.0986122886681096,4.5502915244781015,3.8676530576922055,0,Low-Engagement / Lapsed Spenders,-1.2969,-0.6592
13284,331,1,201.19,201.19,5.805134968916488,0.6931471805599453,5.309207849379209,5.309207849379209,0,Low-Engagement / Lapsed Spenders,-1.9512,0.5361
13285,23,4,2709.12,677.28,3.1780538303479458,1.6094379124341003,7.904748193336201,6.519560182038926,1,High-Value Active Customers,1.1122,0.1665
13291,156,1,361.11,361.11,5.056245805348308,0.6931471805599453,5.8919480330707374,5.8919480330707374,0,Low-Engagement / Lapsed Spenders,-1.3888,0.2736
13292,39,2,578.9399999999999,289.47,3.6888794541139363,1.0986122886681096,6.362924649913461,5.671500300735477,0,Low-Engagement / Lapsed Spenders,-0.2763,-0.2666
13294,190,2,873.74,436.87,5.25227342804663,1.0986122886681096,6.773926699344786,6.081922062668556,0,Low-Engagement / Lapsed Spenders,-0.6786,0.8742
13295,360,1,201.20000000000002,201.2,5.8888779583328805,0.6931471805599453,5.309257306586371,5.309257306586371,0,Low-Engagement / Lapsed Spenders,-1.9832,0.5892
13296,137,1,87.4,87.4,4.927253685157205,0.6931471805599453,4.481871969643597,4.481871969643597,0,Low-Engagement / Lapsed Spenders,-2.0081,-0.3217
13297,8,4,2089.85,522.46,2.1972245773362196,1.6094379124341003,7.645325960844005,6.260460618604281,1,High-Value Active Customers,1.3638,-0.5497
13298,1,1,360.0,360.0,0.6931471805599453,0.6931471805599453,5.8888779583328805,5.8888779583328805,1,High-Value Active Customers,0.2764,-2.4934
13299,268,1,142.5,142.5,5.594711379601839,0.6931471805599453,4.966335035199676,4.966335035199676,0,Low-Engagement / Lapsed Spenders,-2.0334,0.2779
13300,169,1,371.89,371.89,5.135798437050262,0.6931471805599453,5.921283469984221,5.921283469984221,0,Low-Engagement / Lapsed Spenders,-1.4053,0.3347
13301,104,4,618.09,154.52,4.653960350157523,1.6094379124341003,6.428250657915328,5.046774340712129,0,Low-Engagement / Lapsed Spenders,-0.1517,0.5644
13302,155,1,63.75,63.75,5.049856007249537,0.6931471805599453,4.1705337005796475,4.1705337005796475,0,Low-Engagement / Lapsed Spenders,-2.2026,-0.3574
13304,351,1,300.42,300.42,5.863631175598097,0.6931471805599453,5.7085046409915305,5.7085046409915305,0,Low-Engagement / Lapsed Spenders,-1.7842,0.7186
13305,4,10,2000.86,200.09,1.6094379124341003,2.3978952727983707,7.601832027360015,5.303752569037976,1,High-Value Active Customers,2.2812,-0.6366
13307,120,1,15.0,15.0,4.795790545596741,0.6931471805599453,2.772588722239781,2.772588722239781,0,Low-Engagement / Lapsed Spenders,-2.7684,-1.0276
13308,23,3,1385.51,461.84,3.1780538303479458,1.3862943611198906,7.23454507743516,6.137381422008136,1,High-Value Active Customers,0.5925,-0.1629
13309,7,5,1456.79,291.36,2.0794415416798357,1.791759469228055,7.2846768692730555,5.677985919612191,1,High-Value Active Customers,1.4028,-0.686
13310,28,3,1132.03,377.34,3.367295829986474,1.3862943611198906,7.032650739053453,5.935793262237517,1,High-Value Active Customers,0.4244,-0.1165
13311,4,2,598.57,299.29,1.6094379124341003,1.0986122886681096,6.396212731621162,5.704748674401526,1,High-Value Active Customers,0.5339,-1.5727
13313,22,5,1555.32,311.06,3.1354942159291497,1.791759469228055,7.35007933912113,5.743195477013036,1,High-Value Active Customers,1.0304,0.0073
13314,2,3,775.94,258.65,1.0986122886681096,1.3862943611198906,6.655363127308804,5.559334570290328,1,High-Value Active Customers,1.1122,-1.6921
13316,37,4,5732.93,1433.23,3.6375861597263857,1.6094379124341003,8.654156438485995,7.2683833988144215,1,High-Value Active Customers,1.2919,0.7308
13317,66,6,2273.68,378.95,4.204692619390966,1.9459101490553132,7.729594662150938,5.940039665115794,1,High-Value Active Customers,0.9414,0.8823
13318,1,3,640.76,213.59,0.6931471805599453,1.3862943611198906,6.464214402021743,5.368729230788402,1,High-Value Active Customers,1.1764,-2.0187
13319,5,26,10845.550000000001,417.14,1.791759469228055,3.295836866004329,9.29160233605445,6.035816304678482,1,High-Value Active Customers,3.8253,0.4379
13320,78,4,1532.2,383.05,4.3694478524670215,1.6094379124341003,7.3351123335064,5.950772752444691,1,High-Value Active Customers,0.3869,0.7143
13321,72,2,567.36,283.68,4.290459441148391,1.0986122886681096,6.342755020769874,5.651365742431071,0,Low-Engagement / Lapsed Spenders,-0.5156,0.1074
13322,17,1,199.48000000000002,199.48,2.8903717578961645,0.6931471805599453,5.300714491147758,5.300714491147758,0,Low-Engagement / Lapsed Spenders,-0.8418,-1.3147
13323,3,5,787.85,157.57,1.3862943611198906,1.791759469228055,6.670576188703463,5.0661961362014765,1,High-Value Active Customers,1.3764,-1.3491
13324,36,10,7121.95,712.2,3.6109179126442243,2.3978952727983707,8.871077244439467,6.569761885988985,1,High-Value Active Customers,2.1184,1.0945
13325,82,1,675.3,675.3,4.418840607796598,0.6931471805599453,6.516636764580894,6.516636764580894,0,Low-Engagement / Lapsed Spenders,-0.8491,0.0971
13327,39,8,3627.77,453.47,3.6888794541139363,2.1972245773362196,8.196649026863438,6.119131904838342,1,High-Value Active Customers,1.5873,0.8215
13328,316,1,1308.48,1308.48,5.75890177387728,0.6931471805599453,7.177385390826169,7.177385390826169,0,Low-Engagement / Lapsed Spenders,-1.0477,1.1872
13329,32,2,789.0,394.5,3.4965075614664802,1.0986122886681096,6.672032945461067,5.980150787207709,0,Low-Engagement / Lapsed Spenders,-0.0562,-0.2759
13330,93,3,1140.93,380.31,4.543294782270004,1.3862943611198906,7.040475092365302,5.943612692588333,0,Low-Engagement / Lapsed Spenders,-0.0211,0.6319
13332,14,1,350.9,350.9,2.70805020110221,0.6931471805599453,5.863347044327539,5.863347044327539,0,Low-Engagement / Lapsed Spenders,-0.5054,-1.2254
13334,82,3,3502.32,1167.44,4.418840607796598,1.3862943611198906,8.161466369296502,7.063424804778665,1,High-Value Active Customers,0.558,0.9613
13336,77,1,795.12,795.12,4.356708826689592,0.6931471805599453,6.67974992825102,6.67974992825102,0,Low-Engagement / Lapsed Spenders,-0.748,0.1171
13338,158,1,487.02,487.02,5.0689042022202315,0.6931471805599453,6.190356388619899,6.190356388619899,0,Low-Engagement / Lapsed Spenders,-1.2522,0.3903
13339,201,1,860.12,860.12,5.308267697401205,0.6931471805599453,6.758233867538541,6.758233867538541,0,Low-Engagement / Lapsed Spenders,-1.0743,0.7489
13340,45,7,10736.48,1533.78,3.828641396489095,2.0794415416798357,9.28149570365981,7.33614232727408,1,High-Value Active Customers,1.9417,1.2602
13341,261,1,775.85,775.85,5.568344503761097,0.6931471805599453,6.65524728153801,6.65524728153801,0,Low-Engagement / Lapsed Spenders,-1.2225,0.8763
13343,178,1,353.43,353.43,5.187385805840755,0.6931471805599453,5.870510865261174,5.870510865261174,0,Low-Engagement / Lapsed Spenders,-1.4491,0.3489
13344,68,3,2511.69,837.23,4.23410650459726,1.3862943611198906,7.829109171398687,6.731292525831162,1,High-Value Active Customers,0.471,0.7231
13345,288,1,389.5,389.5,5.666426688112432,0.6931471805599453,5.967427969279741,5.967427969279741,0,Low-Engagement / Lapsed Spenders,-1.5861,0.6879
13347,70,1,341.36,341.36,4.2626798770413155,0.6931471805599453,5.835862815013409,5.835862815013409,0,Low-Engagement / Lapsed Spenders,-1.1123,-0.2499
13348,64,1,233.76,233.76,4.174387269895637,0.6931471805599453,5.458563715690134,5.458563715690134,0,Low-Engagement / Lapsed Spenders,-1.2574,-0.4433
13349,11,1,247.32,247.32,2.4849066497880004,0.6931471805599453,5.514718236994854,5.514718236994854,0,Low-Engagement / Lapsed Spenders,-0.5854,-1.4938
13350,16,2,979.12,489.56,2.833213344056216,1.0986122886681096,6.887675013147945,6.19554759568345,1,High-Value Active Customers,0.2994,-0.6179
13351,66,1,373.94,373.94,4.204692619390966,0.6931471805599453,5.926766013169045,5.926766013169045,0,Low-Engagement / Lapsed Spenders,-1.047,-0.2535
13352,60,1,397.97999999999996,397.98,4.110873864173311,0.6931471805599453,5.988911290320265,5.988911290320265,0,Low-Engagement / Lapsed Spenders,-0.9817,-0.2904
13354,71,1,743.53,743.53,4.276666119016055,0.6931471805599453,6.612753146812557,6.612753146812557,0,Low-Engagement / Lapsed Spenders,-0.7492,0.0419
13355,122,1,674.7,674.7,4.812184355372417,0.6931471805599453,6.515749190558129,6.515749190558129,0,Low-Engagement / Lapsed Spenders,-0.9998,0.3461
13356,80,1,768.24,768.24,4.394449154672439,0.6931471805599453,6.645403014442646,6.645403014442646,0,Low-Engagement / Lapsed Spenders,-0.7787,0.1285
13357,257,1,609.4,609.4,5.552959584921617,0.6931471805599453,6.414114479970247,6.414114479970247,0,Low-Engagement / Lapsed Spenders,-1.331,0.7787
13358,269,1,439.03,439.03,5.598421958998375,0.6931471805599453,6.086842906406214,6.086842906406214,0,Low-Engagement / Lapsed Spenders,-1.5035,0.6883
13359,64,1,439.56,439.56,4.174387269895637,0.6931471805599453,6.088046644954226,6.088046644954226,0,Low-Engagement / Lapsed Spenders,-0.959,-0.214
13362,9,4,3090.7400000000002,772.68,2.302585092994046,1.6094379124341003,8.036489318202769,6.651158351408708,1,High-Value Active Customers,1.509,-0.3405
13363,18,2,992.5,496.25,2.9444389791664403,1.0986122886681096,6.901234061991872,6.209092917734082,0,Low-Engagement / Lapsed Spenders,0.2633,-0.5424
13364,71,1,134.95999999999998,134.96,4.276666119016055,0.6931471805599453,4.9123607248279155,4.9123607248279155,0,Low-Engagement / Lapsed Spenders,-1.5555,-0.5774
13365,34,2,2225.37,1112.68,3.5553480614894135,1.0986122886681096,7.708127735453272,7.015425126080312,1,High-Value Active Customers,0.4126,0.1387
13366,50,1,56.160000000000004,56.16,3.9318256327243257,0.6931471805599453,4.045854353061666,4.045854353061666,0,Low-Engagement / Lapsed Spenders,-1.8346,-1.1115
13368,257,2,623.4,311.7,5.552959584921617,1.0986122886681096,6.436791188641277,5.745244264463795,0,Low-Engagement / Lapsed Spenders,-0.9533,0.942
13369,366,1,308.28000000000003,308.28,5.905361848054571,0.6931471805599453,5.734247015460021,5.734247015460021,0,Low-Engagement / Lapsed Spenders,-1.7879,0.7545
13370,372,1,754.87,754.87,5.921578419643816,0.6931471805599453,6.62786940372116,6.62786940372116,0,Low-Engagement / Lapsed Spenders,-1.3704,1.0902
13372,90,1,378.64,378.64,4.51085950651685,0.6931471805599453,5.939223435262291,5.939223435262291,0,Low-Engagement / Lapsed Spenders,-1.1581,-0.0549
13373,61,3,3312.25,1104.08,4.127134385045092,1.3862943611198906,8.105684859760789,7.007673009521276,1,High-Value Active Customers,0.643,0.756
13375,89,1,778.65,778.65,4.499809670330265,0.6931471805599453,6.658845101030894,6.658845101030894,0,Low-Engagement / Lapsed Spenders,-0.8126,0.2002
13376,99,3,1019.76,339.92,4.605170185988092,1.3862943611198906,6.928302726869797,5.831647845654097,0,Low-Engagement / Lapsed Spenders,-0.0979,0.6303
13379,26,3,572.56,190.85,3.295836866004329,1.3862943611198906,6.351862551846838,5.256713816692962,0,Low-Engagement / Lapsed Spenders,0.1289,-0.4097
13381,32,6,3639.31,606.55,3.4965075614664802,1.9459101490553132,8.199824121839633,6.409434476354621,1,High-Value Active Customers,1.4349,0.6046
13382,281,1,222.99,222.99,5.641907070938114,0.6931471805599453,5.411601408001375,5.411601408001375,0,Low-Engagement / Lapsed Spenders,-1.8403,0.4699
13384,31,7,4151.93,593.13,3.4657359027997265,2.0794415416798357,8.331569388203366,6.387098150636191,1,High-Value Active Customers,1.6299,0.6841
13385,330,1,534.57,534.57,5.802118375377063,0.6931471805599453,6.283331600299074,6.283331600299074,0,Low-Engagement / Lapsed Spenders,-1.4882,0.889
13388,131,2,677.1,338.55,4.882801922586371,1.0986122886681096,6.519294769689797,5.8276212115598005,0,Low-Engagement / Lapsed Spenders,-0.6582,0.5472
13389,11,3,797.96,265.99,2.4849066497880004,1.3862943611198906,6.683310881934879,5.587211204515341,1,High-Value Active Customers,0.5959,-0.8031
13390,75,1,544.08,544.08,4.330733340286331,0.6931471805599453,6.30093257288162,6.30093257288162,0,Low-Engagement / Lapsed Spenders,-0.9177,-0.0374
13391,204,1,59.8,59.8,5.3230099791384085,0.6931471805599453,4.107589788972121,4.107589788972121,0,Low-Engagement / Lapsed Spenders,-2.3368,-0.2071
13394,2,8,2520.02,315.0,1.0986122886681096,2.1972245773362196,7.832418860516229,5.755742213586912,1,High-Value Active Customers,2.4041,-0.9532
13395,185,1,307.72,307.72,5.225746673713202,0.6931471805599453,5.7324347172293635,5.7324347172293635,0,Low-Engagement / Lapsed Spenders,-1.5292,0.323
13396,29,2,1360.99,680.5,3.4011973816621555,1.0986122886681096,7.216702144538598,6.524296251136588,0,Low-Engagement / Lapsed Spenders,0.2384,-0.138
13397,73,5,1544.13,308.83,4.304065093204169,1.791759469228055,7.342863328186895,5.736023759963219,1,High-Value Active Customers,0.5806,0.7455
13398,192,1,457.34,457.34,5.262690188904886,0.6931471805599453,6.127611266781323,6.127611266781323,0,Low-Engagement / Lapsed Spenders,-1.3559,0.4903
13402,127,2,621.23,310.62,4.852030263919617,1.0986122886681096,6.433309799308897,5.741784496789209,0,Low-Engagement / Lapsed Spenders,-0.6872,0.4964
13403,18,1,75.0,75.0,2.9444389791664403,0.6931471805599453,4.330733340286331,4.330733340286331,0,Low-Engagement / Lapsed Spenders,-1.3224,-1.6337
13404,1,2,252.49,126.24,0.6931471805599453,1.0986122886681096,5.5353243745214,4.846075066880943,1,High-Value Active Customers,0.4757,-2.4671
13405,74,3,572.451,190.82,4.31748811353631,1.3862943611198906,6.351672492640208,5.256557432299805,0,Low-Engagement / Lapsed Spenders,-0.2614,0.2379
13408,2,62,28117.04,453.5,1.0986122886681096,4.143134726391533,10.244166642215127,6.119197913617533,1,High-Value Active Customers,5.3084,0.6695
13410,24,5,1003.06,200.61,3.2188758248682006,1.791759469228055,6.911807059422235,5.30633513814162,1,High-Value Active Customers,0.7907,-0.0995
13411,107,1,213.55,213.55,4.68213122712422,0.6931471805599453,5.368542811437534,5.368542811437534,0,Low-Engagement / Lapsed Spenders,-1.4941,-0.1542
13414,134,3,1390.5,463.5,4.90527477843843,1.3862943611198906,7.238137580965946,6.140961558253893,0,Low-Engagement / Lapsed Spenders,-0.0656,0.9333
13416,44,2,712.5,356.25,3.8066624897703196,1.0986122886681096,6.570182436916891,5.878435816809977,0,Low-Engagement / Lapsed Spenders,-0.223,-0.1164
13417,5,2,640.83,320.42,1.791759469228055,1.0986122886681096,6.4643234711171225,5.772748679120924,1,High-Value Active Customers,0.4965,-1.4323
13418,12,18,6127.43,340.41,2.5649493574615367,2.9444389791664403,8.720693878671442,5.833084101085435,1,High-Value Active Customers,2.9412,0.5857
13419,64,1,221.06,221.06,4.174387269895637,0.6931471805599453,5.40294761562612,5.40294761562612,0,Low-Engagement / Lapsed Spenders,-1.2838,-0.4635
13420,150,2,159.85,79.92,5.017279836814924,1.0986122886681096,5.080472253685035,4.393461012299545,0,Low-Engagement / Lapsed Spenders,-1.3918,0.1085
13421,40,2,1833.71,916.86,3.713572066704308,1.0986122886681096,7.514641709852188,6.822044873543729,0,Low-Engagement / Lapsed Spenders,0.2604,0.1685
13422,64,1,2626.3,2626.3,4.174387269895637,0.6931471805599453,7.8737119818711125,7.8737119818711125,0,Low-Engagement / Lapsed Spenders,-0.1123,0.4363
13425,108,3,1624.21,541.4,4.6913478822291435,1.3862943611198906,7.393392317183492,6.296003736626186,0,Low-Engagement / Lapsed Spenders,0.0897,0.8543
13426,1,10,3641.32,364.13,0.6931471805599453,2.3978952727983707,8.200376120238847,5.9002534545545755,1,High-Value Active Customers,2.915,-0.9995
13427,19,3,582.6,194.2,2.995732273553991,1.3862943611198906,6.369215816648631,5.274024673978992,0,Low-Engagement / Lapsed Spenders,0.2518,-0.5937
13428,10,1,201.78,201.78,2.3978952727983707,0.6931471805599453,5.3121216475244335,5.3121216475244335,0,Low-Engagement / Lapsed Spenders,-0.6483,-1.6228
13429,11,4,1006.8,251.7,2.4849066497880004,1.6094379124341003,6.915525016246498,5.532203014394148,1,High-Value Active Customers,0.9079,-0.6332
13430,19,2,679.45,339.72,2.995732273553991,1.0986122886681096,6.5227543440063265,5.831061025614958,0,Low-Engagement / Lapsed Spenders,0.0643,-0.6478
13431,67,2,1269.1,634.55,4.219507705176107,1.0986122886681096,7.146850916510274,6.454490765740678,0,Low-Engagement / Lapsed Spenders,-0.1073,0.3553
13434,74,2,534.24,267.12,4.31748811353631,1.0986122886681096,6.282715244436788,5.591434641489757,0,Low-Engagement / Lapsed Spenders,-0.5544,0.1027
13435,5,7,3809.8900000000003,544.27,1.791759469228055,2.0794415416798357,8.245618036642021,6.301281084830853,1,High-Value Active Customers,2.2286,-0.4084
13436,2,1,196.89,196.89,1.0986122886681096,0.6931471805599453,5.287711320760812,5.287711320760812,0,Low-Engagement / Lapsed Spenders,-0.1635,-2.4553
13437,14,7,3408.06,486.87,2.70805020110221,2.0794415416798357,8.134191872452362,6.190048976921489,1,High-Value Active Customers,1.8258,0.1319
13439,255,1,283.71,283.71,5.545177444479562,0.6931471805599453,5.651471118359793,5.651471118359793,0,Low-Engagement / Lapsed Spenders,-1.6896,0.496
13441,92,1,296.64,296.64,4.532599493153256,0.6931471805599453,5.69588470252906,5.69588470252906,0,Low-Engagement / Lapsed Spenders,-1.2817,-0.1297
13447,23,3,1129.14,376.38,3.1780538303479458,1.3862943611198906,7.030096797837492,5.933252637359568,1,High-Value Active Customers,0.4955,-0.2374
13448,17,6,3534.69,589.12,2.8903717578961645,1.9459101490553132,8.170663750231064,6.380325906049366,1,High-Value Active Customers,1.6526,0.2097
13449,24,1,291.88,291.88,3.2188758248682006,0.6931471805599453,5.679762968811981,5.679762968811981,0,Low-Engagement / Lapsed Spenders,-0.7875,-0.9684
13450,27,6,2043.7199999999998,340.62,3.332204510175204,1.9459101490553132,7.623016139787193,5.833699008209915,1,High-Value Active Customers,1.2241,0.2904
13451,26,5,2898.2599999999998,579.65,3.295836866004329,1.791759469228055,7.972210810998752,6.364148165691767,1,High-Value Active Customers,1.2641,0.3355
13452,259,2,590.0,295.0,5.560681631015528,1.0986122886681096,6.3818160174060985,5.69035945432406,0,Low-Engagement / Lapsed Spenders,-0.9823,0.9269
13453,166,2,356.97999999999996,178.49,5.117993812416755,1.0986122886681096,5.880477118918353,5.19011949607005,0,Low-Engagement / Lapsed Spenders,-1.0509,0.4637
13455,25,2,1058.34,529.17,3.258096538021482,1.0986122886681096,6.965401351674954,6.273197709832352,0,Low-Engagement / Lapsed Spenders,0.174,-0.3202
13456,18,6,1766.72,294.45,2.9444389791664403,1.9459101490553132,7.477445859614847,5.688499617791684,1,High-Value Active Customers,1.3032,-0.0085
13458,7,14,9646.57,689.04,2.0794415416798357,2.70805020110221,9.174461349151194,6.536749566925543,1,High-Value Active Customers,3.128,0.3528
13460,29,2,183.44,91.72,3.4011973816621555,1.0986122886681096,5.217324207338505,4.529584199031496,0,Low-Engagement / Lapsed Spenders,-0.7096,-0.8662
13461,39,3,1445.0,481.67,3.6888794541139363,1.3862943611198906,7.27655640271871,6.179333190331053,1,High-Value Active Customers,0.4172,0.1762
13462,253,1,151.5,151.5,5.537334267018537,0.6931471805599453,5.0271645960474665,5.0271645960474665,0,Low-Engagement / Lapsed Spenders,-1.9826,0.2636
13464,58,1,674.68,674.68,4.07753744390572,0.6931471805599453,6.515719591185634,6.515719591185634,0,Low-Engagement / Lapsed Spenders,-0.7192,-0.1196
13466,184,1,307.9,307.9,5.220355825078325,0.6931471805599453,5.733017599924536,5.733017599924536,0,Low-Engagement / Lapsed Spenders,-1.5269,0.3198
13467,11,2,1071.91,535.96,2.4849066497880004,1.0986122886681096,6.978129862132399,6.2859236038387865,1,High-Value Active Customers,0.4753,-0.8058
13468,2,37,5704.97,154.19,1.0986122886681096,3.6375861597263857,8.64926827413607,5.044650172683533,1,High-Value Active Customers,4.0947,-0.1047
13470,99,2,165.0,82.5,4.605170185988092,1.0986122886681096,5.111987788356544,4.42484663185681,0,Low-Engagement / Lapsed Spenders,-1.2194,-0.1413
13471,1,4,2501.84,625.46,0.6931471805599453,1.6094379124341003,7.825181366096544,6.440084925530074,1,High-Value Active Customers,2.0237,-1.4377
13473,61,2,422.64,211.32,4.127134385045092,1.0986122886681096,6.048884037975468,5.358094570583897,0,Low-Engagement / Lapsed Spenders,-0.5926,-0.1031
13474,236,1,226.84,226.84,5.4680601411351315,0.6931471805599453,5.428643628223611,5.428643628223611,0,Low-Engagement / Lapsed Spenders,-1.7658,0.3659
13475,191,4,1431.78,357.94,5.2574953720277815,1.6094379124341003,7.2673718919667785,5.883155243601131,0,Low-Engagement / Lapsed Spenders,0.0156,1.2526
13476,179,2,1238.47,619.24,5.19295685089021,1.0986122886681096,7.122439147874555,6.430106499910703,0,Low-Engagement / Lapsed Spenders,-0.4907,0.9635
13477,38,6,1454.58,242.43,3.6635616461296463,1.9459101490553132,7.283159725605137,5.494829426861329,1,High-Value Active Customers,0.9364,0.3766
13479,201,2,300.95,150.48,5.308267697401205,1.0986122886681096,5.71026144075391,5.0204536030335944,0,Low-Engagement / Lapsed Spenders,-1.2043,0.5223
13481,46,5,1804.56,360.91,3.8501476017100584,1.791759469228055,7.498626071957096,5.891395562130468,1,High-Value Active Customers,0.8278,0.5144
13482,232,1,184.64,184.64,5.4510384535657,0.6931471805599453,5.223809314372975,5.223809314372975,0,Low-Engagement / Lapsed Spenders,-1.8564,0.2806
13483,66,1,140.34,140.34,4.204692619390966,0.6931471805599453,4.951168335262708,4.951168335262708,0,Low-Engagement / Lapsed Spenders,-1.5096,-0.6088
13484,241,1,313.8,313.8,5.488937726156687,0.6931471805599453,5.751937516543248,5.751937516543248,0,Low-Engagement / Lapsed Spenders,-1.6205,0.4969
13485,233,1,454.24,454.24,5.455321115357702,0.6931471805599453,6.120824752413689,6.120824752413689,0,Low-Engagement / Lapsed Spenders,-1.4327,0.61
13486,78,3,1122.41,374.14,4.3694478524670215,1.3862943611198906,7.024123981607583,5.927299289632195,0,Low-Engagement / Lapsed Spenders,0.0376,0.5157
13487,58,3,575.4,191.8,4.07753744390572,1.3862943611198906,6.356801864125367,5.261653382176445,0,Low-Engagement / Lapsed Spenders,-0.1673,0.0876
13488,17,13,8968.31,689.87,2.8903717578961645,2.639057329615259,9.101564029017187,6.537951672928035,1,High-Value Active Customers,2.7212,0.8139
13489,105,4,449.52,112.38,4.663439094112067,1.6094379124341003,6.110402471179496,4.730745008896157,0,Low-Engagement / Lapsed Spenders,-0.3061,0.4547
13491,52,10,1215.82,121.58,3.970291913552122,2.3978952727983707,7.103996177364903,4.808763878057586,1,High-Value Active Customers,1.1433,0.6787
13492,136,3,1269.84,423.28,4.919980925828125,1.3862943611198906,7.147433378135437,6.05039361463727,0,Low-Engagement / Lapsed Spenders,-0.1143,0.9096
13493,275,2,618.63,309.32,5.62040086571715,1.0986122886681096,6.429122525704993,5.737604023131712,0,Low-Engagement / Lapsed Spenders,-0.9827,0.982
13494,312,1,316.26000000000005,316.26,5.746203190540153,0.6931471805599453,5.759721626980309,5.759721626980309,0,Low-Engagement / Lapsed Spenders,-1.7151,0.6628
13495,8,5,2044.8700000000001,408.97,2.1972245773362196,1.791759469228055,7.623578405880983,6.016083986289537,1,High-Value Active Customers,1.5185,-0.4879
13496,11,2,653.33,326.67,2.4849066497880004,1.0986122886681096,6.483611811351871,5.792007004367292,0,Low-Engagement / Lapsed Spenders,0.2409,-0.9859
13497,283,2,348.05,174.02,5.648974238161206,1.0986122886681096,5.855215178416411,5.164900253107685,0,Low-Engagement / Lapsed Spenders,-1.2658,0.7911
13499,18,5,1159.11,231.82,2.9444389791664403,1.791759469228055,7.056270107190766,5.450265622820095,1,High-Value Active Customers,0.9641,-0.2208
13500,23,3,1166.77,388.92,3.1780538303479458,1.3862943611198906,7.062851226189096,5.965941589876897,1,High-Value Active Customers,0.511,-0.2254
13501,288,1,1340.32,1340.32,5.666426688112432,0.6931471805599453,7.201409482704207,7.201409482704207,0,Low-Engagement / Lapsed Spenders,-1.001,1.1373
13502,17,3,292.0,97.33,2.8903717578961645,1.3862943611198906,5.680172609017068,4.588329168792065,0,Low-Engagement / Lapsed Spenders,-0.0347,-0.9114
13503,71,1,216.85,216.85,4.276666119016055,0.6931471805599453,5.383806752563451,5.383806752563451,0,Low-Engagement / Lapsed Spenders,-1.3319,-0.4057
13504,64,1,295.93,295.93,4.174387269895637,0.6931471805599453,5.693496420787701,5.693496420787701,0,Low-Engagement / Lapsed Spenders,-1.146,-0.3577
13505,73,4,4393.63,1098.41,4.304065093204169,1.6094379124341003,8.388138619999735,7.002528951255668,1,High-Value Active Customers,0.9112,1.0564
13506,316,2,458.52,229.26,5.75890177387728,1.0986122886681096,6.130182466419805,5.439209105245518,0,Low-Engagement / Lapsed Spenders,-1.1774,0.9609
13507,3,4,2479.16,619.79,1.3862943611198906,1.6094379124341003,7.816078353206984,6.430992860491847,1,High-Value Active Customers,1.7546,-1.0016
13508,244,1,110.97,110.97,5.501258210544727,0.6931471805599453,4.718230978272105,4.718230978272105,0,Low-Engagement / Lapsed Spenders,-2.1153,0.1283
13509,9,7,979.72,139.96,2.302585092994046,2.0794415416798357,6.888286995786739,4.94847616218787,1,High-Value Active Customers,1.3899,-0.5789
13510,1,4,1791.56,447.89,0.6931471805599453,1.6094379124341003,7.4914000447169204,6.106777868863437,1,High-Value Active Customers,1.8654,-1.5593
13512,261,1,251.21,251.21,5.568344503761097,0.6931471805599453,5.530262073815315,5.530262073815315,0,Low-Engagement / Lapsed Spenders,-1.7559,0.4665
13513,127,1,205.1,205.1,4.852030263919617,0.6931471805599453,5.328361487896413,5.328361487896413,0,Low-Engagement / Lapsed Spenders,-1.578,-0.0611
13514,74,1,152.20000000000002,152.2,4.31748811353631,0.6931471805599453,5.031744257306491,5.0317442573064906,0,Low-Engagement / Lapsed Spenders,-1.5145,-0.508
13515,73,4,891.12,222.78,4.304065093204169,1.6094379124341003,6.793600652679757,5.410663426379575,0,Low-Engagement / Lapsed Spenders,0.1552,0.4757
13516,21,3,1389.41,463.14,3.091042453358316,1.3862943611198906,7.2373539466601775,6.140186230854613,1,High-Value Active Customers,0.627,-0.2171
13517,60,3,2128.42,709.47,4.110873864173311,1.3862943611198906,7.663604921153483,6.56592672285964,1,High-Value Active Customers,0.4396,0.5847
13518,86,1,627.16,627.16,4.465908118654584,0.6931471805599453,6.442794911088096,6.442794911088096,0,Low-Engagement / Lapsed Spenders,-0.9021,0.1
13519,78,1,122.75,122.75,4.3694478524670215,0.6931471805599453,4.8182634014487995,4.8182634014487995,0,Low-Engagement / Lapsed Spenders,-1.6355,-0.5528
13520,59,6,3624.35,604.06,4.0943445622221,1.9459101490553132,8.195706114352095,6.405327626667189,1,High-Value Active Customers,1.2046,0.9821
13521,1,3,1071.73,357.24,0.6931471805599453,1.3862943611198906,6.977962080025035,5.8812031528504445,1,High-Value Active Customers,1.42,-1.8316
13522,30,1,125.80000000000001,125.8,3.4339872044851463,0.6931471805599453,4.842611042003125,4.842611042003125,0,Low-Engagement / Lapsed Spenders,-1.2667,-1.137
13523,33,5,3964.88,792.98,3.5263605246161616,1.791759469228055,8.285483051435902,6.677058272013013,1,High-Value Active Customers,1.3246,0.5957
13524,41,5,680.1800000000001,136.04,3.7376696182833684,1.791759469228055,6.523826588404497,4.920272854015864,1,High-Value Active Customers,0.4086,0.0881
13525,15,2,628.78,314.39,2.772588722239781,1.0986122886681096,6.445370552049637,5.753809968255849,0,Low-Engagement / Lapsed Spenders,0.1128,-0.8174
13527,34,7,2242.36,320.34,3.5553480614894135,2.0794415416798357,7.7157300209728215,5.772499752615189,1,High-Value Active Customers,1.3037,0.5167
13529,79,2,307.76,153.88,4.382026634673881,1.0986122886681096,5.7325642760816535,5.042650623528266,0,Low-Engagement / Lapsed Spenders,-0.8399,-0.0567
13531,205,2,483.8,241.9,5.327876168789581,1.0986122886681096,6.1837364347551045,5.492649836008127,0,Low-Engagement / Lapsed Spenders,-0.9873,0.7072
13532,34,1,210.31,210.31,3.5553480614894135,0.6931471805599453,5.353326249578836,5.353326249578836,0,Low-Engagement / Lapsed Spenders,-1.0709,-0.874
13533,183,3,269.09,89.7,5.214935757608986,1.3862943611198906,5.598755236788495,4.507557357121091,0,Low-Engagement / Lapsed Spenders,-0.9612,0.5326
13534,2,25,5870.08,234.8,1.0986122886681096,3.258096538021482,8.677793882270105,5.462983988103271,1,High-Value Active Customers,3.7648,-0.2395
13536,1,7,3444.39,492.06,0.6931471805599453,2.0794415416798357,8.144792384587438,6.200630870491333,1,High-Value Active Customers,2.6005,-1.1415
13538,43,7,1280.85,182.98,3.784189633918261,2.0794415416798357,7.156059625954846,5.214827056049011,1,High-Value Active Customers,0.9509,0.4579
13539,86,3,631.34,210.45,4.465908118654584,1.3862943611198906,6.449427224173901,5.353988563918498,0,Low-Engagement / Lapsed Spenders,-0.2718,0.3676
13544,40,2,276.06,138.03,3.713572066704308,1.0986122886681096,5.624234089229733,4.9346897371814515,0,Low-Engagement / Lapsed Spenders,-0.636,-0.52
13546,12,3,621.09,207.03,2.5649493574615367,1.3862943611198906,6.433084776805697,5.337682300070291,1,High-Value Active Customers,0.4466,-0.8435
13548,96,2,678.16,339.08,4.574710978503383,1.0986122886681096,6.520856740447811,5.829180884050535,0,Low-Engagement / Lapsed Spenders,-0.5398,0.3525
13549,26,7,918.2,131.17,3.295836866004329,2.0794415416798357,6.823503726534546,4.884088972769716,1,High-Value Active Customers,0.9798,0.0272
13551,319,1,91.80000000000001,91.8,5.768320995793772,0.6931471805599453,4.530446639792155,4.530446639792155,0,Low-Engagement / Lapsed Spenders,-2.3064,0.2292
13552,66,12,3740.07,311.67,4.204692619390966,2.5649493574615367,8.227126945747532,5.745148321262097,1,High-Value Active Customers,1.7374,1.3003
13555,74,4,4098.88,1024.72,4.31748811353631,1.6094379124341003,8.318712983971391,6.933150084002079,1,High-Value Active Customers,0.8732,1.0396
13557,28,2,584.06,292.03,3.367295829986474,1.0986122886681096,6.371714406075083,5.680274992854161,0,Low-Engagement / Lapsed Spenders,-0.1493,-0.4672
13558,6,4,594.52,148.63,1.9459101490553132,1.6094379124341003,6.389434973453886,5.008165580195328,1,High-Value Active Customers,0.8643,-1.1665
13560,7,1,171.42000000000002,171.42,2.0794415416798357,0.6931471805599453,5.149933360781779,5.1499333607817785,0,Low-Engagement / Lapsed Spenders,-0.6035,-1.8837
13561,216,1,141.85999999999999,141.86,5.37989735354046,0.6931471805599453,4.961865129726826,4.961865129726826,0,Low-Engagement / Lapsed Spenders,-1.9534,0.1401
13562,82,3,1799.33,599.78,4.418840607796598,1.3862943611198906,7.495725260414088,6.398228810947766,0,Low-Engagement / Lapsed Spenders,0.2423,0.7188
13563,84,2,777.53,388.76,4.442651256490317,1.0986122886681096,6.657407526177046,5.965531165081478,0,Low-Engagement / Lapsed Spenders,-0.4246,0.3185
13564,144,3,1724.67,574.89,4.976733742420574,1.3862943611198906,7.453370659852556,6.3559166702361525,0,Low-Engagement / Lapsed Spenders,0.0091,1.057
13565,19,2,240.22,120.11,2.995732273553991,1.0986122886681096,5.485709380155097,4.7966992235329595,0,Low-Engagement / Lapsed Spenders,-0.4274,-1.0255
13566,41,2,856.84,428.42,3.7376696182833684,1.0986122886681096,6.75441760191189,6.062435460978561,0,Low-Engagement / Lapsed Spenders,-0.1093,-0.0931
13568,173,1,187.05,187.05,5.159055299214529,0.6931471805599453,5.2367078849163455,5.2367078849163455,0,Low-Engagement / Lapsed Spenders,-1.7388,0.1002
13569,17,2,338.62,169.31,2.8903717578961645,1.0986122886681096,5.8278273455181555,5.137620305850745,0,Low-Engagement / Lapsed Spenders,-0.225,-0.9677
13570,243,1,239.49,239.49,5.497168225293202,0.6931471805599453,5.482678508639762,5.482678508639762,0,Low-Engagement / Lapsed Spenders,-1.7513,0.4041
13571,13,12,2088.94,174.08,2.639057329615259,2.5649493574615367,7.644890636412799,5.165243012322694,1,High-Value Active Customers,2.0594,0.0957
13572,206,1,1384.25,1384.25,5.332718793265369,0.6931471805599453,7.233635907747459,7.233635907747459,0,Low-Engagement / Lapsed Spenders,-0.8583,0.9375
13573,50,2,290.25,145.12,3.9318256327243257,1.0986122886681096,5.67418200487991,4.984428201927082,0,Low-Engagement / Lapsed Spenders,-0.6956,-0.3634
13575,23,5,732.0699999999999,146.41,3.1780538303479458,1.791759469228055,6.597241195280628,4.993217820059186,1,High-Value Active Customers,0.6572,-0.2399
13576,10,18,6717.34,373.19,2.3978952727983707,2.9444389791664403,8.812596379192264,5.924763689805728,1,High-Value Active Customers,3.0486,0.5133
13577,25,4,1687.6000000000001,421.9,3.258096538021482,1.6094379124341003,7.4316550622354,6.047135744478443,1,High-Value Active Customers,0.8573,0.045
13579,15,2,467.04,233.52,2.772588722239781,1.0986122886681096,6.148553762350757,5.457540872096015,0,Low-Engagement / Lapsed Spenders,-0.0279,-0.9255
13581,309,1,118.0,118.0,5.736572297479192,0.6931471805599453,4.77912349311153,4.77912349311153,0,Low-Engagement / Lapsed Spenders,-2.1763,0.2996
13583,156,1,781.03,781.03,5.056245805348308,0.6931471805599453,6.661893102980819,6.661893102980819,0,Low-Engagement / Lapsed Spenders,-1.0237,0.554
13584,307,1,142.4,142.4,5.730099782973575,0.6931471805599453,4.96563792816552,4.96563792816552,0,Low-Engagement / Lapsed Spenders,-2.0854,0.3634
13587,64,1,712.4,712.4,4.174387269895637,0.6931471805599453,6.570042272924791,6.570042272924791,0,Low-Engagement / Lapsed Spenders,-0.7304,-0.0385
13588,16,9,2478.95,275.44,2.833213344056216,2.302585092994046,7.815993677665464,5.621993799223193,1,High-Value Active Customers,1.829,0.1807
13589,15,2,379.65,189.82,2.772588722239781,1.0986122886681096,5.941880317752221,5.2513305753237,0,Low-Engagement / Lapsed Spenders,-0.1259,-1.0008
13590,11,6,1981.92,330.32,2.4849066497880004,1.9459101490553132,7.592325784791223,5.803084675730063,1,High-Value Active Customers,1.5333,-0.258
13591,65,3,1117.13,372.38,4.189654742026425,1.3862943611198906,7.019412926024925,5.922596667809182,0,Low-Engagement / Lapsed Spenders,0.104,0.4
13592,36,4,247.95999999999998,61.99,3.6109179126442243,1.6094379124341003,5.5172922409900265,4.142975983633837,0,Low-Engagement / Lapsed Spenders,-0.1852,-0.4286
13593,108,5,2011.88,402.38,4.6913478822291435,1.791759469228055,7.607321811344266,5.999879045709,1,High-Value Active Customers,0.558,1.0873
13594,53,1,396.97,396.97,3.9889840465642745,0.6931471805599453,5.986376625559036,5.986376625559036,0,Low-Engagement / Lapsed Spenders,-0.9363,-0.3686
13596,6,2,664.11,332.06,1.9459101490553132,1.0986122886681096,6.499952440510379,5.808322653930125,1,High-Value Active Customers,0.4545,-1.3216
13598,47,1,160.04,160.04,3.8712010109078907,0.6931471805599453,5.081652781331536,5.081652781331536,0,Low-Engagement / Lapsed Spenders,-1.3203,-0.7727
13599,1,21,5149.92,245.23,0.6931471805599453,3.091042453358316,8.546930618480117,5.506266058479704,1,High-Value Active Customers,3.7065,-0.6081
13600,312,1,219.52,219.52,5.746203190540153,0.6931471805599453,5.395988393721483,5.395988393721483,0,Low-Engagement / Lapsed Spenders,-1.8875,0.5304
13601,45,2,693.32,346.66,3.828641396489095,1.0986122886681096,6.54293294933599,5.851224990693394,0,Low-Engagement / Lapsed Spenders,-0.2443,-0.1124
13602,65,1,428.89,428.89,4.189654742026425,0.6931471805599453,6.063529362008149,6.063529362008149,0,Low-Engagement / Lapsed Spenders,-0.9764,-0.2133
13603,26,1,164.34,164.34,3.295836866004329,0.6931471805599453,5.108003959824529,5.108003959824529,0,Low-Engagement / Lapsed Spenders,-1.088,-1.1279
13606,29,3,276.75,92.25,3.4011973816621555,1.3862943611198906,5.6267214285197396,4.535284058523925,0,Low-Engagement / Lapsed Spenders,-0.2551,-0.607
13607,40,1,675.51,675.51,3.713572066704308,0.6931471805599453,6.516947229467592,6.516947229467592,0,Low-Engagement / Lapsed Spenders,-0.5796,-0.3499
13610,12,7,1082.33,154.62,2.5649493574615367,2.0794415416798357,6.987794909727863,5.047417138188784,1,High-Value Active Customers,1.3369,-0.3763
13611,89,3,1154.4,384.8,4.499809670330265,1.3862943611198906,7.052201883347165,5.955319100471629,0,Low-Engagement / Lapsed Spenders,0.0011,0.6086
13614,24,4,1585.46,396.36,3.2188758248682006,1.6094379124341003,7.369260397972974,5.984842670799095,1,High-Value Active Customers,0.8427,-0.0026
13615,319,1,417.69,417.69,5.768320995793772,0.6931471805599453,6.037130789291114,6.037130789291114,0,Low-Engagement / Lapsed Spenders,-1.592,0.7779
13617,40,3,544.18,181.39,3.713572066704308,1.3862943611198906,6.301116015363744,5.206147251575906,0,Low-Engagement / Lapsed Spenders,-0.0547,-0.1634
13618,174,1,177.34,177.34,5.1647859739235145,0.6931471805599453,5.183691840706733,5.183691840706733,0,Low-Engagement / Lapsed Spenders,-1.7661,0.0845
13621,117,1,213.85,213.85,4.770684624465665,0.6931471805599453,5.3699401102210045,5.3699401102210045,0,Low-Engagement / Lapsed Spenders,-1.5272,-0.0975
13623,31,5,727.74,145.55,3.4657359027997265,1.791759469228055,6.591317015443623,4.987366667156902,1,High-Value Active Customers,0.5445,-0.0597
13626,253,1,257.23,257.23,5.537334267018537,0.6931471805599453,5.5538506606638975,5.5538506606638975,0,Low-Engagement / Lapsed Spenders,-1.7329,0.4555
13627,59,5,1638.47,327.69,4.0943445622221,1.791759469228055,7.402128297855622,5.795115057329384,1,High-Value Active Customers,0.6888,0.6341
13629,23,11,7792.36,708.4,3.1780538303479458,2.4849066497880004,8.961027368080067,6.564419542339522,1,High-Value Active Customers,2.4052,0.8861
13630,5,7,2031.78,290.25,1.791759469228055,2.0794415416798357,7.617159593311352,5.67418200487991,1,High-Value Active Customers,1.9306,-0.6372
13631,100,11,3070.42,279.13,4.61512051684126,2.4849066497880004,8.029895274358873,5.635253781136272,1,High-Value Active Customers,1.4147,1.458
13632,25,5,2118.93,423.79,3.258096538021482,1.791759469228055,7.659138348252998,6.051594929161006,1,High-Value Active Customers,1.1301,0.1976
13634,33,5,1547.3600000000001,309.47,3.5263605246161616,1.791759469228055,7.344951585251755,5.738087278348192,1,High-Value Active Customers,0.8786,0.2532
13635,68,1,1071.03,1071.03,4.23410650459726,0.6931471805599453,6.977309326313799,6.977309326313799,0,Low-Engagement / Lapsed Spenders,-0.5601,0.1477
13636,37,5,949.12,189.82,3.6375861597263857,1.791759469228055,6.856588292406893,5.2513305753237,1,High-Value Active Customers,0.6046,0.1458
13637,52,3,804.3,268.1,3.970291913552122,1.3862943611198906,6.6912148788015,5.59508305773286,0,Low-Engagement / Lapsed Spenders,0.0322,0.1414
13638,16,1,122.64,122.64,2.833213344056216,0.6931471805599453,4.817374117263916,4.817374117263916,0,Low-Engagement / Lapsed Spenders,-1.0491,-1.527
13639,74,1,1033.34,1033.34,4.31748811353631,0.6931471805599453,6.941518821134943,6.941518821134943,0,Low-Engagement / Lapsed Spenders,-0.6089,0.1875
13642,216,1,312.28,312.28,5.37989735354046,0.6931471805599453,5.7470973593421455,5.7470973593421455,0,Low-Engagement / Lapsed Spenders,-1.5811,0.426
13643,31,3,519.44,173.15,3.4657359027997265,1.3862943611198906,6.254674607635275,5.15991699681201,0,Low-Engagement / Lapsed Spenders,0.018,-0.3374
13644,16,4,2624.26,656.06,2.833213344056216,1.6094379124341003,7.87293521773988,6.487775338515723,1,High-Value Active Customers,1.2288,-0.0637
13645,120,1,252.1,252.1,4.795790545596741,0.6931471805599453,5.533784667551078,5.533784667551078,0,Low-Engagement / Lapsed Spenders,-1.4591,-0.0219
13647,10,4,1648.1200000000001,412.03,2.3978952727983707,1.6094379124341003,7.4079970912884825,6.023520229548113,1,High-Value Active Customers,1.1746,-0.509
13649,257,2,346.6,173.3,5.552959584921617,1.0986122886681096,5.851052393391237,5.160777952525975,0,Low-Engagement / Lapsed Spenders,-1.2311,0.7287
13650,17,6,1836.34,306.06,2.8903717578961645,1.9459101490553132,7.516074152465826,5.727043168230753,1,High-Value Active Customers,1.3422,-0.0287
13651,35,2,94.2,47.1,3.58351893845611,1.0986122886681096,4.55597994179732,3.8732821771117156,0,Low-Engagement / Lapsed Spenders,-1.0928,-0.9915
13652,46,3,1095.08,365.03,3.8501476017100584,1.3862943611198906,6.999495457544853,5.9027152972553525,0,Low-Engagement / Lapsed Spenders,0.2243,0.1775
13654,43,6,2707.33,451.22,3.784189633918261,1.9459101490553132,7.90408748775984,6.114168787083433,1,High-Value Active Customers,1.1848,0.6793
13655,114,2,932.97,466.48,4.74493212836325,1.0986122886681096,6.83944431779864,6.147356567064956,0,Low-Engagement / Lapsed Spenders,-0.4537,0.5764
13656,165,2,379.65,189.82,5.111987788356544,1.0986122886681096,5.941880317752221,5.2513305753237,0,Low-Engagement / Lapsed Spenders,-1.0195,0.4822
13657,11,2,382.14,191.07,2.4849066497880004,1.0986122886681096,5.948400457636955,5.2578598889167605,0,Low-Engagement / Lapsed Spenders,-0.0129,-1.1808
13658,10,5,2639.17,527.83,2.3978952727983707,1.791759469228055,7.878598588006555,6.270667019152168,1,High-Value Active Customers,1.5627,-0.2678
13659,206,2,1563.0,781.5,5.332718793265369,1.0986122886681096,7.355001921105257,6.662493922414308,0,Low-Engagement / Lapsed Spenders,-0.4338,1.1368
13662,86,3,881.26,293.75,4.465908118654584,1.3862943611198906,6.782486797146852,5.68612753941748,0,Low-Engagement / Lapsed Spenders,-0.1138,0.4889
13663,179,1,189.47,189.47,5.19295685089021,0.6931471805599453,5.249494701850468,5.249494701850468,0,Low-Engagement / Lapsed Spenders,-1.7457,0.1263
13666,60,3,84.65,28.22,4.110873864173311,1.3862943611198906,4.450269224770129,3.3748534063225533,0,Low-Engagement / Lapsed Spenders,-1.0841,-0.5856
13667,149,1,299.05,299.05,5.0106352940962555,0.6931471805599453,5.703949127435522,5.703949127435522,0,Low-Engagement / Lapsed Spenders,-1.4605,0.1762
13668,3,21,6309.83,300.47,1.3862943611198906,3.091042453358316,8.750022484127467,5.708670508728977,1,High-Value Active Customers,3.538,-0.0947
13669,51,2,218.55,109.28,3.9512437185814275,1.0986122886681096,5.391579997007726,4.703022586155596,0,Low-Engagement / Lapsed Spenders,-0.8371,-0.454
13670,75,1,349.7,349.7,4.330733340286331,0.6931471805599453,5.859931157146132,5.859931157146132,0,Low-Engagement / Lapsed Spenders,-1.1268,-0.198
13672,301,2,186.39000000000001,93.2,5.71042701737487,1.0986122886681096,5.233192006587575,4.545420181582317,0,Low-Engagement / Lapsed Spenders,-1.5842,0.6035
13673,19,2,387.44,193.72,2.995732273553991,1.0986122886681096,5.962138717726154,5.271562629239217,0,Low-Engagement / Lapsed Spenders,-0.2015,-0.852
13675,151,2,486.82000000000005,243.41,5.0238805208462765,1.0986122886681096,6.189946485351331,5.49884714299066,0,Low-Engagement / Lapsed Spenders,-0.8683,0.5167
13678,152,1,232.6,232.6,5.030437921392435,0.6931471805599453,5.453610250954072,5.453610250954072,0,Low-Engagement / Lapsed Spenders,-1.5868,0.0976
13680,1,4,3719.12,929.78,0.6931471805599453,1.6094379124341003,8.221511204811428,6.836022944304295,1,High-Value Active Customers,2.2116,-1.2934
13681,18,4,827.83,206.96,2.9444389791664403,1.6094379124341003,6.720015067761323,5.337345753515515,1,High-Value Active Customers,0.6396,-0.413
13682,187,1,59.5,59.5,5.236441962829949,0.6931471805599453,4.102643365036796,4.102643365036796,0,Low-Engagement / Lapsed Spenders,-2.3061,-0.2638
13684,286,1,65.13,65.13,5.659482215759621,0.6931471805599453,4.191622501686571,4.191622501686571,0,Low-Engagement / Lapsed Spenders,-2.4255,0.0368
13685,3,7,3119.44,445.63,1.3862943611198906,2.0794415416798357,8.045729296501372,6.101730511355077,1,High-Value Active Customers,2.2887,-0.7382
13686,183,1,72.0,72.0,5.214935757608986,0.6931471805599453,4.290459441148391,4.290459441148391,0,Low-Engagement / Lapsed Spenders,-2.2088,-0.2091
13689,63,1,910.0,910.0,4.1588830833596715,0.6931471805599453,6.814542897259958,6.814542897259958,0,Low-Engagement / Lapsed Spenders,-0.6086,0.0408
13690,59,1,172.25,172.25,4.0943445622221,0.6931471805599453,5.1547356380700124,5.1547356380700124,0,Low-Engagement / Lapsed Spenders,-1.3709,-0.6047
13692,25,3,1488.32,496.11,3.258096538021482,1.3862943611198906,7.30607491892943,6.208811329575014,1,High-Value Active Customers,0.5958,-0.0861
13694,4,50,65039.62,1300.79,1.6094379124341003,3.9318256327243257,11.082767276771584,7.171495519437251,1,High-Value Active Customers,5.3197,1.2179
13695,31,15,2504.13,166.94,3.4657359027997265,2.772588722239781,7.826095908379989,5.1236067727554175,1,High-Value Active Customers,2.0175,0.7652
13697,39,1,151.29999999999998,151.3,3.6888794541139363,0.6931471805599453,5.025852259901116,5.025852259901116,0,Low-Engagement / Lapsed Spenders,-1.2771,-0.9086
13699,155,1,308.58000000000004,308.58,5.049856007249537,0.6931471805599453,5.735216540145732,5.735216540145731,0,Low-Engagement / Lapsed Spenders,-1.4607,0.2125
13700,26,10,2248.63,224.86,3.295836866004329,2.3978952727983707,7.718521037231551,5.4199153382955245,1,High-Value Active Customers,1.6923,0.475
13703,318,1,99.5,99.5,5.765191102784844,0.6931471805599453,4.61015772749913,4.61015772749913,0,Low-Engagement / Lapsed Spenders,-2.2674,0.2562
13704,5,9,2308.06,256.45,1.791759469228055,2.302585092994046,7.744595794291895,5.55082552649215,1,High-Value Active Customers,2.193,-0.5055
13705,8,3,711.86,237.29,2.1972245773362196,1.3862943611198906,6.569285047698251,5.47348841931315,1,High-Value Active Customers,0.6517,-1.027
13706,303,1,330.79,330.79,5.717027701406222,0.6931471805599453,5.8045022386644325,5.8045022386644325,0,Low-Engagement / Lapsed Spenders,-1.6827,0.6607
13707,267,2,806.41,403.2,5.5909869805108565,1.0986122886681096,6.693831593776871,6.001909804969521,0,Low-Engagement / Lapsed Spenders,-0.846,1.0598
13708,271,1,285.33,285.33,5.605802066295998,0.6931471805599453,5.657144991804844,5.657144991804844,0,Low-Engagement / Lapsed Spenders,-1.7101,0.5365
13709,4,13,6307.650000000001,485.2,1.6094379124341003,2.639057329615259,8.74967698652825,6.186620061882023,1,High-Value Active Customers,3.0437,-0.1263
13710,32,1,180.48,180.48,3.4965075614664802,0.6931471805599453,5.201145454795763,5.201145454795763,0,Low-Engagement / Lapsed Spenders,-1.1205,-0.9668
13711,219,2,252.06,126.03,5.393627546352361,1.0986122886681096,5.5336266147611175,4.844423279035369,0,Low-Engagement / Lapsed Spenders,-1.3207,0.5121
13712,247,1,228.84,228.84,5.5134287461649825,0.6931471805599453,5.437383414671034,5.437383414671034,0,Low-Engagement / Lapsed Spenders,-1.779,0.3979
13715,281,5,1077.39,215.48,5.641907070938114,1.791759469228055,6.983224467118015,5.3774981644224775,0,Low-Engagement / Lapsed Spenders,-0.101,1.4626
13716,269,1,138.28,138.28,5.598421958998375,0.6931471805599453,4.936486295459933,4.936486295459933,0,Low-Engagement / Lapsed Spenders,-2.049,0.2693
13717,32,6,1445.01,240.84,3.4965075614664802,1.9459101490553132,7.276563318324119,5.488276350471202,1,High-Value Active Customers,0.9971,0.2683
13718,246,2,306.55,153.28,5.5093883366279774,1.0986122886681096,5.728637675654378,5.038769133340027,0,Low-Engagement / Lapsed Spenders,-1.2725,0.6565
13719,15,5,1041.68,208.34,2.772588722239781,1.791759469228055,6.949549600639115,5.343959724426738,1,High-Value Active Customers,0.9791,-0.3687
13720,117,4,799.9,199.98,4.770684624465665,1.6094379124341003,6.685736095329637,5.303205400620812,0,Low-Engagement / Lapsed Spenders,-0.0742,0.7322
13721,36,1,524.14,524.14,3.6109179126442243,0.6931471805599453,6.263664893709055,6.263664893709055,0,Low-Engagement / Lapsed Spenders,-0.6604,-0.5072
13722,132,3,2375.41,791.8,4.890349128221754,1.3862943611198906,7.773346224518516,6.675570983015779,0,Low-Engagement / Lapsed Spenders,0.1938,1.1188
13723,217,1,199.85000000000002,199.85,5.384495062789089,0.6931471805599453,5.302558360805291,5.302558360805291,0,Low-Engagement / Lapsed Spenders,-1.7937,0.267
13725,50,8,1980.56,247.57,3.9318256327243257,2.1972245773362196,7.5916396922628975,5.51572449601031,1,High-Value Active Customers,1.2076,0.7552
13726,39,2,1079.6599999999999,539.83,3.6888794541139363,1.0986122886681096,6.985327244577021,6.293104996562945,0,Low-Engagement / Lapsed Spenders,0.0188,-0.0399
13727,29,2,333.48,166.74,3.4011973816621555,1.0986122886681096,5.81257708704831,5.122415161556265,0,Low-Engagement / Lapsed Spenders,-0.4273,-0.6494
13728,37,6,1016.14,169.36,3.6375861597263857,1.9459101490553132,6.924750046357999,5.137913845055013,1,High-Value Active Customers,0.7764,0.2296
13730,136,2,752.6,376.3,4.919980925828125,1.0986122886681096,6.624861723262153,5.933040626970265,0,Low-Engagement / Lapsed Spenders,-0.6224,0.6093
13731,219,2,610.59,305.3,5.393627546352361,1.0986122886681096,6.416062123365316,5.724565013838729,0,Low-Engagement / Lapsed Spenders,-0.9023,0.8335
13732,28,1,491.86,491.86,3.367295829986474,0.6931471805599453,6.200225158054739,6.200225158054739,0,Low-Engagement / Lapsed Spenders,-0.5975,-0.6848
13735,25,4,2883.54,720.88,3.258096538021482,1.6094379124341003,7.967120720822151,6.581858920093097,1,High-Value Active Customers,1.1112,0.24
13736,5,2,729.8,364.9,1.791759469228055,1.0986122886681096,6.594139824503852,5.902360072025161,1,High-Value Active Customers,0.5581,-1.385
13737,200,1,339.59999999999997,339.6,5.303304908059076,0.6931471805599453,5.830708768228588,5.830708768228588,0,Low-Engagement / Lapsed Spenders,-1.5122,0.4079
13739,18,1,216.9,216.9,2.9444389791664403,0.6931471805599453,5.384036241950574,5.384036241950574,0,Low-Engagement / Lapsed Spenders,-0.8229,-1.2501
13740,241,1,350.75,350.75,5.488937726156687,0.6931471805599453,5.862920695994498,5.862920695994498,0,Low-Engagement / Lapsed Spenders,-1.5679,0.5373
13741,72,3,668.4300000000001,222.81,4.290459441148391,1.3862943611198906,6.50642660402637,5.4107974776320376,0,Low-Engagement / Lapsed Spenders,-0.1777,0.2771
13742,17,12,3107.87,258.99,2.8903717578961645,2.5649493574615367,8.04201459509639,5.5606431687374025,1,High-Value Active Customers,2.1517,0.3997
13743,3,7,1341.6,191.66,1.3862943611198906,2.0794415416798357,7.2023633115046515,5.260926977329477,1,High-Value Active Customers,1.8888,-1.0454
13744,95,2,1080.52,540.26,4.564348191467836,1.0986122886681096,6.9861227380561495,6.293899754896603,0,Low-Engagement / Lapsed Spenders,-0.3152,0.5154
13745,162,1,300.04,300.04,5.093750200806762,0.6931471805599453,5.707243146285182,5.707243146285182,0,Low-Engagement / Lapsed Spenders,-1.4907,0.2301
13747,374,1,79.6,79.6,5.926926025970411,0.6931471805599453,4.389498649512583,4.389498649512583,0,Low-Engagement / Lapsed Spenders,-2.4338,0.2784
13748,96,5,948.25,189.65,4.574710978503383,1.791759469228055,6.855672199111912,5.250439286303573,0,Low-Engagement / Lapsed Spenders,0.2462,0.7396
13750,54,5,1647.26,329.45,4.007333185232471,1.791759469228055,7.407475465015805,5.800455361916462,1,High-Value Active Customers,0.7246,0.5809
13751,288,1,296.25,296.25,5.666426688112432,0.6931471805599453,5.694573535570891,5.694573535570891,0,Low-Engagement / Lapsed Spenders,-1.7155,0.5885
13752,124,6,1175.38,195.9,4.8283137373023015,1.9459101490553132,7.07019720551526,5.28269598564508,1,High-Value Active Customers,0.3905,1.0375
13753,288,1,741.26,741.26,5.666426688112432,0.6931471805599453,6.609699586102796,6.609699586102796,0,Low-Engagement / Lapsed Spenders,-1.2816,0.9218
13754,152,2,282.59999999999997,141.3,5.030437921392435,1.0986122886681096,5.647564794657972,4.957937505095806,0,Low-Engagement / Lapsed Spenders,-1.1279,0.3233
13755,4,9,2108.06,234.23,1.6094379124341003,2.302585092994046,7.653997629576229,5.46056375891094,1,High-Value Active Customers,2.2197,-0.6541
13756,2,14,5189.52,370.68,1.0986122886681096,2.70805020110221,8.55458916381921,5.918033269022099,1,High-Value Active Customers,3.2087,-0.4948
13758,12,7,3190.55,455.79,2.5649493574615367,2.0794415416798357,8.068261971187837,6.124223766683616,1,High-Value Active Customers,1.8492,0.0172
13759,33,2,659.4100000000001,329.71,3.5263605246161616,1.0986122886681096,6.492860854269306,5.80124185841777,0,Low-Engagement / Lapsed Spenders,-0.1526,-0.3223
13760,54,2,286.79,143.4,4.007333185232471,1.0986122886681096,5.662231047497966,4.972587226458726,0,Low-Engagement / Lapsed Spenders,-0.7302,-0.3199
13761,50,2,1070.65,535.33,3.9318256327243257,1.0986122886681096,6.976954795783142,6.284749643264562,0,Low-Engagement / Lapsed Spenders,-0.0779,0.1111
13762,219,1,306.72,306.72,5.393627546352361,0.6931471805599453,5.729190278590734,5.729190278590734,0,Low-Engagement / Lapsed Spenders,-1.5949,0.4282
13763,63,1,1714.96,1714.96,4.1588830833596715,0.6931471805599453,7.447727969752915,7.447727969752915,0,Low-Engagement / Lapsed Spenders,-0.3083,0.2714
13764,71,3,1519.42,506.47,4.276666119016055,1.3862943611198906,7.3267418914616185,6.22943759586819,0,Low-Engagement / Lapsed Spenders,0.2165,0.5671
13767,2,37,17220.36,465.42,1.0986122886681096,3.6375861597263857,9.753905752795765,6.145086515763547,1,High-Value Active Customers,4.6185,0.2976
13769,2,10,2796.51,279.65,1.0986122886681096,2.3978952727983707,7.936485014799888,5.637108341388208,1,High-Value Active Customers,2.635,-0.8385
13771,64,4,2634.45,658.61,4.174387269895637,1.6094379124341003,7.876809224383177,6.491648751273978,1,High-Value Active Customers,0.7183,0.788
13772,34,3,1122.63,374.21,3.5553480614894135,1.3862943611198906,7.024319794766853,5.927485869228925,1,High-Value Active Customers,0.3487,-0.0003
13774,82,1,345.0,345.0,4.418840607796598,0.6931471805599453,5.846438775057724,5.846438775057724,0,Low-Engagement / Lapsed Spenders,-1.1669,-0.147
13777,1,33,25977.16,787.19,0.6931471805599453,3.5263605246161616,10.165011464005927,6.669739177545176,1,High-Value Active Customers,4.8676,0.1477
13778,103,1,178.7,178.7,4.6443908991413725,0.6931471805599453,5.191288793789513,5.191288793789513,0,Low-Engagement / Lapsed Spenders,-1.5637,-0.2427
13780,7,2,360.01,180.0,2.0794415416798357,1.0986122886681096,5.888905658780245,5.198497031265826,0,Low-Engagement / Lapsed Spenders,0.1138,-1.4595
13781,251,1,127.84,127.84,5.529429087511423,0.6931471805599453,4.858571324462998,4.858571324462998,0,Low-Engagement / Lapsed Spenders,-2.0595,0.1972
13782,13,6,908.86,151.48,2.639057329615259,1.9459101490553132,6.8132907415215165,5.027033439905892,1,High-Value Active Customers,1.105,-0.444
13784,10,11,2462.79,223.89,2.3978952727983707,2.4849066497880004,7.809456093748633,5.415611393770394,1,High-Value Active Customers,2.1572,-0.0279
13786,367,1,230.39999999999998,230.4,5.908082938168931,0.6931471805599453,5.444147814759576,5.444147814759576,0,Low-Engagement / Lapsed Spenders,-1.9265,0.6505
13787,76,2,309.04,154.52,4.343805421853684,1.0986122886681096,5.736701321413311,5.046774340712129,0,Low-Engagement / Lapsed Spenders,-0.8234,-0.0795
13790,4,1,348.8,348.8,1.6094379124341003,0.6931471805599453,5.857361562584502,5.857361562584502,0,Low-Engagement / Lapsed Spenders,-0.0885,-1.924
13791,128,2,1516.0,758.0,4.859812404361672,1.0986122886681096,7.324489979348532,6.6320017773956295,0,Low-Engagement / Lapsed Spenders,-0.2676,0.8259
13792,66,2,195.55,97.78,4.204692619390966,1.0986122886681096,5.280916851867869,4.592895155112479,0,Low-Engagement / Lapsed Spenders,-0.9864,-0.3337
13798,1,57,37153.85,651.82,0.6931471805599453,4.060443010546419,10.522849593441716,6.481301440435488,1,High-Value Active Customers,5.5206,0.4823
13799,117,2,688.86,344.43,4.770684624465665,1.0986122886681096,6.5364886784538845,5.84479001776017,0,Low-Engagement / Lapsed Spenders,-0.6072,0.4824
13800,310,1,558.32,558.32,5.739792912179234,0.6931471805599453,6.32672176017265,6.32672176017265,0,Low-Engagement / Lapsed Spenders,-1.4438,0.8653
13801,67,1,324.8,324.8,4.219507705176107,0.6931471805599453,5.786283696167945,5.786283696167945,0,Low-Engagement / Lapsed Spenders,-1.1193,-0.2953
13802,139,3,4599.42,1533.14,4.941642422609304,1.3862943611198906,8.433902882657025,7.335725242430371,1,High-Value Active Customers,0.4875,1.3919
13803,255,1,277.07,277.07,5.545177444479562,0.6931471805599453,5.627872880555851,5.627872880555851,0,Low-Engagement / Lapsed Spenders,-1.7008,0.4874
13804,31,7,2588.39,369.77,3.4657359027997265,2.0794415416798357,7.85917760571858,5.915581924269754,1,High-Value Active Customers,1.4059,0.5121
13805,52,2,924.6,462.3,3.970291913552122,1.0986122886681096,6.830442175879467,6.138374792422603,0,Low-Engagement / Lapsed Spenders,-0.1621,0.0821
13806,64,1,256.38,256.38,4.174387269895637,0.6931471805599453,5.550553592065519,5.550553592065519,0,Low-Engagement / Lapsed Spenders,-1.2138,-0.4098
13807,367,1,112.6,112.6,5.908082938168931,0.6931471805599453,4.732683506287051,4.732683506287051,0,Low-Engagement / Lapsed Spenders,-2.2639,0.3914
13808,6,5,1747.66,349.53,1.9459101490553132,1.791759469228055,7.466605059322925,5.85944629482327,1,High-Value Active Customers,1.5401,-0.7044
13809,305,1,155.05,155.05,5.723585101952381,0.6931471805599453,5.0501764687167885,5.0501764687167885,0,Low-Engagement / Lapsed Spenders,-2.0429,0.3901
13810,29,3,1499.01,499.67,3.4011973816621555,1.3862943611198906,7.313227053734746,6.215947201423421,1,High-Value Active Customers,0.5445,0.0072
13811,184,3,814.5,271.5,5.220355825078325,1.3862943611198906,6.703801422061068,5.607638614103299,0,Low-Engagement / Lapsed Spenders,-0.4394,0.9385
13812,42,3,539.0,179.67,3.7612001156935624,1.3862943611198906,6.29156913955832,5.196672162785836,0,Low-Engagement / Lapsed Spenders,-0.0774,-0.1367
13813,40,4,1366.8600000000001,341.72,3.713572066704308,1.6094379124341003,7.221002753764198,5.836913787259384,1,High-Value Active Customers,0.5834,0.257
13814,92,2,1579.12,789.56,4.532599493153256,1.0986122886681096,7.365256072504094,6.67274155509744,0,Low-Engagement / Lapsed Spenders,-0.1233,0.6333
13815,22,4,4027.36,1006.84,3.1354942159291497,1.6094379124341003,8.301114624224146,6.915564705873619,1,High-Value Active Customers,1.3163,0.2839
13816,24,2,571.6700000000001,285.84,3.2188758248682006,1.0986122886681096,6.3503096345809205,5.658924569014374,0,Low-Engagement / Lapsed Spenders,-0.1027,-0.5691
13817,29,2,382.98,191.49,3.4011973816621555,1.0986122886681096,5.950590467898009,5.260044204326544,0,Low-Engagement / Lapsed Spenders,-0.3619,-0.5991
13819,302,3,1140.35,380.12,5.713732805509369,1.3862943611198906,7.039967051290641,5.943114286166935,0,Low-Engagement / Lapsed Spenders,-0.4684,1.3737
13821,145,2,385.64,192.82,4.983606621708336,1.0986122886681096,5.957494027536828,5.266929893306404,0,Low-Engagement / Lapsed Spenders,-0.9631,0.4065
13822,6,2,632.0,316.0,1.9459101490553132,1.0986122886681096,6.450470422144176,5.75890177387728,1,High-Value Active Customers,0.431,-1.3396
13823,19,2,957.66,478.83,2.995732273553991,1.0986122886681096,6.865536476045727,6.173431874503444,0,Low-Engagement / Lapsed Spenders,0.2268,-0.5229
13824,33,5,1698.94,339.79,3.5263605246161616,1.791759469228055,7.438348235303808,5.83126645180165,1,High-Value Active Customers,0.9229,0.2872
13826,176,1,189.5,189.5,5.176149732573829,0.6931471805599453,5.249652194566756,5.249652194566756,0,Low-Engagement / Lapsed Spenders,-1.7392,0.1157
13827,58,3,409.8,136.6,4.07753744390572,1.3862943611198906,6.018106478054404,4.924350925499243,0,Low-Engagement / Lapsed Spenders,-0.3279,-0.0357
13828,22,1,209.49,209.49,3.1354942159291497,0.6931471805599453,5.349438146055751,5.349438146055751,0,Low-Engagement / Lapsed Spenders,-0.9123,-1.1416
13831,16,6,2198.45,366.41,2.833213344056216,1.9459101490553132,7.695962608091198,5.906478390701306,1,High-Value Active Customers,1.4493,0.0006
13832,19,1,52.199999999999996,52.2,2.995732273553991,0.6931471805599453,3.9740583963475986,3.9740583963475986,0,Low-Engagement / Lapsed Spenders,-1.5111,-1.7311
13833,159,1,383.85,383.85,5.075173815233827,0.6931471805599453,5.9528536479803265,5.9528536479803265,0,Low-Engagement / Lapsed Spenders,-1.3672,0.3078
13835,25,4,834.57,208.64,3.258096538021482,1.6094379124341003,6.728114126692287,5.345391773933965,1,High-Value Active Customers,0.5237,-0.2113
13837,212,2,266.59000000000003,133.3,5.3612921657094255,1.0986122886681096,5.589455958348054,4.900076103529192,0,Low-Engagement / Lapsed Spenders,-1.2819,0.5119
13838,6,4,674.82,168.7,1.9459101490553132,1.6094379124341003,6.515926768396882,5.134032172240181,1,High-Value Active Customers,0.9243,-1.1204
13841,253,1,85.0,85.0,5.537334267018537,0.6931471805599453,4.454347296253507,4.454347296253507,0,Low-Engagement / Lapsed Spenders,-2.2542,0.055
13842,59,9,3385.62,376.18,4.0943445622221,2.302585092994046,8.127587652841866,5.932722527084219,1,High-Value Active Customers,1.495,1.0937
13844,11,1,361.62,361.62,2.4849066497880004,0.6931471805599453,5.893355453997662,5.893355453997662,0,Low-Engagement / Lapsed Spenders,-0.4059,-1.3559
13845,65,1,312.98,312.98,4.189654742026425,0.6931471805599453,5.749329289612172,5.749329289612172,0,Low-Engagement / Lapsed Spenders,-1.1254,-0.3277
13846,25,3,865.0600000000001,288.35,3.258096538021482,1.3862943611198906,6.763954190227071,5.667637028019848,1,High-Value Active Customers,0.3387,-0.2836
13848,92,3,1255.0,418.33,4.532599493153256,1.3862943611198906,7.135687347028144,6.038658199435085,0,Low-Engagement / Lapsed Spenders,0.0281,0.6598
13849,52,2,1537.95,768.98,3.970291913552122,1.0986122886681096,7.338855644682132,6.6463645404844245,0,Low-Engagement / Lapsed Spenders,0.079,0.2673
13850,129,1,1595.48,1595.48,4.867534450455582,0.6931471805599453,7.375556484672672,7.375556484672672,0,Low-Engagement / Lapsed Spenders,-0.6133,0.6943
13851,96,3,2651.46,883.82,4.574710978503383,1.3862943611198906,7.883242790261331,6.7853842344909046,1,High-Value Active Customers,0.3665,0.9587
13853,57,1,1090.14,1090.14,4.060443010546419,0.6931471805599453,6.994978300240205,6.994978300240205,0,Low-Engagement / Lapsed Spenders,-0.4854,0.0441
13854,9,25,8109.5199999999995,324.38,2.302585092994046,3.258096538021482,9.000917263426343,5.784993730081024,1,High-Value Active Customers,3.4581,0.6414
13856,169,3,388.5,129.5,5.135798437050262,1.3862943611198906,5.964863865310803,4.871373226762748,0,Low-Engagement / Lapsed Spenders,-0.7574,0.6157
13858,57,1,216.17,216.17,4.060443010546419,0.6931471805599453,5.38068045697316,5.38068045697316,0,Low-Engagement / Lapsed Spenders,-1.2508,-0.5439
13859,326,1,201.16,201.16,5.7899601708972535,0.6931471805599453,5.309059463079938,5.309059463079938,0,Low-Engagement / Lapsed Spenders,-1.9455,0.5265
13860,1,5,1245.9,249.18,0.6931471805599453,1.791759469228055,7.1284157500025405,5.522180658786596,1,High-Value Active Customers,1.8583,-1.6217
13862,18,8,2209.36,276.17,2.9444389791664403,2.1972245773362196,7.700910677173299,5.624631036350763,1,High-Value Active Customers,1.6366,0.169
13863,248,1,305.78,305.78,5.517452896464707,0.6931471805599453,5.726130878319963,5.726130878319963,0,Low-Engagement / Lapsed Spenders,-1.6436,0.5056
13865,58,4,501.56,125.39,4.07753744390572,1.6094379124341003,6.219715035790337,4.8393723646590345,0,Low-Engagement / Lapsed Spenders,-0.0304,0.1231
13866,74,1,145.67000000000002,145.67,4.31748811353631,0.6931471805599453,4.988185165258664,4.988185165258664,0,Low-Engagement / Lapsed Spenders,-1.5351,-0.5239
13867,31,3,1005.09,335.03,3.4657359027997265,1.3862943611198906,6.913826809878765,5.8172004416917575,1,High-Value Active Customers,0.3305,-0.0973
13868,7,2,3192.54,1596.27,2.0794415416798357,1.0986122886681096,8.068885298365506,7.376051200925424,1,High-Value Active Customers,1.1474,-0.6655
13869,123,4,3083.65,770.91,4.820281565605037,1.6094379124341003,8.034193477715295,6.648867962917882,1,High-Value Active Customers,0.5462,1.2547
13870,2,8,2770.94,346.37,1.0986122886681096,2.1972245773362196,7.927302715053892,5.8503904942922915,1,High-Value Active Customers,2.4491,-0.9186
13871,23,13,6403.25,492.56,3.1780538303479458,2.639057329615259,8.764717111455825,6.201644432030333,1,High-Value Active Customers,2.4516,0.8736
13873,120,3,389.6,129.87,4.795790545596741,1.3862943611198906,5.967684018442578,4.87420446406739,0,Low-Engagement / Lapsed Spenders,-0.6262,0.4012
13874,358,1,540.45,540.45,5.883322388488279,0.6931471805599453,6.294250726074389,6.294250726074389,0,Low-Engagement / Lapsed Spenders,-1.514,0.9445
13875,54,5,1786.79,357.36,4.007333185232471,1.791759469228055,7.488735499171278,5.881538067729378,1,High-Value Active Customers,0.7631,0.6105
13876,64,1,122.7,122.7,4.174387269895637,0.6931471805599453,4.8178592793984425,4.8178592793984425,0,Low-Engagement / Lapsed Spenders,-1.5612,-0.6766
13877,86,1,117.24,117.24,4.465908118654584,0.6931471805599453,4.772716457199891,4.772716457199891,0,Low-Engagement / Lapsed Spenders,-1.694,-0.5082
13878,55,1,1271.57,1271.57,4.02535169073515,0.6931471805599453,7.148793756734876,7.148793756734876,0,Low-Engagement / Lapsed Spenders,-0.3991,0.0778
13880,21,13,3219.77,247.67,3.091042453358316,2.639057329615259,8.077375740386112,5.516126716271544,1,High-Value Active Customers,2.1589,0.5681
13881,4,20,17159.52,857.98,1.6094379124341003,3.044522437723423,9.75036667561313,6.755745638826127,1,High-Value Active Customers,3.885,0.3933
13882,3,5,1191.13,238.23,1.3862943611198906,1.791759469228055,7.083496902081326,5.47742543227249,1,High-Value Active Customers,1.5722,-1.1987
13883,11,5,2674.48,534.9,2.4849066497880004,1.791759469228055,7.891884082485147,6.283947576500805,1,High-Value Active Customers,1.5358,-0.2078
13884,7,5,787.6,157.52,2.0794415416798357,1.791759469228055,6.670259221443527,5.065880768322234,1,High-Value Active Customers,1.1115,-0.9098
13885,189,2,506.8,253.4,5.247024072160486,1.0986122886681096,6.230087669270578,5.538907831465967,0,Low-Engagement / Lapsed Spenders,-0.9345,0.6728
13886,71,1,243.56,243.56,4.276666119016055,0.6931471805599453,5.499460677582579,5.499460677582579,0,Low-Engagement / Lapsed Spenders,-1.2771,-0.3635
13887,204,1,349.55,349.55,5.3230099791384085,0.6931471805599453,5.859503349652977,5.859503349652977,0,Low-Engagement / Lapsed Spenders,-1.5061,0.4309
13888,120,2,595.67,297.83,4.795790545596741,1.0986122886681096,6.391364196743265,5.699874849825184,0,Low-Engagement / Lapsed Spenders,-0.6856,0.4455
13889,93,1,416.90000000000003,416.9,4.543294782270004,0.6931471805599453,6.03524216945387,6.03524216945387,0,Low-Engagement / Lapsed Spenders,-1.1249,0.0006
13890,1,10,1883.8100000000002,188.38,0.6931471805599453,2.3978952727983707,7.54158229904591,5.243755578555354,1,High-Value Active Customers,2.6026,-1.2394
13892,27,4,632.97,158.24,3.332204510175204,1.6094379124341003,6.4520016347056774,5.070412498132116,1,High-Value Active Customers,0.3644,-0.2648
13893,298,1,821.1,821.1,5.700443573390686,0.6931471805599453,6.711862042158088,6.711862042158088,0,Low-Engagement / Lapsed Spenders,-1.2461,0.9806
13894,24,3,564.62,188.21,3.2188758248682006,1.3862943611198906,6.337922474636114,5.242857509343669,0,Low-Engagement / Lapsed Spenders,0.1517,-0.4636
13895,28,4,2593.07,648.27,3.367295829986474,1.6094379124341003,7.860983349863101,6.475848654843141,1,High-Value Active Customers,1.0191,0.2706
13897,50,1,311.16,311.16,3.9318256327243257,0.6931471805599453,5.743515876874802,5.743515876874802,0,Low-Engagement / Lapsed Spenders,-1.0297,-0.4933
13898,326,1,155.93,155.93,5.7899601708972535,0.6931471805599453,5.055799846050629,5.055799846050629,0,Low-Engagement / Lapsed Spenders,-2.0656,0.4342
13899,16,2,388.52,194.26,2.833213344056216,1.0986122886681096,5.9649152118744455,5.274332003797525,0,Low-Engagement / Lapsed Spenders,-0.1381,-0.954
13900,183,3,740.95,246.98,5.214935757608986,1.3862943611198906,6.609281855452135,5.513348097751696,0,Low-Engagement / Lapsed Spenders,-0.4821,0.9006
13901,72,5,2867.2,573.44,4.290459441148391,1.791759469228055,7.961439934295112,6.353395653192418,1,High-Value Active Customers,0.8791,0.9621
13904,37,2,332.64,166.32,3.6375861597263857,1.0986122886681096,5.810062567373411,5.119908146573998,0,Low-Engagement / Lapsed Spenders,-0.5188,-0.5004
13908,80,4,2369.55,592.39,4.394449154672439,1.6094379124341003,7.770877274716226,6.385851855675628,1,High-Value Active Customers,0.584,0.8889
13911,57,9,2580.91,286.77,4.060443010546419,2.302585092994046,7.856284714098846,5.6621615499651,1,High-Value Active Customers,1.3793,0.9734
13914,12,2,626.45,313.23,2.5649493574615367,1.0986122886681096,6.441663986556317,5.750125201849154,0,Low-Engagement / Lapsed Spenders,0.1904,-0.9504
13917,50,2,272.04,136.02,3.9318256327243257,1.0986122886681096,5.609618304598452,4.920126900574753,0,Low-Engagement / Lapsed Spenders,-0.7263,-0.3869
13918,50,2,1212.8400000000001,606.42,3.9318256327243257,1.0986122886681096,7.101544167216986,6.409220479300378,0,Low-Engagement / Lapsed Spenders,-0.0189,0.1564
13919,59,2,384.81,192.4,4.0943445622221,1.0986122886681096,5.955345020301596,5.264760583019194,0,Low-Engagement / Lapsed Spenders,-0.6244,-0.158
13922,352,1,172.25,172.25,5.8664680569332965,0.6931471805599453,5.1547356380700124,5.1547356380700124,0,Low-Engagement / Lapsed Spenders,-2.0479,0.5187
13923,54,1,351.13,351.13,4.007333185232471,0.6931471805599453,5.864000425598742,5.864000425598742,0,Low-Engagement / Lapsed Spenders,-1.0014,-0.4015
13924,2,6,1838.8500000000001,306.48,1.0986122886681096,1.9459101490553132,7.517439325540823,5.728410044480931,1,High-Value Active Customers,2.0273,-1.1641
13925,93,4,678.25,169.56,4.543294782270004,1.6094379124341003,6.520989248306457,5.139087140977479,0,Low-Engagement / Lapsed Spenders,-0.0655,0.528
13926,23,1,223.85000000000002,223.85,3.1780538303479458,0.6931471805599453,5.415433513216716,5.415433513216716,0,Low-Engagement / Lapsed Spenders,-0.8973,-1.0906
13927,75,1,348.99,348.99,4.330733340286331,0.6931471805599453,5.857904582646717,5.857904582646717,0,Low-Engagement / Lapsed Spenders,-1.1278,-0.1987
13928,11,4,464.57,116.14,2.4849066497880004,1.6094379124341003,6.143262461351643,4.7633698006616365,1,High-Value Active Customers,0.5417,-0.9144
13929,169,2,842.65,421.32,5.135798437050262,1.0986122886681096,6.737737716644347,6.045763320515361,0,Low-Engagement / Lapsed Spenders,-0.6513,0.7872
13930,58,2,337.34,168.67,4.07753744390572,1.0986122886681096,5.824051307047146,5.133855374054848,0,Low-Engagement / Lapsed Spenders,-0.6802,-0.2165
13931,96,2,1237.53,618.76,4.574710978503383,1.0986122886681096,7.121680471486267,6.429332306323647,0,Low-Engagement / Lapsed Spenders,-0.2549,0.5713
13932,295,1,307.4,307.4,5.69035945432406,0.6931471805599453,5.731397641689174,5.731397641689174,0,Low-Engagement / Lapsed Spenders,-1.7072,0.6171
13933,109,2,608.7900000000001,304.4,4.700480365792417,1.0986122886681096,6.413114635600407,5.721622392784532,0,Low-Engagement / Lapsed Spenders,-0.6389,0.393
13934,264,1,922.1,922.1,5.579729825986222,0.6931471805599453,6.8277375709961055,6.8277375709961055,0,Low-Engagement / Lapsed Spenders,-1.1451,0.9463
13936,180,1,376.58,376.58,5.198497031265826,0.6931471805599453,5.933782466766897,5.933782466766897,0,Low-Engagement / Lapsed Spenders,-1.4233,0.379
13937,169,1,158.85,158.85,5.135798437050262,0.6931471805599453,5.074235875505851,5.074235875505851,0,Low-Engagement / Lapsed Spenders,-1.8069,0.0262
13938,35,1,71.66,71.66,3.58351893845611,0.6931471805599453,4.2857910267930555,4.2857910267930555,0,Low-Engagement / Lapsed Spenders,-1.5878,-1.245
13939,23,3,568.55,189.52,3.1780538303479458,1.3862943611198906,6.344846575345921,5.249757175932659,0,Low-Engagement / Lapsed Spenders,0.1706,-0.4869
13940,17,4,839.14,209.78,2.8903717578961645,1.6094379124341003,6.73356854461668,5.350814935505791,1,High-Value Active Customers,0.6667,-0.4424
13941,22,5,5112.96,1022.59,3.1354942159291497,1.791759469228055,8.539729334154528,6.931071334796725,1,High-Value Active Customers,1.5945,0.4406
13946,79,3,561.5699999999999,187.19,4.382026634673881,1.3862943611198906,6.332515570780452,5.237452090776761,0,Low-Engagement / Lapsed Spenders,-0.2952,0.2718
13947,65,1,90.6,90.6,4.189654742026425,0.6931471805599453,4.517431271680085,4.517431271680085,0,Low-Engagement / Lapsed Spenders,-1.7095,-0.7764
13948,361,1,102.0,102.0,5.891644211825771,0.6931471805599453,4.634728988229636,4.634728988229636,0,Low-Engagement / Lapsed Spenders,-2.304,0.3453
13949,3,6,2427.32,404.55,1.3862943611198906,1.9459101490553132,7.794954939211736,6.005244170516354,1,High-Value Active Customers,2.049,-0.8806
13950,11,4,745.06,186.26,2.4849066497880004,1.6094379124341003,6.61480602592395,5.232498025510743,1,High-Value Active Customers,0.7653,-0.7427
13951,176,3,674.45,224.82,5.176149732573829,1.3862943611198906,6.5153791354156905,5.419738221752376,0,Low-Engagement / Lapsed Spenders,-0.5118,0.8418
13952,218,2,3251.071,1625.54,5.389071729816501,1.0986122886681096,8.087047303147697,7.3942103382946875,0,Low-Engagement / Lapsed Spenders,-0.1082,1.4392
13953,7,7,3515.68,502.24,2.0794415416798357,2.0794415416798357,8.16527264169811,6.22106719348293,1,High-Value Active Customers,2.0806,-0.2552
13954,2,2,439.92,219.96,1.0986122886681096,1.0986122886681096,6.088863453095115,5.397981689660982,1,High-Value Active Customers,0.5833,-2.0085
13955,154,2,322.96,161.48,5.043425116919247,1.0986122886681096,5.780620051380789,5.090554917272129,0,Low-Engagement / Lapsed Spenders,-1.0698,0.38
13956,5,5,1019.27,203.85,1.791759469228055,1.791759469228055,6.927822577132249,5.32227800399288,1,High-Value Active Customers,1.3435,-0.9983
13959,79,3,594.04,198.01,4.382026634673881,1.3862943611198906,6.388628630176759,5.293355074718222,0,Low-Engagement / Lapsed Spenders,-0.2686,0.2922
13960,21,2,230.22,115.11,3.091042453358316,1.0986122886681096,5.443369638247176,4.7545380176389145,0,Low-Engagement / Lapsed Spenders,-0.4839,-0.9805
13962,22,2,169.55,84.78,3.1354942159291497,1.0986122886681096,5.139028508864655,4.451785879088734,0,Low-Engagement / Lapsed Spenders,-0.6452,-1.0631
13963,308,4,664.54,166.14,5.733341276897746,1.6094379124341003,6.500598741212994,5.11883178457329,0,Low-Engagement / Lapsed Spenders,-0.5297,1.275
13967,146,1,80.7,80.7,4.990432586778736,0.6931471805599453,4.403054001865957,4.403054001865957,0,Low-Engagement / Lapsed Spenders,-2.0696,-0.3104
13969,7,18,9024.17,501.34,2.0794415416798357,2.9444389791664403,9.107772619588772,6.219277181270455,1,High-Value Active Customers,3.3102,0.4189
13971,19,8,2758.26,344.78,2.995732273553991,2.1972245773362196,7.922717806819661,5.84580273467663,1,High-Value Active Customers,1.7222,0.2823
13972,71,2,190.25,95.12,4.276666119016055,1.0986122886681096,5.253581472706645,4.565597410868268,0,Low-Engagement / Lapsed Spenders,-1.0268,-0.298
13973,287,1,264.7,264.7,5.662960480135946,0.6931471805599453,5.582367852765768,5.582367852765768,0,Low-Engagement / Lapsed Spenders,-1.7674,0.5455
13974,49,1,413.59000000000003,413.59,3.912023005428146,0.6931471805599453,6.027290080077415,6.027290080077415,0,Low-Engagement / Lapsed Spenders,-0.8875,-0.4025
13975,31,6,2461.2400000000002,410.21,3.4657359027997265,1.9459101490553132,7.808826783715542,6.019104032911399,1,High-Value Active Customers,1.2612,0.4427
13976,207,1,357.98,357.98,5.337538079701318,0.6931471805599453,5.8832666766299955,5.8832666766299955,0,Low-Engagement / Lapsed Spenders,-1.5004,0.4488
13978,15,2,196.79000000000002,98.4,2.772588722239781,1.0986122886681096,5.287205861793318,4.599152113662528,0,Low-Engagement / Lapsed Spenders,-0.4363,-1.2392
13979,73,1,869.87,869.87,4.304065093204169,0.6931471805599453,6.769492711981713,6.769492711981713,0,Low-Engagement / Lapsed Spenders,-0.6854,0.1164
13980,60,1,200.14,200.14,4.110873864173311,0.6931471805599453,5.304001183016334,5.304001183016334,0,Low-Engagement / Lapsed Spenders,-1.3065,-0.5398
13982,39,4,1871.81,467.95,3.6888794541139363,1.6094379124341003,7.535195255760907,6.150496152954948,1,High-Value Active Customers,0.7418,0.3558
13983,30,12,2603.43,216.95,3.4339872044851463,2.5649493574615367,7.864969120264265,5.384265678684401,1,High-Value Active Customers,1.8601,0.6798
13984,27,5,920.51,184.1,3.332204510175204,1.791759469228055,6.8260136289229445,5.220896219579452,1,High-Value Active Customers,0.7068,-0.0589
13985,4,15,7060.13,470.68,1.6094379124341003,2.772588722239781,8.862360374336811,6.156300789560917,1,High-Value Active Customers,3.2179,-0.0342
13986,17,1,320.46,320.46,2.8903717578961645,0.6931471805599453,5.7728731191409945,5.7728731191409945,0,Low-Engagement / Lapsed Spenders,-0.6179,-1.1428
13988,20,6,4147.96,691.33,3.044522437723423,1.9459101490553132,8.330612979409075,6.540062720559917,1,High-Value Active Customers,1.6695,0.3657
13989,66,2,1266.08,633.04,4.204692619390966,1.0986122886681096,7.144470319606423,6.4521120439296915,0,Low-Engagement / Lapsed Spenders,-0.1027,0.3451
13990,213,1,311.3,311.3,5.365976015021851,0.6931471805599453,5.7439642642890325,5.7439642642890325,0,Low-Engagement / Lapsed Spenders,-1.5773,0.4161
13991,12,6,852.88,142.15,2.5649493574615367,1.9459101490553132,6.749790668692898,4.963893031544124,1,High-Value Active Customers,1.1032,-0.5141
13992,30,1,76.8,76.8,3.4339872044851463,0.6931471805599453,4.354141431184346,4.354141431184346,0,Low-Engagement / Lapsed Spenders,-1.4983,-1.3149
13993,43,9,3466.36,385.15,3.784189633918261,2.302585092994046,8.151148776464021,5.956225895015272,1,High-Value Active Customers,1.6246,0.9057
13994,4,6,2274.14,379.02,1.6094379124341003,1.9459101490553132,7.729796867953175,5.940223882914386,1,High-Value Active Customers,1.9329,-0.7629
13995,15,5,1393.69,278.74,2.772588722239781,1.791759469228055,7.240427447338227,5.6338606003511575,1,High-Value Active Customers,1.117,-0.2627
13999,10,12,3901.81,325.15,2.3978952727983707,2.5649493574615367,8.269452085493503,5.787357398242105,1,High-Value Active Customers,2.4477,0.1703
14000,211,1,635.66,635.66,5.356586274672012,0.6931471805599453,6.456235761113554,6.456235761113554,0,Low-Engagement / Lapsed Spenders,-1.236,0.6695
14001,46,3,2043.0800000000002,681.03,3.8501476017100584,1.3862943611198906,7.622703089500935,6.525073645145802,1,High-Value Active Customers,0.5198,0.4045
14002,134,2,529.73,264.86,4.90527477843843,1.0986122886681096,6.274253417348632,5.582969854439453,0,Low-Engagement / Lapsed Spenders,-0.783,0.4722
14004,43,7,4582.64,654.66,3.784189633918261,2.0794415416798357,8.430248721279204,6.485642361901082,1,High-Value Active Customers,1.5551,0.922
14005,10,5,2874.72,574.94,2.3978952727983707,1.791759469228055,7.964058356660503,6.356003488603501,1,High-Value Active Customers,1.6033,-0.2367
14006,116,3,962.19,320.73,4.762173934797756,1.3862943611198906,6.870250692440862,5.773712684482059,0,Low-Engagement / Lapsed Spenders,-0.1854,0.7086
14009,198,2,695.61,347.8,5.293304824724492,1.0986122886681096,6.546225713269575,5.8544986920348245,0,Low-Engagement / Lapsed Spenders,-0.8022,0.8173
14012,278,1,328.8,328.8,5.631211781821365,0.6931471805599453,5.7984864101254985,5.7984864101254985,0,Low-Engagement / Lapsed Spenders,-1.6528,0.6041
14013,110,3,473.02,157.67,4.709530201312334,1.3862943611198906,6.161249514897758,5.066826573745998,0,Low-Engagement / Lapsed Spenders,-0.5015,0.417
14014,77,1,505.18,505.18,4.356708826689592,0.6931471805599453,6.226892337255411,6.226892337255411,0,Low-Engagement / Lapsed Spenders,-0.9628,-0.0479
14015,53,1,917.34,917.34,3.9889840465642745,0.6931471805599453,6.8225676924206855,6.8225676924206855,0,Low-Engagement / Lapsed Spenders,-0.5399,-0.064
14016,162,4,4341.21,1085.3,5.093750200806762,1.6094379124341003,8.376138714077541,6.990532705439705,1,High-Value Active Customers,0.6039,1.5526
14019,47,3,1421.61,473.87,3.8712010109078907,1.3862943611198906,7.260248491657529,6.163041082365757,1,High-Value Active Customers,0.3399,0.2859
14020,17,2,642.8,321.4,2.8903717578961645,1.0986122886681096,6.467388118864708,5.775793010632473,0,Low-Engagement / Lapsed Spenders,0.0783,-0.7347
14021,155,3,631.9,210.63,5.049856007249537,1.3862943611198906,6.45031243178126,5.354839466872362,0,Low-Engagement / Lapsed Spenders,-0.4944,0.7381
14022,225,1,440.0,440.0,5.420534999272286,0.6931471805599453,6.089044875446846,6.089044875446846,0,Low-Engagement / Lapsed Spenders,-1.4345,0.5763
14023,7,2,584.07,292.04,2.0794415416798357,1.0986122886681096,6.371731498193053,5.680309118470559,1,High-Value Active Customers,0.3427,-1.2836
14024,122,2,327.7,163.85,4.812184355372417,1.0986122886681096,5.795145480670174,5.10503596951774,0,Low-Engagement / Lapsed Spenders,-0.9746,0.2387
14027,61,1,104.82,104.82,4.127134385045092,0.6931471805599453,4.661739537475985,4.661739537475985,0,Low-Engagement / Lapsed Spenders,-1.6172,-0.7634
14029,63,2,467.66,233.83,4.1588830833596715,1.0986122886681096,6.149877558850261,5.458861848105724,0,Low-Engagement / Lapsed Spenders,-0.5568,-0.0462
14030,18,8,2358.84,294.86,2.9444389791664403,2.1972245773362196,7.766349099111192,5.68988636946409,1,High-Value Active Customers,1.6676,0.1929
14031,7,19,17286.86,909.83,2.0794415416798357,2.995732273553991,9.757759800051202,6.814356271723554,1,High-Value Active Customers,3.6648,0.6752
14032,2,11,2975.59,270.51,1.0986122886681096,2.4849066497880004,7.998533628991687,5.603998971108217,1,High-Value Active Customers,2.7431,-0.7827
14034,22,3,648.89,216.3,3.1354942159291497,1.3862943611198906,6.476803117799309,5.3812788872623845,0,Low-Engagement / Lapsed Spenders,0.2494,-0.4659
14035,29,5,1428.02,285.6,3.4011973816621555,1.791759469228055,7.264744173633186,5.6580875153940715,1,High-Value Active Customers,0.8884,0.1446
14036,285,1,626.65,626.65,5.655991810819852,0.6931471805599453,6.441982686264217,6.441982686264217,0,Low-Engagement / Lapsed Spenders,-1.3571,0.8541
14037,176,2,147.20000000000002,73.6,5.176149732573829,1.0986122886681096,4.998562712861987,4.312140507209715,0,Low-Engagement / Lapsed Spenders,-1.4913,0.1794
14038,78,3,1560.38,520.13,4.3694478524670215,1.3862943611198906,7.353325324586606,6.255999530781942,0,Low-Engagement / Lapsed Spenders,0.1937,0.6356
14039,33,1,152.2,152.2,3.5263605246161616,0.6931471805599453,5.0317442573064906,5.0317442573064906,0,Low-Engagement / Lapsed Spenders,-1.2123,-1.0095
14040,41,12,3560.32,296.69,3.7376696182833684,2.5649493574615367,8.177886541638598,5.69605267659426,1,High-Value Active Customers,1.8925,0.9863
14041,266,1,141.41,141.41,5.58724865840025,0.6931471805599453,4.958710221231336,4.958710221231336,0,Low-Engagement / Lapsed Spenders,-2.0342,0.2703
14044,27,4,646.42,161.6,3.332204510175204,1.6094379124341003,6.472995233816948,5.0912931971137105,1,High-Value Active Customers,0.3744,-0.2572
14045,109,4,1659.75,414.94,4.700480365792417,1.6094379124341003,7.415024586545351,6.030541019089775,0,Low-Engagement / Lapsed Spenders,0.2984,0.9533
14046,284,1,154.99,154.99,5.652489180268651,0.6931471805599453,5.049791902630777,5.049791902630777,0,Low-Engagement / Lapsed Spenders,-2.0159,0.3449
14047,9,5,1308.6100000000001,261.72,2.302585092994046,1.791759469228055,7.177484661947137,5.571088826264064,1,High-Value Active Customers,1.2667,-0.5836
14048,305,1,409.93,409.93,5.723585101952381,0.6931471805599453,6.018422883689063,6.018422883689063,0,Low-Engagement / Lapsed Spenders,-1.5838,0.7427
14049,17,4,5578.72,1394.68,2.8903717578961645,1.6094379124341003,8.626893874904868,7.241137030684908,1,High-Value Active Customers,1.5645,0.2472
14050,32,2,746.36,373.18,3.4965075614664802,1.0986122886681096,6.616546996753798,5.9247369650572725,0,Low-Engagement / Lapsed Spenders,-0.0825,-0.2962
14051,1,23,15610.390000000001,678.71,0.6931471805599453,3.1780538303479458,9.655756055028828,6.521666236617472,1,High-Value Active Customers,4.311,-0.171
14052,20,1,225.36,225.36,3.044522437723423,0.6931471805599453,5.422126652274323,5.422126652274323,0,Low-Engagement / Lapsed Spenders,-0.8431,-1.1728
14053,124,2,260.25,130.12,4.8283137373023015,1.0986122886681096,5.565477803279021,4.876112934435574,0,Low-Engagement / Lapsed Spenders,-1.0896,0.1653
14054,65,1,92.46,92.46,4.189654742026425,0.6931471805599453,4.53753353727228,4.53753353727228,0,Low-Engagement / Lapsed Spenders,-1.7,-0.769
14055,106,1,725.6400000000001,725.64,4.672828834461906,0.6931471805599453,6.588431169193958,6.588431169193958,0,Low-Engagement / Lapsed Spenders,-0.9121,0.2842
14056,1,23,8152.71,354.47,0.6931471805599453,3.1780538303479458,9.006228317380044,5.8734408574967585,1,High-Value Active Customers,4.003,-0.4075
14057,24,17,6211.66,365.39,3.2188758248682006,2.8903717578961645,8.734344424600405,5.903698339851107,1,High-Value Active Customers,2.649,0.9845
14059,267,1,183.6,183.6,5.5909869805108565,0.6931471805599453,5.218191322068752,5.218191322068752,0,Low-Engagement / Lapsed Spenders,-1.9125,0.3672
14060,5,19,6140.42,323.18,1.791759469228055,2.995732273553991,8.722811264760628,5.78129891708403,1,High-Value Active Customers,3.284,0.1159
14062,10,12,10464.85,872.07,2.3978952727983707,2.5649493574615367,9.255872854706382,6.772015735901155,1,High-Value Active Customers,2.9154,0.5296
14064,29,5,1334.34,266.87,3.4011973816621555,1.791759469228055,7.1969412200564244,5.590501788197235,1,High-Value Active Customers,0.8563,0.1199
14066,267,1,152.55,152.55,5.5909869805108565,0.6931471805599453,5.034026246886832,5.034026246886832,0,Low-Engagement / Lapsed Spenders,-1.9999,0.3001
14067,64,2,374.7,187.35,4.174387269895637,1.0986122886681096,5.928790952579924,5.23830193413805,0,Low-Engagement / Lapsed Spenders,-0.6676,-0.1169
14068,320,1,265.85,265.85,5.771441123130016,0.6931471805599453,5.586686702779954,5.586686702779954,0,Low-Engagement / Lapsed Spenders,-1.8068,0.6158
14071,4,8,1437.57,179.7,1.6094379124341003,2.1972245773362196,7.271404843608142,5.196838197598183,1,High-Value Active Customers,1.9429,-0.8337
14073,32,1,151.04,151.04,3.4965075614664802,0.6931471805599453,5.024143644121048,5.024143644121048,0,Low-Engagement / Lapsed Spenders,-1.2045,-1.0312
14075,5,3,942.26,314.09,1.791759469228055,1.3862943611198906,6.849341960431477,5.752858312302793,1,High-Value Active Customers,0.9394,-1.182
14076,129,1,118.67,118.67,4.867534450455582,0.6931471805599453,4.784737954585425,4.784737954585425,0,Low-Engagement / Lapsed Spenders,-1.8417,-0.2493
14077,41,5,499.41999999999996,99.88,3.7376696182833684,1.791759469228055,6.2154477458196355,4.613931691656664,0,Low-Engagement / Lapsed Spenders,0.2624,-0.0242
14078,102,6,1049.37,174.9,4.634728988229636,1.9459101490553132,6.956897762032364,5.169915651743512,1,High-Value Active Customers,0.4107,0.8735
14079,125,1,375.1,375.1,4.836281906951478,0.6931471805599453,5.929855065476291,5.929855065476291,0,Low-Engagement / Lapsed Spenders,-1.2868,0.148
14080,33,1,45.599999999999994,45.6,3.5263605246161616,0.6931471805599453,3.8416005411316,3.8416005411316,0,Low-Engagement / Lapsed Spenders,-1.7766,-1.443
14081,302,2,921.62,460.81,5.713732805509369,1.0986122886681096,6.827217448755657,6.1351535510817845,0,Low-Engagement / Lapsed Spenders,-0.8296,1.1861
14082,365,1,182.25,182.25,5.902633333401366,0.6931471805599453,5.2108513407667605,5.2108513407667605,0,Low-Engagement / Lapsed Spenders,-2.0351,0.5621
14083,4,9,1002.9,111.43,1.6094379124341003,2.302585092994046,6.911647693697481,4.722330805761668,1,High-Value Active Customers,1.8677,-0.9244
14085,2,18,4421.29,245.63,1.0986122886681096,2.9444389791664403,8.394412940452025,5.507889237832152,1,High-Value Active Customers,3.3467,-0.4627
14087,3,1,191.47,191.47,1.3862943611198906,0.6931471805599453,5.259940297427033,5.259940297427033,0,Low-Engagement / Lapsed Spenders,-0.2866,-2.2831
14088,10,13,50491.81,3883.99,2.3978952727983707,2.639057329615259,10.829586228889369,8.264875688795861,1,High-Value Active Customers,3.7287,1.1311
14089,57,1,158.75,158.75,4.060443010546419,0.6931471805599453,5.073610093257644,5.073610093257644,0,Low-Engagement / Lapsed Spenders,-1.3964,-0.6557
14090,325,1,76.32000000000001,76.32,5.786897381366708,0.6931471805599453,4.34795265434013,4.34795265434013,0,Low-Engagement / Lapsed Spenders,-2.4,0.1745
14092,8,14,4076.91,291.21,2.1972245773362196,2.70805020110221,8.313339881248881,5.67747272186584,1,High-Value Active Customers,2.6747,0.1138
14093,12,1,433.86,433.86,2.5649493574615367,0.6931471805599453,6.075024140206913,6.075024140206913,0,Low-Engagement / Lapsed Spenders,-0.3503,-1.239
14096,4,17,65164.79,3833.22,1.6094379124341003,2.8903717578961645,11.084689916963537,8.25172130328433,1,High-Value Active Customers,4.3782,0.8203
14098,37,1,147.35,147.35,3.6375861597263857,0.6931471805599453,4.99957434673683,4.99957434673683,0,Low-Engagement / Lapsed Spenders,-1.27,-0.9507
14099,16,11,3104.17,282.2,2.833213344056216,2.4849066497880004,8.040823743271407,5.6461533618195645,1,High-Value Active Customers,2.1006,0.3324
14100,138,1,191.95000000000002,191.95,4.9344739331306915,0.6931471805599453,5.262431087983628,5.262431087983628,0,Low-Engagement / Lapsed Spenders,-1.6408,-0.0329
14101,74,6,5976.79,996.13,4.31748811353631,1.9459101490553132,8.695806213421232,6.904881152635169,1,High-Value Active Customers,1.3564,1.3057
14102,5,5,1105.8799999999999,221.18,1.791759469228055,1.791759469228055,7.009300525748804,5.403487864153576,1,High-Value Active Customers,1.3821,-0.9687
14104,155,2,216.20999999999998,108.1,5.049856007249537,1.0986122886681096,5.380864627515602,4.692264892839025,0,Low-Engagement / Lapsed Spenders,-1.2618,0.2385
14105,239,1,1266.23,1266.23,5.480638923341991,0.6931471805599453,7.144588695022355,7.144588695022355,0,Low-Engagement / Lapsed Spenders,-0.957,0.9989
14107,52,7,2703.23,386.18,3.970291913552122,2.0794415416798357,7.902572492717126,5.958889701175804,1,High-Value Active Customers,1.2338,0.8478
14108,31,2,597.91,298.96,3.4657359027997265,1.0986122886681096,6.395111336409363,5.703649132433188,0,Low-Engagement / Lapsed Spenders,-0.1758,-0.3963
14109,73,1,144.2,144.2,4.304065093204169,0.6931471805599453,4.978112102390695,4.978112102390695,0,Low-Engagement / Lapsed Spenders,-1.5348,-0.536
14110,4,12,5683.15,473.6,1.6094379124341003,2.5649493574615367,8.645436878735076,6.162472344001663,1,High-Value Active Customers,2.9272,-0.1926
14111,14,4,692.85,173.21,2.70805020110221,1.6094379124341003,6.54225579881702,5.160261468052068,1,High-Value Active Customers,0.6457,-0.6276
14112,23,7,2915.15,416.45,3.1780538303479458,2.0794415416798357,7.978019532134758,6.03416477664001,1,High-Value Active Customers,1.5722,0.373
14113,4,4,1840.42,460.1,1.6094379124341003,1.6094379124341003,7.518292292095946,6.13361493921266,1,High-Value Active Customers,1.5281,-0.9686
14114,274,2,386.53,193.26,5.616771097666572,1.0986122886681096,5.959793265151517,5.269197467974184,0,Low-Engagement / Lapsed Spenders,-1.2039,0.8088
14116,20,5,1382.74,276.55,3.044522437723423,1.791759469228055,7.2325452572578,5.626001097136171,1,High-Value Active Customers,1.0094,-0.0932
14117,144,1,90.0,90.0,4.976733742420574,0.6931471805599453,4.51085950651685,4.51085950651685,0,Low-Engagement / Lapsed Spenders,-2.0133,-0.2798
14121,4,4,2780.15,695.04,1.6094379124341003,1.6094379124341003,7.930619790211972,6.545407129947377,1,High-Value Active Customers,1.7236,-0.8184
14124,84,1,419.58000000000004,419.58,4.442651256490317,0.6931471805599453,6.041634711020558,6.041634711020558,0,Low-Engagement / Lapsed Spenders,-1.0834,-0.0608
14125,11,3,2720.63,906.88,2.4849066497880004,1.3862943611198906,7.908986244508535,6.811112211277269,1,High-Value Active Customers,1.177,-0.3567
14126,8,3,706.1300000000001,235.38,2.1972245773362196,1.3862943611198906,6.56121452452395,5.465440679584095,1,High-Value Active Customers,0.6479,-1.0299
14127,123,3,709.71,236.57,4.820281565605037,1.3862943611198906,6.566264470368445,5.470462316890431,0,Low-Engagement / Lapsed Spenders,-0.3517,0.6348
14128,61,2,637.5,318.75,4.127134385045092,1.0986122886681096,6.459121675472594,5.767539440458952,0,Low-Engagement / Lapsed Spenders,-0.3981,0.0463
14129,2,5,1123.8600000000001,224.77,1.0986122886681096,1.791759469228055,7.025413862450224,5.4195167819498815,1,High-Value Active Customers,1.6545,-1.4022
14130,319,1,480.91,480.91,5.768320995793772,0.6931471805599453,6.177757374624178,6.177757374624178,0,Low-Engagement / Lapsed Spenders,-1.5253,0.8291
14132,2,11,3586.0299999999997,326.0,1.0986122886681096,2.4849066497880004,8.185079841032296,5.7899601708972535,1,High-Value Active Customers,2.8316,-0.7147
14133,130,3,605.64,201.88,4.875197323201151,1.3862943611198906,6.4079355343926805,5.312614671248861,0,Low-Engagement / Lapsed Spenders,-0.4478,0.6119
14135,2,15,4690.31,312.69,1.0986122886681096,2.772588722239781,8.453467140135627,5.748405237098477,1,High-Value Active Customers,3.2192,-0.5069
14138,2,2,965.8800000000001,482.94,1.0986122886681096,1.0986122886681096,6.874074392613249,6.181960932089947,1,High-Value Active Customers,0.9556,-1.7225
14139,46,1,415.82,415.82,3.8501476017100584,0.6931471805599453,6.032654473932845,6.032654473932845,0,Low-Engagement / Lapsed Spenders,-0.8614,-0.4397
14140,4,2,935.05,467.52,1.6094379124341003,1.0986122886681096,6.841668893854277,6.149578790201674,1,High-Value Active Customers,0.7451,-1.4104
14141,3,4,915.13,228.78,1.3862943611198906,1.6094379124341003,6.820158276001622,5.437122329425219,1,High-Value Active Customers,1.2823,-1.3643
14142,373,1,311.81,311.81,5.924255797414532,0.6931471805599453,5.745595977469612,5.745595977469612,0,Low-Engagement / Lapsed Spenders,-1.7898,0.7706
14143,134,1,115.8,115.8,4.90527477843843,0.6931471805599453,4.760463070394127,4.760463070394127,0,Low-Engagement / Lapsed Spenders,-1.8676,-0.2342
14145,47,4,3742.2,935.55,3.8712010109078907,1.6094379124341003,8.227696139552007,6.842202910741901,1,High-Value Active Customers,1.0005,0.7236
14146,9,5,4191.0,838.2,2.302585092994046,1.791759469228055,8.340933226000878,6.732449057082087,1,High-Value Active Customers,1.8184,-0.1599
14147,78,2,483.4,241.7,4.3694478524670215,1.0986122886681096,6.182911011678937,5.491826112732555,0,Low-Engagement / Lapsed Spenders,-0.6216,0.0993
14148,234,1,157.2,157.2,5.459585514144159,0.6931471805599453,5.063860055333554,5.063860055333554,0,Low-Engagement / Lapsed Spenders,-1.9355,0.2277
14149,221,1,446.62,446.62,5.402677381872279,0.6931471805599453,6.103944658191983,6.103944658191983,0,Low-Engagement / Lapsed Spenders,-1.4206,0.5704
14150,36,2,658.64,329.32,3.6109179126442243,1.0986122886681096,6.49169423166057,5.800061881577835,0,Low-Engagement / Lapsed Spenders,-0.1854,-0.2691
14152,75,2,621.29,310.64,4.330733340286331,1.0986122886681096,6.433406222026163,5.741848675462657,0,Low-Engagement / Lapsed Spenders,-0.488,0.166
14154,239,2,1345.62,672.81,5.480638923341991,1.0986122886681096,7.205353028221294,6.512948172061492,0,Low-Engagement / Lapsed Spenders,-0.5613,1.1761
14155,266,1,118.75,118.75,5.58724865840025,0.6931471805599453,4.785406236291025,4.785406236291025,0,Low-Engagement / Lapsed Spenders,-2.1163,0.2072
14156,10,55,117210.08,2131.09,2.3978952727983707,4.02535169073515,11.671731690905643,7.664857998278432,1,High-Value Active Customers,5.3824,1.968
14157,20,2,424.89000000000004,212.45,3.044522437723423,1.0986122886681096,6.054181096963448,5.363402613203971,0,Low-Engagement / Lapsed Spenders,-0.1765,-0.7875
14158,40,1,507.66,507.66,3.713572066704308,0.6931471805599453,6.231779816930511,6.231779816930511,0,Low-Engagement / Lapsed Spenders,-0.7148,-0.4538
14159,20,11,4630.35,420.94,3.044522437723423,2.4849066497880004,8.44060368125393,6.044863123832677,1,High-Value Active Customers,2.2094,0.6119
14161,216,3,1097.6200000000001,365.87,5.37989735354046,1.3862943611198906,7.001810125730978,5.905007561869388,0,Low-Engagement / Lapsed Spenders,-0.359,1.1482
14162,174,2,289.36,144.68,5.1647859739235145,1.0986122886681096,5.67112153241664,4.981412435419353,0,Low-Engagement / Lapsed Spenders,-1.1681,0.4171
14163,87,4,2445.91,611.48,4.477336814478207,1.6094379124341003,7.802581283035999,6.417516288824535,1,High-Value Active Customers,0.5674,0.953
14164,71,2,1631.77,815.88,4.276666119016055,1.0986122886681096,7.398033237980444,6.705492205247283,0,Low-Engagement / Lapsed Spenders,-0.01,0.483
14165,276,1,120.44,120.44,5.6240175061873385,0.6931471805599453,4.79942031364732,4.79942031364732,0,Low-Engagement / Lapsed Spenders,-2.1237,0.2356
14167,39,4,562.59,140.65,3.6888794541139363,1.6094379124341003,6.334327036786916,4.953359226276525,0,Low-Engagement / Lapsed Spenders,0.1724,-0.0816
14171,98,1,363.79,363.79,4.59511985013459,0.6931471805599453,5.899321845543751,5.899321845543751,0,Low-Engagement / Lapsed Spenders,-1.2092,-0.016
14173,11,4,450.84,112.71,2.4849066497880004,1.6094379124341003,6.1133281348648225,4.7336513476366315,1,High-Value Active Customers,0.5275,-0.9253
14174,33,1,134.46,134.46,3.5263605246161616,0.6931471805599453,4.908676393786758,4.908676393786758,0,Low-Engagement / Lapsed Spenders,-1.2706,-1.0543
14175,60,3,3222.3,1074.1,4.110873864173311,1.3862943611198906,8.078160958464125,6.980168959491182,1,High-Value Active Customers,0.6361,0.7357
14176,297,4,576.9000000000001,144.23,5.697093486505405,1.6094379124341003,6.359400843323733,4.9783186926197125,0,Low-Engagement / Lapsed Spenders,-0.5829,1.2006
14177,86,4,549.46,137.36,4.465908118654584,1.6094379124341003,6.310754292305705,4.929858984068968,0,Low-Engagement / Lapsed Spenders,-0.1356,0.4024
14178,9,7,1600.26,228.61,2.302585092994046,2.0794415416798357,7.378546098312443,5.436382217503932,1,High-Value Active Customers,1.6224,-0.4003
14179,41,2,701.57,350.78,3.7376696182833684,1.0986122886681096,6.554745040371868,5.8630059802041785,0,Low-Engagement / Lapsed Spenders,-0.204,-0.1658
14180,11,25,4748.52,189.94,2.4849066497880004,3.258096538021482,8.465798839290947,5.251959242569887,1,High-Value Active Customers,3.1348,0.5621
14184,67,1,452.89,452.89,4.219507705176107,0.6931471805599453,6.1178548779353035,6.1178548779353035,0,Low-Engagement / Lapsed Spenders,-0.9621,-0.1745
14185,331,1,197.65,197.65,5.805134968916488,0.6931471805599453,5.291544482260608,5.291544482260608,0,Low-Engagement / Lapsed Spenders,-1.9596,0.5297
14188,31,6,2054.36,342.39,3.4657359027997265,1.9459101490553132,7.628206294069428,5.838866827480249,1,High-Value Active Customers,1.1756,0.3769
14189,2,15,4654.08,310.27,1.0986122886681096,2.772588722239781,8.44571437538519,5.740660702742636,1,High-Value Active Customers,3.2155,-0.5097
14191,2,13,4684.76,360.37,1.0986122886681096,2.639057329615259,8.452283401366893,5.8899023641979,1,High-Value Active Customers,3.0978,-0.5584
14193,68,2,853.39,426.7,4.23410650459726,1.0986122886681096,6.750387764017587,6.058422015232863,0,Low-Engagement / Lapsed Spenders,-0.3008,0.2202
14194,5,21,11349.52,540.45,1.791759469228055,3.091042453358316,9.337018836838048,6.294250726074389,1,High-Value Active Customers,3.6615,0.3761
14195,202,2,1012.0,506.0,5.313205979041787,1.0986122886681096,6.920671504248683,6.2285110035911835,0,Low-Engagement / Lapsed Spenders,-0.6323,0.9663
14196,107,1,335.52,335.52,4.68213122712422,0.6931471805599453,5.818657582682613,5.818657582682613,0,Low-Engagement / Lapsed Spenders,-1.2806,0.0098
14198,18,4,701.4,175.35,2.9444389791664403,1.6094379124341003,6.554503042320907,5.172470656682061,1,High-Value Active Customers,0.5612,-0.4733
14199,218,1,185.39999999999998,185.4,5.389071729816501,0.6931471805599453,5.2278949022514904,5.2278949022514904,0,Low-Engagement / Lapsed Spenders,-1.8308,0.2428
14201,60,7,747.44,106.78,4.110873864173311,2.0794415416798357,6.617991040326031,4.680092112505351,1,High-Value Active Customers,0.571,0.469
14204,2,1,150.61,150.61,1.0986122886681096,0.6931471805599453,5.021311434093491,5.021311434093491,0,Low-Engagement / Lapsed Spenders,-0.2898,-2.5524
14205,17,2,466.7,233.35,2.8903717578961645,1.0986122886681096,6.147827064731841,5.456815724368715,0,Low-Engagement / Lapsed Spenders,-0.0732,-0.8511
14206,239,1,328.15999999999997,328.16,5.480638923341991,0.6931471805599453,5.796543954737512,5.796543954737512,0,Low-Engagement / Lapsed Spenders,-1.5962,0.5079
14208,95,1,151.74,151.74,4.564348191467836,0.6931471805599453,5.0287371294602385,5.0287371294602385,0,Low-Engagement / Lapsed Spenders,-1.6102,-0.3526
14209,11,6,2073.43,345.57,2.4849066497880004,1.9459101490553132,7.637441696132993,5.848084818428645,1,High-Value Active Customers,1.5546,-0.2415
14210,106,6,1905.8400000000001,317.64,4.672828834461906,1.9459101490553132,7.553202700664662,5.764061938873389,1,High-Value Active Customers,0.6789,1.1148
14211,53,9,2241.1,249.01,3.9889840465642745,2.302585092994046,7.715168205670426,5.5215009170622675,1,High-Value Active Customers,1.3397,0.8767
14212,90,1,1070.48,1070.48,4.51085950651685,0.6931471805599453,6.976796149317125,6.976796149317125,0,Low-Engagement / Lapsed Spenders,-0.6661,0.323
14214,31,5,1004.38,200.88,3.4657359027997265,1.791759469228055,6.913120858480547,5.307673461472062,1,High-Value Active Customers,0.697,0.0575
14215,12,6,1789.72,298.29,2.5649493574615367,1.9459101490553132,7.490373052597007,5.701413003007467,1,High-Value Active Customers,1.4543,-0.2443
14216,3,4,1839.3,459.82,1.3862943611198906,1.6094379124341003,7.517683880791149,6.133007511217586,1,High-Value Active Customers,1.6131,-1.1103
14217,2,17,2004.98,117.94,1.0986122886681096,2.8903717578961645,7.603887998382448,4.778619164278448,1,High-Value Active Customers,2.9229,-0.7713
14218,43,1,169.48000000000002,169.48,3.784189633918261,0.6931471805599453,5.1386179877903615,5.1386179877903615,0,Low-Engagement / Lapsed Spenders,-1.2601,-0.8072
14219,4,1,89.94,89.94,1.6094379124341003,0.6931471805599453,4.510199948396864,4.510199948396864,0,Low-Engagement / Lapsed Spenders,-0.7273,-2.4147
14220,247,2,632.4,316.2,5.5134287461649825,1.0986122886681096,6.45110213410454,5.7595324897606925,0,Low-Engagement / Lapsed Spenders,-0.9314,0.9222
14221,42,9,3432.8,381.42,3.7612001156935624,2.302585092994046,8.141422798643111,5.946519481064813,1,High-Value Active Customers,1.6288,0.8876
14222,177,1,683.17,683.17,5.181783550292085,0.6931471805599453,6.528206424753791,6.528206424753791,0,Low-Engagement / Lapsed Spenders,-1.1351,0.5849
14223,92,3,991.13,330.38,4.532599493153256,1.3862943611198906,6.89985414708588,5.803265753141151,0,Low-Engagement / Lapsed Spenders,-0.0837,0.5739
14224,110,4,1009.73,252.43,4.709530201312334,1.6094379124341003,6.918428121038441,5.535087650776903,0,Low-Engagement / Lapsed Spenders,0.0595,0.7782
14226,29,5,2214.79,442.96,3.4011973816621555,1.791759469228055,7.703364278033695,6.095734468283779,1,High-Value Active Customers,1.0964,0.3044
14227,26,10,3350.96,335.1,3.295836866004329,2.3978952727983707,8.117300528356548,5.81740873473106,1,High-Value Active Customers,1.8814,0.6202
14229,52,3,1547.2,515.73,3.970291913552122,1.3862943611198906,7.344848244770613,6.247520494377951,1,High-Value Active Customers,0.3421,0.3795
14231,184,3,925.71,308.57,5.220355825078325,1.3862943611198906,6.831640679513165,5.735184237795733,0,Low-Engagement / Lapsed Spenders,-0.3787,0.985
14232,43,5,2048.07,409.61,3.784189633918261,1.791759469228055,7.625141310661702,6.017643858891285,1,High-Value Active Customers,0.913,0.5187
14233,49,4,1462.72,365.68,3.912023005428146,1.6094379124341003,7.288736419398736,5.9044895330935745,1,High-Value Active Customers,0.5397,0.4075
14234,22,4,754.12,188.53,3.1354942159291497,1.6094379124341003,6.626876677016689,5.2445473233382085,1,High-Value Active Customers,0.5225,-0.3259
14235,75,5,3144.86,628.97,4.330733340286331,1.791759469228055,8.053842581674434,6.445672199204137,1,High-Value Active Customers,0.9075,1.0213
14236,81,2,490.86,245.43,4.406719247264253,1.0986122886681096,6.198194123153937,5.507077977494793,0,Low-Engagement / Lapsed Spenders,-0.6286,0.1285
14237,373,1,161.0,161.0,5.924255797414532,0.6931471805599453,5.087596335232384,5.087596335232384,0,Low-Engagement / Lapsed Spenders,-2.1018,0.5309
14238,326,1,146.85,146.85,5.7899601708972535,0.6931471805599453,4.996198246298486,4.996198246298486,0,Low-Engagement / Lapsed Spenders,-2.0938,0.4125
14239,43,11,2380.85,216.44,3.784189633918261,2.4849066497880004,7.775632775640216,5.381922950402833,1,High-Value Active Customers,1.6116,0.8386
14240,30,2,890.34,445.17,3.4339872044851463,1.0986122886681096,6.792725948397371,6.100700045314072,0,Low-Engagement / Lapsed Spenders,0.0249,-0.2716
14241,184,1,213.70000000000002,213.7,5.220355825078325,0.6931471805599453,5.369241704884735,5.369241704884735,0,Low-Engagement / Lapsed Spenders,-1.6993,0.1873
14242,235,2,280.55,140.28,5.4638318050256105,1.0986122886681096,5.640310051700627,4.9507437368556495,0,Low-Engagement / Lapsed Spenders,-1.2969,0.5955
14243,9,10,2588.77,258.88,2.302585092994046,2.3978952727983707,7.859324347661553,5.5602199860123305,1,High-Value Active Customers,2.1385,-0.1034
14245,220,2,1693.45,846.72,5.3981627015177525,1.0986122886681096,7.435113483382488,6.742550392588373,0,Low-Engagement / Lapsed Spenders,-0.4208,1.2075
14246,111,3,1474.06,491.35,4.718498871295094,1.3862943611198906,7.296453945912695,6.1991898456938115,0,Low-Engagement / Lapsed Spenders,0.0334,0.8362
14247,278,1,136.76999999999998,136.77,5.631211781821365,0.6931471805599453,4.925585628056507,4.925585628056508,0,Low-Engagement / Lapsed Spenders,-2.0667,0.2862
14248,318,1,302.58,302.58,5.765191102784844,0.6931471805599453,5.715645167198713,5.715645167198713,0,Low-Engagement / Lapsed Spenders,-1.7432,0.6588
14250,7,3,1904.05,634.68,2.0794415416798357,1.3862943611198906,7.552263533935522,6.454695292066289,1,High-Value Active Customers,1.1628,-0.7436
14251,2,5,2879.7000000000003,575.94,1.0986122886681096,1.791759469228055,7.965788599152331,6.3577382749659845,1,High-Value Active Customers,2.1004,-1.0597
14256,260,2,969.0600000000001,484.53,5.564520407322694,1.0986122886681096,6.8773579252545485,6.185241077789379,0,Low-Engagement / Lapsed Spenders,-0.7488,1.1098
14257,64,5,3099.7200000000003,619.94,4.174387269895637,1.791759469228055,8.039389621570026,6.431234458908137,1,High-Value Active Customers,0.9604,0.9169
14258,9,9,12669.98,1407.78,2.302585092994046,2.302585092994046,9.447069618390275,7.250479360601952,1,High-Value Active Customers,2.8051,0.4384
14259,142,1,120.0,120.0,4.962844630259907,0.6931471805599453,4.795790545596741,4.795790545596741,0,Low-Engagement / Lapsed Spenders,-1.8729,-0.1848
14261,51,2,1163.45,581.72,3.9512437185814275,1.0986122886681096,7.060004151519799,6.3677067965392435,0,Low-Engagement / Lapsed Spenders,-0.046,0.1536
14262,8,8,2618.23,327.28,2.1972245773362196,2.1972245773362196,7.870635660430322,5.79386690276151,1,High-Value Active Customers,2.0025,-0.2428
14264,155,2,333.97,166.98,5.049856007249537,1.0986122886681096,5.814040975576219,5.123844924697481,0,Low-Engagement / Lapsed Spenders,-1.0564,0.3963
14265,109,2,530.18,265.09,4.700480365792417,1.0986122886681096,6.275100946851013,5.5838345974203065,0,Low-Engagement / Lapsed Spenders,-0.7043,0.3427
14267,163,3,1516.24,505.41,5.099866427824199,1.3862943611198906,7.3246481738226015,6.22734661787038,0,Low-Engagement / Lapsed Spenders,-0.0989,1.0882
14270,332,1,492.65000000000003,492.65,5.808142489980444,0.6931471805599453,6.201826764057459,6.201826764057459,0,Low-Engagement / Lapsed Spenders,-1.5291,0.8631
14271,226,1,112.32,112.32,5.424950017481403,0.6931471805599453,4.730215674962316,4.730215674962316,0,Low-Engagement / Lapsed Spenders,-2.0805,0.0842
14272,74,2,437.96,218.98,4.31748811353631,1.0986122886681096,6.0844082927507195,5.393536633128971,0,Low-Engagement / Lapsed Spenders,-0.6485,0.0305
14273,51,4,559.97,139.99,3.9512437185814275,1.6094379124341003,6.329667428156979,4.9486889658772695,0,Low-Engagement / Lapsed Spenders,0.07,0.083
14276,99,3,1119.74,373.25,4.605170185988092,1.3862943611198906,7.021744460399267,5.924924023299738,0,Low-Engagement / Lapsed Spenders,-0.0536,0.6643
14277,15,3,4188.0,1396.0,2.772588722239781,1.3862943611198906,8.340217320947035,7.242082359256962,1,High-Value Active Customers,1.2716,-0.0173
14280,197,1,134.04,134.04,5.288267030694535,0.6931471805599453,4.905571030847647,4.905571030847647,0,Low-Engagement / Lapsed Spenders,-1.9451,0.0615
14282,3,15,3701.44,246.76,1.3862943611198906,2.772588722239781,8.216747340743936,5.512460535664947,1,High-Value Active Customers,2.997,-0.4108
14284,31,2,595.25,297.62,3.4657359027997265,1.0986122886681096,6.390660042202551,5.699171862098518,0,Low-Engagement / Lapsed Spenders,-0.1779,-0.3979
14285,21,4,1910.01,477.5,3.091042453358316,1.6094379124341003,7.555387177088957,6.170656210893009,1,High-Value Active Customers,0.9797,-0.0159
14286,24,3,4628.75,1542.92,3.2188758248682006,1.3862943611198906,8.440258149942116,7.342079915770855,1,High-Value Active Customers,1.1486,0.3021
14287,8,3,176.63,58.88,2.1972245773362196,1.3862943611198906,5.179702735211794,4.092342559551428,0,Low-Engagement / Lapsed Spenders,-0.0072,-1.5331
14288,213,1,426.6,426.6,5.365976015021851,0.6931471805599453,6.05818817915089,6.05818817915089,0,Low-Engagement / Lapsed Spenders,-1.4283,0.5305
14289,9,6,911.26,151.88,2.302585092994046,1.9459101490553132,6.815925037163848,5.029653299932018,1,High-Value Active Customers,1.2348,-0.6563
14290,11,5,2314.65,462.93,2.4849066497880004,1.791759469228055,7.747445704647496,6.139733678776463,1,High-Value Active Customers,1.4673,-0.2604
14291,2,11,3883.25,353.02,1.0986122886681096,2.4849066497880004,8.264685193972111,5.86935340871301,1,High-Value Active Customers,2.8693,-0.6857
14292,8,9,4871.93,541.33,2.1972245773362196,2.302585092994046,8.491450677872692,6.29587467225054,1,High-Value Active Customers,2.3922,0.0236
14293,3,4,1046.56,261.64,1.3862943611198906,1.6094379124341003,6.954218929392177,5.570784273193337,1,High-Value Active Customers,1.3459,-1.3155
14295,40,1,166.20000000000002,166.2,3.713572066704308,0.6931471805599453,5.119190700650601,5.119190700650601,0,Low-Engagement / Lapsed Spenders,-1.2423,-0.859
14297,18,4,1305.33,326.33,2.9444389791664403,1.6094379124341003,7.174976957856922,5.790968836335117,1,High-Value Active Customers,0.8554,-0.2473
14298,8,44,51527.3,1171.08,2.1972245773362196,3.8066624897703196,10.849886450287096,7.066535227193057,1,High-Value Active Customers,4.8715,1.4579
14299,8,9,3965.62,440.62,2.1972245773362196,2.302585092994046,8.285669625656425,6.090449783792404,1,High-Value Active Customers,2.2946,-0.0514
14300,19,1,43.2,43.2,2.995732273553991,0.6931471805599453,3.7887247890836524,3.7887247890836524,0,Low-Engagement / Lapsed Spenders,-1.599,-1.7986
14301,117,1,640.14,640.14,4.770684624465665,0.6931471805599453,6.463247841809304,6.463247841809304,0,Low-Engagement / Lapsed Spenders,-1.0088,0.3007
14304,223,1,383.45,383.45,5.4116460518550396,0.6931471805599453,5.9518137414781895,5.9518137414781895,0,Low-Engagement / Lapsed Spenders,-1.4962,0.5207
14305,71,3,1858.96,619.65,4.276666119016055,1.3862943611198906,7.528310261099659,6.4307673159619565,1,High-Value Active Customers,0.3121,0.6405
14306,51,2,2093.32,1046.66,3.9512437185814275,1.0986122886681096,7.646984197329087,6.954314384762092,0,Low-Engagement / Lapsed Spenders,0.2323,0.3674
14307,89,6,2995.72,499.29,4.499809670330265,1.9459101490553132,8.005273636192019,6.2151879302872,1,High-Value Active Customers,0.9594,1.1698
14309,8,9,2352.53,261.39,2.1972245773362196,2.302585092994046,7.763671607732549,5.569831946587641,1,High-Value Active Customers,2.0471,-0.2415
14311,243,1,310.26,310.26,5.497168225293202,0.6931471805599453,5.740628575776864,5.740628575776864,0,Low-Engagement / Lapsed Spenders,-1.629,0.498
14312,47,6,1611.59,268.6,3.8712010109078907,1.9459101490553132,7.385596861065875,5.596939379038152,1,High-Value Active Customers,0.9057,0.5456
14314,107,1,120.0,120.0,4.68213122712422,0.6931471805599453,4.795790545596741,4.795790545596741,0,Low-Engagement / Lapsed Spenders,-1.7656,-0.3628
14315,45,6,2481.13,413.52,3.828641396489095,1.9459101490553132,7.816872341508149,6.027121224316017,1,High-Value Active Customers,1.1264,0.6757
14317,65,1,508.58000000000004,508.58,4.189654742026425,0.6931471805599453,6.233586857019973,6.233586857019973,0,Low-Engagement / Lapsed Spenders,-0.8958,-0.1513
14320,207,2,477.79,238.9,5.337538079701318,1.0986122886681096,6.17126208791851,5.480222169845649,0,Low-Engagement / Lapsed Spenders,-0.9969,0.7088
14321,11,5,1530.75,306.15,2.4849066497880004,1.791759469228055,7.334166151605764,5.727336227609936,1,High-Value Active Customers,1.2714,-0.4109
14323,115,2,605.0600000000001,302.53,4.7535901911063645,1.0986122886681096,6.406978991069148,5.71548045240201,0,Low-Engagement / Lapsed Spenders,-0.6621,0.4244
14326,242,1,183.85,183.85,5.493061443340548,0.6931471805599453,5.219544685382641,5.219544685382641,0,Low-Engagement / Lapsed Spenders,-1.8745,0.3056
14327,163,1,311.65,311.65,5.099866427824199,0.6931471805599453,5.745084354013307,5.745084354013307,0,Low-Engagement / Lapsed Spenders,-1.4751,0.2478
14329,17,7,4975.24,710.75,2.8903717578961645,2.0794415416798357,8.512429864767167,6.567726726158147,1,High-Value Active Customers,1.9355,0.3853
14331,124,2,462.65999999999997,231.33,4.8283137373023015,1.0986122886681096,6.139151525006747,5.4481587747871965,0,Low-Engagement / Lapsed Spenders,-0.8176,0.3743
14332,23,3,840.21,280.07,3.1780538303479458,1.3862943611198906,6.734841331537249,5.638603748631207,1,High-Value Active Customers,0.3555,-0.3449
14333,68,1,415.2,415.2,4.23410650459726,0.6931471805599453,6.031165913959534,6.031165913959534,0,Low-Engagement / Lapsed Spenders,-1.0087,-0.1969
14334,17,8,2552.21,319.03,2.8903717578961645,2.1972245773362196,7.845106670027843,5.768414741399516,1,High-Value Active Customers,1.7256,0.1873
14335,16,2,454.86,227.43,2.833213344056216,1.0986122886681096,6.1221857448309915,5.431229817667778,0,Low-Engagement / Lapsed Spenders,-0.0636,-0.8967
14336,17,4,1614.91,403.73,2.8903717578961645,1.6094379124341003,7.387653544460817,6.003220178118836,1,High-Value Active Customers,0.9769,-0.2042
14338,161,2,588.22,294.11,5.087596335232384,1.0986122886681096,6.3787996283436765,5.687348168192776,0,Low-Engagement / Lapsed Spenders,-0.8031,0.6259
14339,243,1,309.52,309.52,5.497168225293202,0.6931471805599453,5.73824831153748,5.73824831153748,0,Low-Engagement / Lapsed Spenders,-1.6301,0.4972
14340,219,1,134.7,134.7,5.393627546352361,0.6931471805599453,4.9104465668408235,4.9104465668408235,0,Low-Engagement / Lapsed Spenders,-1.9831,0.13
14341,45,8,2166.98,270.87,3.828641396489095,2.1972245773362196,7.6815511374247345,5.605324010869238,1,High-Value Active Customers,1.2897,0.7225
14342,21,4,668.5600000000001,167.14,3.091042453358316,1.6094379124341003,6.506620780234419,5.124796965707151,1,High-Value Active Customers,0.4825,-0.3978
14344,127,8,889.9300000000001,111.24,4.852030263919617,2.1972245773362196,6.7922658609726465,4.720639435794205,1,High-Value Active Customers,0.4771,1.0474
14345,39,1,108.97999999999999,108.98,3.6888794541139363,0.6931471805599453,4.700298531079668,4.700298531079668,0,Low-Engagement / Lapsed Spenders,-1.4315,-1.0272
14346,121,2,1021.58,510.79,4.804021044733257,1.0986122886681096,6.9300841244652,6.237914384652426,0,Low-Engagement / Lapsed Spenders,-0.4333,0.6469
14348,260,1,409.57,409.57,5.564520407322694,0.6931471805599453,6.017546438106483,6.017546438106483,0,Low-Engagement / Lapsed Spenders,-1.5234,0.6416
14349,10,1,133.5,133.5,2.3978952727983707,0.6931471805599453,4.901564199041894,4.901564199041894,0,Low-Engagement / Lapsed Spenders,-0.8429,-1.7723
14350,274,1,282.93,282.93,5.616771097666572,0.6931471805599453,5.6487277289070565,5.6487277289070565,0,Low-Engagement / Lapsed Spenders,-1.7183,0.5404
14351,165,1,51.0,51.0,5.111987788356544,0.6931471805599453,3.9512437185814275,3.9512437185814275,0,Low-Engagement / Lapsed Spenders,-2.3303,-0.3979
14352,157,4,1078.96,269.74,5.062595033026967,1.6094379124341003,6.984679282395341,5.6011589507576405,0,Low-Engagement / Lapsed Spenders,-0.044,1.0261
14353,215,1,90.6,90.6,5.375278407684165,0.6931471805599453,4.517431271680085,4.517431271680085,0,Low-Engagement / Lapsed Spenders,-2.1624,-0.0247
14354,6,2,163.62,81.81,1.9459101490553132,1.0986122886681096,5.103639787544498,4.416548827045609,0,Low-Engagement / Lapsed Spenders,-0.2076,-1.8301
14355,366,1,174.4,174.4,5.905361848054571,0.6931471805599453,5.1670690799380825,5.1670690799380825,0,Low-Engagement / Lapsed Spenders,-2.0569,0.5479
14356,80,2,701.23,350.62,4.394449154672439,1.0986122886681096,6.5542609856927125,5.862551047014644,0,Low-Engagement / Lapsed Spenders,-0.4551,0.2504
14357,43,1,225.12,225.12,3.784189633918261,0.6931471805599453,5.42106583180709,5.42106583180709,0,Low-Engagement / Lapsed Spenders,-1.1262,-0.7043
14359,19,3,912.18,304.06,2.995732273553991,1.3862943611198906,6.816933013408364,5.720508478571787,1,High-Value Active Customers,0.4641,-0.4306
14360,32,4,2118.03,529.51,3.4965075614664802,1.6094379124341003,7.658713715789601,6.273838808017752,1,High-Value Active Customers,0.8738,0.2788
14362,22,1,151.5,151.5,3.1354942159291497,0.6931471805599453,5.0271645960474665,5.0271645960474665,0,Low-Engagement / Lapsed Spenders,-1.0651,-1.259
14364,109,8,3717.35,464.67,4.700480365792417,2.1972245773362196,8.221035300483413,6.143477228759367,1,High-Value Active Customers,1.2124,1.4717
14367,8,16,9227.82,576.74,2.1972245773362196,2.833213344056216,9.13008647533716,6.359123940480248,1,High-Value Active Customers,3.1752,0.4591
14368,320,1,155.0,155.0,5.771441123130016,0.6931471805599453,5.049856007249537,5.049856007249537,0,Low-Engagement / Lapsed Spenders,-2.0613,0.4203
14371,295,1,100.5,100.5,5.69035945432406,0.6931471805599453,4.620058798481842,4.620058798481842,0,Low-Engagement / Lapsed Spenders,-2.2341,0.2124
14373,358,1,76.55,76.55,5.883322388488279,0.6931471805599453,4.350922889622548,4.350922889622548,0,Low-Engagement / Lapsed Spenders,-2.4354,0.2367
14375,185,1,235.56,235.56,5.225746673713202,0.6931471805599453,5.466201875544222,5.466201875544222,0,Low-Engagement / Lapsed Spenders,-1.6554,0.226
14377,191,2,617.05,308.52,5.2574953720277815,1.0986122886681096,6.426569360333832,5.735022710392258,0,Low-Engagement / Lapsed Spenders,-0.8453,0.751
14379,44,2,348.1,174.05,3.8066624897703196,1.0986122886681096,5.855358414110991,5.165071647400675,0,Low-Engagement / Lapsed Spenders,-0.5619,-0.3768
14381,52,1,202.68,202.68,3.970291913552122,0.6931471805599453,5.316550134809097,5.316550134809097,0,Low-Engagement / Lapsed Spenders,-1.2468,-0.6244
14382,26,1,615.49,615.49,3.295836866004329,0.6931471805599453,6.424042101872681,6.424042101872681,0,Low-Engagement / Lapsed Spenders,-0.464,-0.6486
14383,38,3,1247.69,415.9,3.6635616461296463,1.3862943611198906,7.129850280760371,6.032846384886751,1,High-Value Active Customers,0.3574,0.1067
14385,9,3,202.11,67.37,2.302585092994046,1.3862943611198906,5.3137477042033945,4.2249341319257026,0,Low-Engagement / Lapsed Spenders,0.0161,-1.4175
14386,297,1,142.4,142.4,5.697093486505405,0.6931471805599453,4.96563792816552,4.96563792816552,0,Low-Engagement / Lapsed Spenders,-2.0728,0.3425
14387,33,3,1727.6,575.87,3.5263605246161616,1.3862943611198906,7.455067111318538,6.357616937830605,1,High-Value Active Customers,0.564,0.1382
14388,10,8,3212.84,401.6,2.3978952727983707,2.1972245773362196,8.07522176285542,5.9979435132056915,1,High-Value Active Customers,2.0229,-0.0411
14389,65,2,1043.46,521.73,4.189654742026425,1.0986122886681096,6.9512552844279885,6.259065078370719,0,Low-Engagement / Lapsed Spenders,-0.1886,0.2652
14390,10,9,4642.57,515.84,2.3978952727983707,2.302585092994046,8.443238745938231,6.24773334885402,1,High-Value Active Customers,2.2927,0.1332
14393,218,1,67.95,67.95,5.389071729816501,0.6931471805599453,4.233381604239311,4.233381604239311,0,Low-Engagement / Lapsed Spenders,-2.3024,-0.1194
14395,2,9,3479.91,386.66,1.0986122886681096,2.302585092994046,8.15504903283773,5.960128666798129,1,High-Value Active Customers,2.6524,-0.7954
14396,65,2,487.99,244.0,4.189654742026425,1.0986122886681096,6.19234203936802,5.501258210544727,0,Low-Engagement / Lapsed Spenders,-0.5485,-0.0112
14397,3,19,2612.96,137.52,1.3862943611198906,2.995732273553991,7.868621591848266,4.931014719534221,1,High-Value Active Customers,3.0339,-0.4522
14400,149,1,574.7,574.7,5.0106352940962555,0.6931471805599453,6.355586691681764,6.355586691681764,0,Low-Engagement / Lapsed Spenders,-1.1515,0.4136
14401,4,13,4051.48,311.65,1.6094379124341003,2.639057329615259,8.307084318372484,5.745084354013307,1,High-Value Active Customers,2.8338,-0.2875
14403,130,4,1475.81,368.95,4.875197323201151,1.6094379124341003,7.297639635123279,5.91336786137156,0,Low-Engagement / Lapsed Spenders,0.176,1.0213
14404,34,6,1449.32,241.55,3.5553480614894135,1.9459101490553132,7.2795395007214125,5.491207874691225,1,High-Value Active Customers,0.976,0.3067
14406,119,1,156.75,156.75,4.787491742782046,0.6931471805599453,5.061011501421323,5.061011501421323,0,Low-Engagement / Lapsed Spenders,-1.6801,-0.1994
14407,107,6,2157.73,359.62,4.68213122712422,1.9459101490553132,7.677275364797242,5.887824772348222,1,High-Value Active Customers,0.7342,1.1659
14408,11,7,2599.03,371.29,2.4849066497880004,2.0794415416798357,7.8632782624045445,5.9196731204588415,1,High-Value Active Customers,1.7826,-0.1082
14409,71,6,2059.4500000000003,343.24,4.276666119016055,1.9459101490553132,7.630679684529584,5.8413390885303444,1,High-Value Active Customers,0.867,0.8919
14410,92,9,1100.27,122.25,4.532599493153256,2.302585092994046,7.004219338265954,4.814214812922799,1,High-Value Active Customers,0.7949,0.9624
14411,311,1,1063.0,1063.0,5.7430031878094825,0.6931471805599453,6.96979066990159,6.96979066990159,0,Low-Engagement / Lapsed Spenders,-1.1401,1.1015
14412,43,2,770.03,385.02,3.784189633918261,1.0986122886681096,6.647727283312172,5.9558891815940616,0,Low-Engagement / Lapsed Spenders,-0.1776,-0.1024
14413,362,1,121.05,121.05,5.8944028342648505,0.6931471805599453,4.804430796838969,4.804430796838969,0,Low-Engagement / Lapsed Spenders,-2.2246,0.4089
14414,92,7,1496.98,213.85,4.532599493153256,2.0794415416798357,7.311872812853191,5.3699401102210045,1,High-Value Active Customers,0.7389,0.9891
14415,1,13,5855.57,450.43,0.6931471805599453,2.639057329615259,8.675319386969873,6.112420322077599,1,High-Value Active Customers,3.3584,-0.7342
14416,22,2,490.22,245.11,3.1354942159291497,1.0986122886681096,6.1968920926164115,5.505778590460139,0,Low-Engagement / Lapsed Spenders,-0.1436,-0.6779
14418,4,3,1937.25,645.75,1.6094379124341003,1.3862943611198906,7.569540783099068,6.471959821066139,1,High-Value Active Customers,1.3505,-1.0353
14419,11,6,1051.79,175.3,2.4849066497880004,1.9459101490553132,6.959199062045698,5.172187089403825,1,High-Value Active Customers,1.2331,-0.4885
14420,99,1,387.52,387.52,4.605170185988092,0.6931471805599453,5.962344648534129,5.962344648534129,0,Low-Engagement / Lapsed Spenders,-1.1831,0.0133
14421,57,2,813.11,406.56,4.060443010546419,1.0986122886681096,6.702095492007746,6.010188161106084,0,Low-Engagement / Lapsed Spenders,-0.2574,0.0925
14422,1,6,4263.64,710.61,0.6931471805599453,1.9459101490553132,8.358113048391361,6.567530008531613,1,High-Value Active Customers,2.5808,-1.1149
14423,218,1,265.2,265.2,5.389071729816501,0.6931471805599453,5.5842479059610115,5.5842479059610115,0,Low-Engagement / Lapsed Spenders,-1.6618,0.3725
14424,18,1,322.08,322.08,2.9444389791664403,0.6931471805599453,5.777899970574095,5.777899970574095,0,Low-Engagement / Lapsed Spenders,-0.6362,-1.1067
14426,24,10,4481.67,448.17,3.2188758248682006,2.3978952727983707,8.407974130025062,6.107401435237784,1,High-Value Active Customers,2.0486,0.6773
14427,50,2,363.34000000000003,181.67,3.9318256327243257,1.0986122886681096,5.898087497602683,5.207681246288592,0,Low-Engagement / Lapsed Spenders,-0.5895,-0.2819
14428,7,5,1224.06,244.81,2.0794415416798357,1.791759469228055,7.110745101371203,5.50455887978689,1,High-Value Active Customers,1.3203,-0.7494
14431,303,1,470.36,470.36,5.717027701406222,0.6931471805599453,6.1556221332742656,6.1556221332742656,0,Low-Engagement / Lapsed Spenders,-1.5162,0.7885
14432,10,6,2248.5,374.75,2.3978952727983707,1.9459101490553132,7.7184632482812265,5.928924028633084,1,High-Value Active Customers,1.6263,-0.2672
14434,22,6,1372.8,228.8,3.1354942159291497,1.9459101490553132,7.225335901779781,5.437209365414655,1,High-Value Active Customers,1.1107,0.0208
14436,99,1,89.06,89.06,4.605170185988092,0.6931471805599453,4.500476114873425,4.500476114873425,0,Low-Engagement / Lapsed Spenders,-1.8763,-0.5191
14437,366,1,63.0,63.0,5.905361848054571,0.6931471805599453,4.1588830833596715,4.1588830833596715,0,Low-Engagement / Lapsed Spenders,-2.5349,0.1807
14438,306,1,131.9,131.9,5.726847747587197,0.6931471805599453,4.8895969657192,4.8895969657192,0,Low-Engagement / Lapsed Spenders,-2.1202,0.3337
14439,320,1,2661.24,2661.24,5.771441123130016,0.6931471805599453,7.8869231526671975,7.8869231526671975,0,Low-Engagement / Lapsed Spenders,-0.7161,1.4536
14440,8,5,2357.6800000000003,471.54,2.1972245773362196,1.791759469228055,7.765857419506838,6.15812239943533,1,High-Value Active Customers,1.5859,-0.4361
14441,1,4,1712.89,428.22,0.6931471805599453,1.6094379124341003,7.446520919735376,6.061969607993336,1,High-Value Active Customers,1.8441,-1.5756
14442,205,2,1589.82,794.91,5.327876168789581,1.0986122886681096,7.372004885545176,6.679486114125384,0,Low-Engagement / Lapsed Spenders,-0.4239,1.14
14443,54,4,1420.2,355.05,4.007333185232471,1.6094379124341003,7.259256864146872,5.875071170428134,1,High-Value Active Customers,0.4893,0.4572
14446,1,4,1010.35,252.59,0.6931471805599453,1.6094379124341003,6.9190413509991044,5.535718789608946,1,High-Value Active Customers,1.594,-1.7677
14447,19,5,1163.23,232.65,2.995732273553991,1.791759469228055,7.059815203273879,5.453824269146435,1,High-Value Active Customers,0.9461,-0.187
14448,9,2,375.35,187.68,2.302585092994046,1.0986122886681096,5.930519561480541,5.240052458416061,0,Low-Engagement / Lapsed Spenders,0.0483,-1.3029
14449,19,4,885.8,221.45,2.995732273553991,1.6094379124341003,6.787619477742156,5.4047023572520505,1,High-Value Active Customers,0.6521,-0.3559
14450,181,3,483.25,161.08,5.204006687076795,1.3862943611198906,6.182601302287106,5.088090040500373,0,Low-Engagement / Lapsed Spenders,-0.6802,0.7383
14451,60,2,643.9,321.95,4.110873864173311,1.0986122886681096,6.469095266016332,5.777497512478481,0,Low-Engagement / Lapsed Spenders,-0.3871,0.0396
14452,11,2,259.05,129.52,2.4849066497880004,1.0986122886681096,5.560873920219081,4.87152647172512,0,Low-Engagement / Lapsed Spenders,-0.1967,-1.3219
14453,190,1,119.93,119.93,5.25227342804663,0.6931471805599453,4.795211865797184,4.795211865797184,0,Low-Engagement / Lapsed Spenders,-1.9837,-0.0016
14456,5,9,3017.28,335.25,1.791759469228055,2.302585092994046,8.012442411697599,5.817854930916049,1,High-Value Active Customers,2.32,-0.4079
14457,311,1,113.64,113.64,5.7430031878094825,0.6931471805599453,4.741796783519916,4.741796783519916,0,Low-Engagement / Lapsed Spenders,-2.1965,0.2901
14459,155,1,1837.92,1837.92,5.049856007249537,0.6931471805599453,7.516933721754878,7.516933721754878,0,Low-Engagement / Lapsed Spenders,-0.6159,0.8614
14460,110,3,434.34,144.78,4.709530201312334,1.3862943611198906,6.076127334986691,4.982098635954067,0,Low-Engagement / Lapsed Spenders,-0.5418,0.386
14461,148,3,2103.06,701.02,5.003946305945459,1.3862943611198906,7.651624090561262,6.553961893648468,0,Low-Engagement / Lapsed Spenders,0.0927,1.1465
14462,66,11,1980.57,180.05,4.204692619390966,2.4849066497880004,7.591644738779161,5.19877323621165,1,High-Value Active Customers,1.3637,1.0382
14463,98,3,529.62,176.54,4.59511985013459,1.3862943611198906,6.2740461341708045,5.179195935640173,0,Low-Engagement / Lapsed Spenders,-0.4043,0.3856
14465,247,3,1038.44,346.15,5.5134287461649825,1.3862943611198906,6.946437385574481,5.849756963199282,0,Low-Engagement / Lapsed Spenders,-0.4363,1.2126
14466,29,7,2272.4,324.63,3.4011973816621555,2.0794415416798357,7.72903178725261,5.7857617674761155,1,High-Value Active Customers,1.3689,0.4238
14467,18,4,596.26,149.06,2.9444389791664403,1.6094379124341003,6.392352529473033,5.011035214117583,1,High-Value Active Customers,0.4843,-0.5324
14470,12,2,461.19,230.6,2.5649493574615367,1.0986122886681096,6.135976061950666,5.4450117456988405,0,Low-Engagement / Lapsed Spenders,0.0455,-1.0617
14472,104,8,1852.67,231.58,4.653960350157523,2.1972245773362196,7.524922736755564,5.4492342518648975,1,High-Value Active Customers,0.9001,1.1887
14473,74,2,234.34000000000003,117.17,4.31748811353631,1.0986122886681096,5.461031277035783,4.772124265650924,0,Low-Engagement / Lapsed Spenders,-0.944,-0.1966
14474,46,1,547.66,547.66,3.8501476017100584,0.6931471805599453,6.3074789418267985,6.3074789418267985,0,Low-Engagement / Lapsed Spenders,-0.7311,-0.3396
14475,72,3,925.85,308.62,4.290459441148391,1.3862943611198906,6.831791740175098,5.7353457391123195,0,Low-Engagement / Lapsed Spenders,-0.0234,0.3956
14476,257,1,193.0,193.0,5.552959584921617,0.6931471805599453,5.267858159063328,5.267858159063328,0,Low-Engagement / Lapsed Spenders,-1.8745,0.3612
14477,20,4,1309.6,327.4,3.044522437723423,1.6094379124341003,7.178240326605397,5.794232377578273,1,High-Value Active Customers,0.8187,-0.1827
14479,254,2,316.25,158.12,5.541263545158426,1.0986122886681096,5.759690106594497,5.069658634545717,0,Low-Engagement / Lapsed Spenders,-1.2699,0.688
14480,11,1,279.05,279.05,2.4849066497880004,0.6931471805599453,5.634968158655841,5.634968158655841,0,Low-Engagement / Lapsed Spenders,-0.5284,-1.45
14481,165,2,636.51,318.26,5.111987788356544,1.0986122886681096,6.457569963184063,5.766005817836333,0,Low-Engagement / Lapsed Spenders,-0.775,0.6701
14482,18,6,2022.81,337.14,2.9444389791664403,1.9459101490553132,7.6127371524831755,5.82346001090882,1,High-Value Active Customers,1.3674,0.0408
14483,282,1,137.1,137.1,5.645446897643238,0.6931471805599453,4.9279780604152466,4.9279780604152466,0,Low-Engagement / Lapsed Spenders,-2.071,0.2961
14484,50,1,321.92,321.92,3.9318256327243257,0.6931471805599453,5.777404614526815,5.777404614526815,0,Low-Engagement / Lapsed Spenders,-1.0136,-0.4809
14485,39,1,162.8,162.8,3.6888794541139363,0.6931471805599453,5.098646171418969,5.098646171418969,0,Low-Engagement / Lapsed Spenders,-1.2426,-0.8821
14487,27,6,1165.48,194.25,3.332204510175204,1.9459101490553132,7.06174594600803,5.274280788719795,1,High-Value Active Customers,0.958,0.0859
14488,68,1,1064.28,1064.28,4.23410650459726,0.6931471805599453,6.97099295438666,6.97099295438666,0,Low-Engagement / Lapsed Spenders,-0.5631,0.1454
14489,207,1,463.38,463.38,5.337538079701318,0.6931471805599453,6.14070318257422,6.14070318257422,0,Low-Engagement / Lapsed Spenders,-1.3783,0.5425
14491,175,2,340.93,170.46,5.170483995038151,1.0986122886681096,5.834606037750557,5.14435000325061,0,Low-Engagement / Lapsed Spenders,-1.0927,0.4803
14493,7,5,2383.2400000000002,476.65,2.0794415416798357,1.791759469228055,7.7766356942591806,6.168878246716018,1,High-Value Active Customers,1.6361,-0.5068
14494,26,1,139.56,139.56,3.295836866004329,0.6931471805599453,4.945634443878841,4.945634443878841,0,Low-Engagement / Lapsed Spenders,-1.165,-1.187
14495,51,2,123.8,61.9,3.9512437185814275,1.0986122886681096,4.826712455935327,4.141546163706395,0,Low-Engagement / Lapsed Spenders,-1.1049,-0.6597
14496,312,2,538.8100000000001,269.41,5.746203190540153,1.0986122886681096,6.2912172257920815,5.599939325733503,0,Low-Engagement / Lapsed Spenders,-1.0962,1.0115
14497,309,1,475.37,475.37,5.736572297479192,0.6931471805599453,6.166194863206115,6.166194863206115,0,Low-Engagement / Lapsed Spenders,-1.5187,0.8048
14498,43,5,1957.32,391.46,3.784189633918261,1.791759469228055,7.579842241810434,5.9724346212011765,1,High-Value Active Customers,0.8915,0.5022
14499,26,3,808.44,269.48,3.295836866004329,1.3862943611198906,6.696342650543626,5.600198158399631,1,High-Value Active Customers,0.2923,-0.2843
14500,88,3,356.85,118.95,4.48863636973214,1.3862943611198906,5.880113904184607,4.787074989285704,0,Low-Engagement / Lapsed Spenders,-0.5504,0.1746
14501,184,2,251.21,125.6,5.220355825078325,1.0986122886681096,5.530262073815315,4.841032509710076,0,Low-Engagement / Lapsed Spenders,-1.2561,0.401
14502,20,11,2429.83,220.89,3.044522437723423,2.4849066497880004,7.795988041800972,5.402181763578325,1,High-Value Active Customers,1.9038,0.3772
14503,3,6,3543.26,590.54,1.3862943611198906,1.9459101490553132,8.173084672465158,6.382729305815005,1,High-Value Active Customers,2.2283,-0.7429
14504,47,4,673.26,168.32,3.8712010109078907,1.6094379124341003,6.513615793203887,5.1317904156527225,0,Low-Engagement / Lapsed Spenders,0.1878,0.0993
14505,17,8,5859.43,732.43,2.8903717578961645,2.1972245773362196,8.675978258718553,6.597732160172862,1,High-Value Active Customers,2.1196,0.4899
14506,17,5,1960.65,392.13,2.8903717578961645,1.791759469228055,7.5815412348134545,5.974140345974778,1,High-Value Active Customers,1.2338,-0.0638
14507,24,6,1367.88,227.98,3.2188758248682006,1.9459101490553132,7.2217481662237155,5.433634663495666,1,High-Value Active Customers,1.0772,0.0724
14508,22,2,268.05,134.02,3.1354942159291497,1.0986122886681096,5.594897235935429,4.905422915613724,0,Low-Engagement / Lapsed Spenders,-0.429,-0.8971
14511,11,5,1314.81,262.96,2.4849066497880004,1.791759469228055,7.182207724562218,5.575797576515221,1,High-Value Active Customers,1.1993,-0.4663
14512,188,2,275.28,137.64,5.241747015059643,1.0986122886681096,5.621414844220772,4.93188064540735,0,Low-Engagement / Lapsed Spenders,-1.2211,0.4478
14513,101,3,455.59000000000003,151.86,4.624972813284271,1.3862943611198906,6.1237858328484185,5.029522469814738,0,Low-Engagement / Lapsed Spenders,-0.4869,0.3498
14514,61,3,990.2,330.07,4.127134385045092,1.3862943611198906,6.898916330314933,5.802329833380781,0,Low-Engagement / Lapsed Spenders,0.0708,0.3165
14515,18,6,2076.89,346.15,2.9444389791664403,1.9459101490553132,7.63910823474312,5.849756963199282,1,High-Value Active Customers,1.3799,0.0504
14517,33,2,330.45,165.22,3.5263605246161616,1.0986122886681096,5.8034769686874,5.11331221212488,0,Low-Engagement / Lapsed Spenders,-0.4795,-0.5734
14518,64,1,174.37,174.37,4.174387269895637,0.6931471805599453,5.166898027681201,5.166898027681201,0,Low-Engagement / Lapsed Spenders,-1.3957,-0.5495
14520,2,2,270.6,135.3,1.0986122886681096,1.0986122886681096,5.604330395684541,4.914858338702487,1,High-Value Active Customers,0.3535,-2.1849
14522,24,4,974.54,243.64,3.2188758248682006,1.6094379124341003,6.882991163835519,5.499787742180752,1,High-Value Active Customers,0.6121,-0.1797
14523,108,1,241.09,241.09,4.6913478822291435,0.6931471805599453,5.489309557845162,5.489309557845162,0,Low-Engagement / Lapsed Spenders,-1.4403,-0.1043
14524,32,9,1843.83,204.87,3.4965075614664802,2.302585092994046,7.520142411307983,5.327244901621217,1,High-Value Active Customers,1.4353,0.4935
14525,20,9,4215.9,468.43,3.044522437723423,2.302585092994046,8.346855539924958,6.151519192750903,1,High-Value Active Customers,2.0,0.508
14527,3,55,8507.13,154.68,1.3862943611198906,4.02535169073515,9.048777455940112,5.047802618437695,1,High-Value Active Customers,4.5251,0.3715
14528,37,1,364.21999999999997,364.22,3.6375861597263857,0.6931471805599453,5.900499911733888,5.900499911733888,0,Low-Engagement / Lapsed Spenders,-0.8428,-0.6226
14529,60,3,578.61,192.87,4.110873864173311,1.3862943611198906,6.362355463575814,5.267187831351116,0,Low-Engagement / Lapsed Spenders,-0.1774,0.1108
14530,26,6,2862.11,477.02,3.295836866004329,1.9459101490553132,7.959663725596504,6.16965257262033,1,High-Value Active Customers,1.3977,0.3899
14532,236,4,932.85,233.21,5.4680601411351315,1.6094379124341003,6.839315825759616,5.45621814880031,0,Low-Engagement / Lapsed Spenders,-0.2678,1.2302
14533,25,7,1949.72,278.53,3.258096538021482,2.0794415416798357,7.575953814178117,5.633109621361155,1,High-Value Active Customers,1.351,0.2773
14534,3,18,4397.3,244.29,1.3862943611198906,2.9444389791664403,8.38897338161233,5.502441184024992,1,High-Value Active Customers,3.2342,-0.2823
14535,60,3,2854.84,951.61,4.110873864173311,1.3862943611198906,7.957121299481198,6.859205585897216,1,High-Value Active Customers,0.5787,0.6916
14536,260,1,170.95,170.95,5.564520407322694,0.6931471805599453,5.147203736878275,5.147203736878275,0,Low-Engagement / Lapsed Spenders,-1.9361,0.3246
14537,58,1,355.56,355.56,4.07753744390572,0.6931471805599453,5.876502528638301,5.876502528638301,0,Low-Engagement / Lapsed Spenders,-1.0223,-0.3524
14538,65,2,388.25,194.12,4.189654742026425,1.0986122886681096,5.964221810714108,5.2736147539076645,0,Low-Engagement / Lapsed Spenders,-0.6566,-0.0943
14539,16,2,537.48,268.74,2.833213344056216,1.0986122886681096,6.288750355702458,5.597458532088711,0,Low-Engagement / Lapsed Spenders,0.0154,-0.836
14540,10,3,952.66,317.55,2.3978952727983707,1.3862943611198906,6.860307213794826,5.763779448562497,1,High-Value Active Customers,0.713,-0.7938
14541,59,8,1453.35,181.67,4.0943445622221,2.1972245773362196,7.282314344394418,5.207681246288592,1,High-Value Active Customers,0.9989,0.7455
14542,186,1,103.25,103.25,5.231108616854587,0.6931471805599453,4.646791860678911,4.646791860678911,0,Low-Engagement / Lapsed Spenders,-2.046,-0.069
14543,29,16,3599.73,224.98,3.4011973816621555,2.833213344056216,8.188891881665345,5.4204464997811,1,High-Value Active Customers,2.269,0.8796
14544,24,2,2004.3,1002.15,3.2188758248682006,1.0986122886681096,7.603548954482988,6.91090032812621,1,High-Value Active Customers,0.4915,-0.1127
14546,5,5,2573.93,514.79,1.791759469228055,1.791759469228055,7.853577628262313,6.245699705899866,1,High-Value Active Customers,1.7824,-0.6612
14547,4,8,3974.75,496.84,1.6094379124341003,2.1972245773362196,8.287968688536026,6.2102787402609625,1,High-Value Active Customers,2.4249,-0.4635
14548,151,2,652.8,326.4,5.0238805208462765,1.0986122886681096,6.48280149429011,5.791182664937034,0,Low-Engagement / Lapsed Spenders,-0.7294,0.6234
14549,311,1,289.24,289.24,5.7430031878094825,0.6931471805599453,5.670708166926772,5.670708166926772,0,Low-Engagement / Lapsed Spenders,-1.7561,0.6284
14550,11,2,757.37,378.68,2.4849066497880004,1.0986122886681096,6.631171393196389,5.939328792687453,1,High-Value Active Customers,0.3108,-0.9321
14551,18,2,186.23,93.12,2.9444389791664403,1.0986122886681096,5.232337807614061,4.544570563859162,0,Low-Engagement / Lapsed Spenders,-0.528,-1.1503
14552,152,1,164.22,164.22,5.030437921392435,0.6931471805599453,5.10727791913436,5.10727791913436,0,Low-Engagement / Lapsed Spenders,-1.751,-0.0285
14553,19,5,859.27,171.85,2.995732273553991,1.791759469228055,6.757246293462842,5.152424166367633,1,High-Value Active Customers,0.8027,-0.2972
14554,10,4,2279.4900000000002,569.87,2.3978952727983707,1.6094379124341003,7.7321456111388525,6.347161512982026,1,High-Value Active Customers,1.3283,-0.3909
14555,57,2,312.54,156.27,4.060443010546419,1.0986122886681096,5.747926943640385,5.057964073502634,0,Low-Engagement / Lapsed Spenders,-0.7098,-0.255
14557,85,1,788.38,788.38,4.454347296253507,0.6931471805599453,6.671247827209794,6.671247827209794,0,Low-Engagement / Lapsed Spenders,-0.7894,0.1759
14560,7,22,2237.77,101.72,2.0794415416798357,3.1354942159291497,7.71368188689169,4.632006839941651,1,High-Value Active Customers,2.8221,-0.0158
14561,76,3,1080.76,360.25,4.343805421853684,1.3862943611198906,6.986344623342368,5.889570239426642,0,Low-Engagement / Lapsed Spenders,0.0295,0.4857
14562,4,18,5006.77,278.15,1.6094379124341003,2.9444389791664403,8.518745985207708,5.6317492717563695,1,High-Value Active Customers,3.2105,-0.0936
14565,96,4,3099.12,774.78,4.574710978503383,1.6094379124341003,8.039196099401456,6.653868974833396,1,High-Value Active Customers,0.6424,1.1009
14566,111,1,1432.0,1432.0,4.718498871295094,0.6931471805599453,7.267525427828172,7.267525427828172,0,Low-Engagement / Lapsed Spenders,-0.6076,0.5605
14567,57,2,1530.3600000000001,765.18,4.060443010546419,1.0986122886681096,7.3339115084475965,6.641417129080653,0,Low-Engagement / Lapsed Spenders,0.0422,0.3226
14569,1,1,227.39,227.39,0.6931471805599453,0.6931471805599453,5.431054693986231,5.431054693986231,0,Low-Engagement / Lapsed Spenders,0.0594,-2.6602
14570,281,2,218.06,109.03,5.641907070938114,1.0986122886681096,5.3893456648956,4.700753055881822,0,Low-Engagement / Lapsed Spenders,-1.484,0.6169
14572,3,7,2804.54,400.65,1.3862943611198906,2.0794415416798357,7.93935131279746,5.995581062619822,1,High-Value Active Customers,2.2383,-0.7769
14573,180,9,1639.82,182.2,5.198497031265826,2.302585092994046,7.402951395859895,5.21057845224003,1,High-Value Active Customers,0.7296,1.5298
14576,372,1,35.400000000000006,35.4,5.921578419643816,0.6931471805599453,3.594568774642695,3.594568774642695,0,Low-Engagement / Lapsed Spenders,-2.8087,-0.0145
14577,13,4,859.71,214.93,2.639057329615259,1.6094379124341003,6.757757630038034,5.37495428108674,1,High-Value Active Customers,0.7742,-0.5929
14578,3,1,168.63,168.63,1.3862943611198906,0.6931471805599453,5.133619594507631,5.133619594507631,0,Low-Engagement / Lapsed Spenders,-0.3465,-2.3291
14581,17,1,138.6,138.6,2.8903717578961645,0.6931471805599453,4.938781190328272,4.938781190328272,0,Low-Engagement / Lapsed Spenders,-1.0134,-1.4466
14582,41,1,114.11,114.11,3.7376696182833684,0.6931471805599453,4.74588819292697,4.74588819292697,0,Low-Engagement / Lapsed Spenders,-1.4285,-0.9797
14583,6,5,986.96,197.39,1.9459101490553132,1.791759469228055,6.895642211098335,5.29023479035468,1,High-Value Active Customers,1.2693,-0.9123
14584,169,4,1033.06,258.26,5.135798437050262,1.6094379124341003,6.941248080464172,5.5578314191718965,0,Low-Engagement / Lapsed Spenders,-0.0926,1.0567
14585,50,1,157.05,157.05,3.9318256327243257,0.6931471805599453,5.062911438661627,5.062911438661627,0,Low-Engagement / Lapsed Spenders,-1.3524,-0.7411
14586,277,1,237.36,237.36,5.627621113690637,0.6931471805599453,5.473782135878778,5.473782135878778,0,Low-Engagement / Lapsed Spenders,-1.8053,0.4835
14587,19,9,1580.29,175.59,2.995732273553991,2.302585092994046,7.365996248598568,5.173830661425033,1,High-Value Active Customers,1.5535,0.1199
14589,372,1,39.75,39.75,5.921578419643816,0.6931471805599453,3.7074558396868715,3.7074558396868715,0,Low-Engagement / Lapsed Spenders,-2.7552,0.0266
14591,15,4,1320.21,330.05,2.772588722239781,1.6094379124341003,7.18630326236477,5.802269421370855,1,High-Value Active Customers,0.9264,-0.3522
14592,35,3,557.94,185.98,3.58351893845611,1.3862943611198906,6.326042132868397,5.231001659263169,0,Low-Engagement / Lapsed Spenders,0.0068,-0.2368
14593,22,3,617.15,205.72,3.1354942159291497,1.3862943611198906,6.426731146452936,5.331365220594237,0,Low-Engagement / Lapsed Spenders,0.2257,-0.4841
14594,7,2,363.33,181.66,2.0794415416798357,1.0986122886681096,5.898060050335743,5.207626501263533,0,Low-Engagement / Lapsed Spenders,0.1181,-1.4562
14595,20,6,1740.6,290.1,3.044522437723423,1.9459101490553132,7.462559509920338,5.6736668507515775,1,High-Value Active Customers,1.258,0.0495
14597,11,2,866.24,433.12,2.4849066497880004,1.0986122886681096,6.76531575508289,6.0733209935778145,1,High-Value Active Customers,0.3744,-0.8833
14598,44,1,221.97,221.97,3.8066624897703196,0.6931471805599453,5.40703723326228,5.40703723326228,0,Low-Engagement / Lapsed Spenders,-1.1414,-0.6951
14600,306,1,393.33000000000004,393.33,5.726847747587197,0.6931471805599453,5.977188122189173,5.977188122189173,0,Low-Engagement / Lapsed Spenders,-1.6046,0.7298
14601,11,1,213.96,213.96,2.4849066497880004,0.6931471805599453,5.370451964307236,5.370451964307236,0,Low-Engagement / Lapsed Spenders,-0.6538,-1.5464
14603,275,1,660.0,660.0,5.62040086571715,0.6931471805599453,6.493753839851687,6.493753839851687,0,Low-Engagement / Lapsed Spenders,-1.319,0.8504
14606,1,93,12076.15,129.85,0.6931471805599453,4.543294782270004,9.399070516501299,4.874051628976154,1,High-Value Active Customers,5.4247,0.2578
14607,16,14,16209.5,1157.82,2.833213344056216,2.70805020110221,9.69341445941133,7.055157524979946,1,High-Value Active Customers,3.0861,1.0196
14608,4,4,1785.15,446.29,1.6094379124341003,1.6094379124341003,7.48781774447192,6.103207153828511,1,High-Value Active Customers,1.5137,-0.9797
14609,72,4,601.56,150.39,4.290459441148391,1.6094379124341003,6.401187245468788,5.019859288623787,0,Low-Engagement / Lapsed Spenders,-0.0257,0.3241
14616,243,3,406.08000000000004,135.36,5.497168225293202,1.3862943611198906,6.009009726323731,4.915298447269702,0,Low-Engagement / Lapsed Spenders,-0.8745,0.8609
14618,9,3,553.44,184.48,2.302585092994046,1.3862943611198906,6.317958595345153,5.22294705952326,1,High-Value Active Customers,0.4923,-1.0517
14619,246,1,394.44,394.44,5.5093883366279774,0.6931471805599453,5.979999068998704,5.979999068998704,0,Low-Engagement / Lapsed Spenders,-1.5202,0.5929
14620,206,2,412.78000000000003,206.39,5.332718793265369,1.0986122886681096,6.0253344316155975,5.334601078625283,0,Low-Engagement / Lapsed Spenders,-1.0643,0.6526
14621,1,5,1788.3600000000001,357.67,0.6931471805599453,1.791759469228055,7.489613293002015,5.882402745690731,1,High-Value Active Customers,2.0295,-1.4902
14622,185,1,320.58000000000004,320.58,5.225746673713202,0.6931471805599453,5.773246346316266,5.773246346316266,0,Low-Engagement / Lapsed Spenders,-1.5098,0.3378
14623,32,5,886.7,177.34,3.4965075614664802,1.791759469228055,6.788633848074274,5.183691840706733,1,High-Value Active Customers,0.6263,0.0317
14624,57,2,225.85,112.92,4.060443010546419,1.0986122886681096,5.424289006109973,4.735496447663666,0,Low-Engagement / Lapsed Spenders,-0.8633,-0.3729
14625,196,2,899.63,449.82,5.2832037287379885,1.0986122886681096,6.803094518438584,6.111068146753814,0,Low-Engagement / Lapsed Spenders,-0.6766,0.9044
14626,24,4,2791.27,697.82,3.2188758248682006,1.6094379124341003,7.934610164077709,6.5493931983426155,1,High-Value Active Customers,1.1107,0.2033
14628,91,2,671.96,335.98,4.5217885770490405,1.0986122886681096,6.511685892514335,5.820023581410239,0,Low-Engagement / Lapsed Spenders,-0.5239,0.3156
14629,4,2,955.26,477.63,1.6094379124341003,1.0986122886681096,6.863029842602406,6.170927856334693,1,High-Value Active Customers,0.7552,-1.4027
14631,51,3,1006.98,335.66,3.9512437185814275,1.3862943611198906,6.915703607164632,5.819073518990936,0,Low-Engagement / Lapsed Spenders,0.1459,0.2111
14632,263,1,114.56,114.56,5.575949103146316,0.6931471805599453,4.749789875598035,4.749789875598035,0,Low-Engagement / Lapsed Spenders,-2.1289,0.1871
14633,266,1,344.90000000000003,344.9,5.58724865840025,0.6931471805599453,5.846149715943123,5.846149715943123,0,Low-Engagement / Lapsed Spenders,-1.6134,0.5936
14636,36,2,609.85,304.92,3.6109179126442243,1.0986122886681096,6.414851429850069,5.723323629863036,0,Low-Engagement / Lapsed Spenders,-0.2219,-0.2971
14638,51,1,443.6,443.6,3.9512437185814275,0.6931471805599453,6.097175001530096,6.097175001530096,0,Low-Engagement / Lapsed Spenders,-0.8694,-0.3521
14639,52,6,2984.49,497.42,3.970291913552122,1.9459101490553132,8.001519166458744,6.211443095079035,1,High-Value Active Customers,1.1599,0.8327
14640,24,6,2107.38,351.23,3.2188758248682006,1.9459101490553132,7.653675159070001,5.86428437131023,1,High-Value Active Customers,1.282,0.2297
14641,22,1,110.46,110.46,3.1354942159291497,0.6931471805599453,4.7136657821413905,4.7136657821413905,0,Low-Engagement / Lapsed Spenders,-1.2138,-1.3732
14642,59,1,96.12,96.12,4.0943445622221,0.6931471805599453,4.575947327311188,4.575947327311188,0,Low-Engagement / Lapsed Spenders,-1.6454,-0.8155
14643,170,2,693.8100000000001,346.9,5.14166355650266,1.0986122886681096,6.54363842689435,5.8519150821578965,0,Low-Engagement / Lapsed Spenders,-0.7455,0.7202
14644,68,2,830.76,415.38,4.23410650459726,1.0986122886681096,6.723543937669715,6.031598304847628,0,Low-Engagement / Lapsed Spenders,-0.3136,0.2104
14645,157,2,597.09,298.54,5.062595033026967,1.0986122886681096,6.393741244298632,5.70224796456425,0,Low-Engagement / Lapsed Spenders,-0.7864,0.6155
14646,2,73,280206.02,3838.44,1.0986122886681096,4.304065093204169,12.5432839661044,8.253081801613725,1,High-Value Active Customers,6.5441,1.5684
14647,201,1,236.04000000000002,236.04,5.308267697401205,0.6931471805599453,5.4682289032653095,5.4682289032653095,0,Low-Engagement / Lapsed Spenders,-1.686,0.2791
14649,5,4,1402.59,350.65,1.791759469228055,1.6094379124341003,7.246788519146775,5.862636362754027,1,High-Value Active Customers,1.3297,-0.9519
14651,67,2,653.75,326.88,4.219507705176107,1.0986122886681096,6.484253483387821,5.79264768778483,0,Low-Engagement / Lapsed Spenders,-0.4214,0.114
14652,77,1,114.18,114.18,4.356708826689592,0.6931471805599453,4.7464961220785264,4.7464961220785264,0,Low-Engagement / Lapsed Spenders,-1.6647,-0.587
14653,1,7,1926.65,275.24,0.6931471805599453,2.0794415416798357,7.56405692342126,5.621270053081737,1,High-Value Active Customers,2.3251,-1.353
14655,8,4,1932.23,483.06,2.1972245773362196,1.6094379124341003,7.5669474581621285,6.182208865975514,1,High-Value Active Customers,1.3267,-0.5783
14656,169,2,291.05,145.52,5.135798437050262,1.0986122886681096,5.676925020486318,4.987161937910614,0,Low-Engagement / Lapsed Spenders,-1.1543,0.4008
14657,18,4,848.22,212.06,2.9444389791664403,1.6094379124341003,6.744318281129723,5.361573816183052,1,High-Value Active Customers,0.6512,-0.4042
14658,5,2,247.15,123.58,1.791759469228055,1.0986122886681096,5.51403340203345,4.824948079825999,0,Low-Engagement / Lapsed Spenders,0.0459,-1.7784
14659,9,9,2529.93,281.1,2.302585092994046,2.302585092994046,7.836342103110113,5.642261618007951,1,High-Value Active Customers,2.0413,-0.1482
14660,87,2,285.74,142.87,4.477336814478207,1.0986122886681096,5.6585758818181215,4.968910114048942,0,Low-Engagement / Lapsed Spenders,-0.9114,-0.0233
14661,27,1,107.95,107.95,3.332204510175204,0.6931471805599453,4.690889061390629,4.690889061390629,0,Low-Engagement / Lapsed Spenders,-1.2997,-1.2567
14662,29,4,741.37,185.34,3.4011973816621555,1.6094379124341003,6.609847771172747,5.227572962022279,1,High-Value Active Customers,0.4129,-0.1636
14664,20,2,636.24,318.12,3.044522437723423,1.0986122886681096,6.4571463507046944,5.765567207597151,0,Low-Engagement / Lapsed Spenders,0.0145,-0.6407
14665,61,5,1835.7,367.14,4.127134385045092,1.791759469228055,7.5157257621344895,5.908463300604576,1,High-Value Active Customers,0.7301,0.6962
14666,24,1,195.25,195.25,3.2188758248682006,0.6931471805599453,5.279389356662517,5.279389356662517,0,Low-Engagement / Lapsed Spenders,-0.9774,-1.1143
14667,11,25,9175.04,367.0,2.4849066497880004,3.258096538021482,9.124351017997613,5.908082938168931,1,High-Value Active Customers,3.447,0.802
14669,242,3,1259.24,419.75,5.493061443340548,1.3862943611198906,7.139057457997714,6.042038833070915,0,Low-Engagement / Lapsed Spenders,-0.3371,1.2699
14670,280,2,392.86,196.43,5.638354669333745,1.0986122886681096,5.97599551620405,5.285384091136137,0,Low-Engagement / Lapsed Spenders,-1.2044,0.8283
14672,235,2,765.55,382.78,5.4638318050256105,1.0986122886681096,6.641899927756463,5.950069471741596,0,Low-Engagement / Lapsed Spenders,-0.822,0.9602
14673,3,5,1736.4,347.28,1.3862943611198906,1.791759469228055,7.46014502182582,5.853006753960415,1,High-Value Active Customers,1.7508,-1.0615
14675,16,1,596.36,596.36,2.833213344056216,0.6931471805599453,6.392519946727447,6.392519946727447,0,Low-Engagement / Lapsed Spenders,-0.3023,-0.9533
14676,31,6,2548.2400000000002,424.71,3.4657359027997265,1.9459101490553132,7.843550554514272,6.0537583632793694,1,High-Value Active Customers,1.2777,0.4553
14680,25,16,28754.11,1797.13,3.258096538021482,2.833213344056216,10.266570769562204,7.49450251497626,1,High-Value Active Customers,3.3088,1.5456
14681,71,3,498.95,166.32,4.276666119016055,1.3862943611198906,6.214508093421858,5.119908146573998,0,Low-Engagement / Lapsed Spenders,-0.3109,0.162
14682,188,2,52.0,26.0,5.241747015059643,1.0986122886681096,3.970291913552122,3.295836866004329,0,Low-Engagement / Lapsed Spenders,-2.0039,-0.1536
14684,26,5,1201.51,240.3,3.295836866004329,1.791759469228055,7.092166317953654,5.4860409726309864,1,High-Value Active Customers,0.8468,0.015
14687,107,1,628.38,628.38,4.68213122712422,0.6931471805599453,6.444735207830545,6.444735207830545,0,Low-Engagement / Lapsed Spenders,-0.9838,0.2378
14688,8,21,5579.1,265.67,2.1972245773362196,3.091042453358316,8.626961976361729,5.586011938921693,1,High-Value Active Customers,3.1699,0.3745
14689,209,1,112.8,112.8,5.3471075307174685,0.6931471805599453,4.73444252169223,4.73444252169223,0,Low-Engagement / Lapsed Spenders,-2.0488,0.0364
14690,44,2,355.05,177.52,3.8066624897703196,1.0986122886681096,5.875071170428134,5.184700639761069,0,Low-Engagement / Lapsed Spenders,-0.5526,-0.3696
14691,31,5,2114.33,422.87,3.4657359027997265,1.791759469228055,7.656966107678013,6.049426804445826,1,High-Value Active Customers,1.0497,0.3284
14692,137,4,591.55,147.89,4.927253685157205,1.6094379124341003,6.384435257634458,5.003207778267459,0,Low-Engagement / Lapsed Spenders,-0.2769,0.7217
14693,265,1,172.9,172.9,5.583496308781699,0.6931471805599453,5.158480421360237,5.158480421360237,0,Low-Engagement / Lapsed Spenders,-1.938,0.3407
14696,4,7,2078.95,296.99,1.6094379124341003,2.0794415416798357,7.640099133944896,5.697059928895374,1,High-Value Active Customers,2.0112,-0.7445
14697,218,2,188.60999999999999,94.3,5.389071729816501,1.0986122886681096,5.2449693310461125,4.557029810660157,0,Low-Engagement / Lapsed Spenders,-1.4558,0.4041
14698,2,5,1217.27,243.45,1.0986122886681096,1.791759469228055,7.105187098580444,5.499010789024655,1,High-Value Active Customers,1.6924,-1.3732
14699,214,1,109.13000000000001,109.13,5.3706380281276624,0.6931471805599453,4.701661486176853,4.701661486176852,0,Low-Engagement / Lapsed Spenders,-2.0733,0.0394
14700,32,3,2195.1,731.7,3.4965075614664802,1.3862943611198906,7.694438338933248,6.596736341165919,1,High-Value Active Customers,0.6889,0.2065
14701,11,9,2526.09,280.68,2.4849066497880004,2.302585092994046,7.834823722108157,5.640771674846797,1,High-Value Active Customers,1.971,-0.0332
14702,1,17,3251.79,191.28,0.6931471805599453,2.8903717578961645,8.087268368594886,5.25895264302576,1,High-Value Active Customers,3.307,-0.8523
14703,15,1,318.17,318.17,2.772588722239781,0.6931471805599453,5.765723876196384,5.765723876196384,0,Low-Engagement / Lapsed Spenders,-0.5763,-1.22
14704,11,9,1493.96,166.0,2.4849066497880004,2.302585092994046,7.309854729614,5.117993812416755,1,High-Value Active Customers,1.7221,-0.2244
14705,199,1,179.0,179.0,5.298317366548036,0.6931471805599453,5.19295685089021,5.19295685089021,0,Low-Engagement / Lapsed Spenders,-1.8127,0.1725
14708,3,3,1126.37,375.46,1.3862943611198906,1.3862943611198906,7.027642765394543,5.9308117998960315,1,High-Value Active Customers,1.1788,-1.3741
14709,15,13,4921.04,378.54,2.772588722239781,2.639057329615259,8.501478357695712,5.938959993125833,1,High-Value Active Customers,2.4816,0.5207
14710,14,4,599.48,149.87,2.70805020110221,1.6094379124341003,6.39772933538671,5.016418538851983,1,High-Value Active Customers,0.5771,-0.6803
14711,10,11,2839.62,258.15,2.3978952727983707,2.4849066497880004,7.951777617188277,5.557407044635715,1,High-Value Active Customers,2.2246,0.024
14712,29,3,917.07,305.69,3.4011973816621555,1.3862943611198906,6.822273640436711,5.725837465437032,1,High-Value Active Customers,0.3117,-0.1716
14713,9,11,2662.2,242.02,2.302585092994046,2.4849066497880004,7.887283686260815,5.493143744480466,1,High-Value Active Customers,2.2305,-0.0599
14714,24,1,160.19,160.19,3.2188758248682006,0.6931471805599453,5.08258379340884,5.08258379340884,0,Low-Engagement / Lapsed Spenders,-1.0707,-1.1859
14715,25,4,867.38,216.84,3.258096538021482,1.6094379124341003,6.766629406877568,5.383760848365505,1,High-Value Active Customers,0.5419,-0.1972
14716,43,2,307.51,153.76,3.784189633918261,1.0986122886681096,5.73175425773095,5.041875529832312,0,Low-Engagement / Lapsed Spenders,-0.612,-0.436
14719,2,5,1581.84,316.37,1.0986122886681096,1.791759469228055,7.366975980862403,5.760068285666793,1,High-Value Active Customers,1.8165,-1.2778
14720,6,3,663.81,221.27,1.9459101490553132,1.3862943611198906,6.499501285546037,5.4038928590966755,1,High-Value Active Customers,0.7146,-1.2117
14722,147,1,180.42000000000002,180.42,4.997212273764115,0.6931471805599453,5.2008147851867985,5.200814785186798,0,Low-Engagement / Lapsed Spenders,-1.694,-0.0155
14723,10,6,1122.3600000000001,187.06,2.3978952727983707,1.9459101490553132,7.024079473268939,5.236761060848931,1,High-Value Active Customers,1.2971,-0.5201
14725,25,1,655.58,655.58,3.258096538021482,0.6931471805599453,6.487044544658406,6.487044544658406,0,Low-Engagement / Lapsed Spenders,-0.4198,-0.6496
14727,274,1,268.58,268.58,5.616771097666572,0.6931471805599453,5.596865192310124,5.596865192310124,0,Low-Engagement / Lapsed Spenders,-1.7428,0.5215
14729,374,1,313.49,313.49,5.926926025970411,0.6931471805599453,5.750952279132591,5.750952279132591,0,Low-Engagement / Lapsed Spenders,-1.7883,0.7742
14730,1,8,1897.57,237.2,0.6931471805599453,2.1972245773362196,7.548856250206247,5.473110656921199,1,High-Value Active Customers,2.4245,-1.3135
14731,47,3,380.02,126.67,3.8712010109078907,1.3862943611198906,5.942851867187289,4.84944880983226,0,Low-Engagement / Lapsed Spenders,-0.2848,-0.1939
14732,8,8,2702.4900000000002,337.81,2.1972245773362196,2.1972245773362196,7.902298809906397,5.825439478280919,1,High-Value Active Customers,2.0175,-0.2313
14733,16,12,9585.91,798.83,2.833213344056216,2.5649493574615367,9.168153905320404,6.684399205086604,1,High-Value Active Customers,2.7075,0.7736
14735,4,32,6065.69,189.55,1.6094379124341003,3.4965075614664802,8.710568430543226,5.249914627319869,1,High-Value Active Customers,3.801,0.1875
14737,4,3,1164.55,388.18,1.6094379124341003,1.3862943611198906,7.060948357598531,5.964041961530009,1,High-Value Active Customers,1.1094,-1.2205
14738,43,7,1314.45,187.78,3.784189633918261,2.0794415416798357,7.181934091396172,5.240582315896798,1,High-Value Active Customers,0.9632,0.4673
14739,4,7,3902.28,557.47,1.6094379124341003,2.0794415416798357,8.269572504294867,6.325200901757674,1,High-Value Active Customers,2.3096,-0.5152
14740,197,3,1448.21,482.74,5.288267030694535,1.3862943611198906,7.278773859355933,6.181547572295701,0,Low-Engagement / Lapsed Spenders,-0.1927,1.1909
14741,12,6,1400.34,233.39,2.5649493574615367,1.9459101490553132,7.245184200691345,5.456986394676763,1,High-Value Active Customers,1.3381,-0.3336
14744,16,7,1099.98,157.14,2.833213344056216,2.0794415416798357,7.00395597125342,5.063480716642781,1,High-Value Active Customers,1.2421,-0.2004
14745,113,5,1220.26,244.05,4.736198448394496,1.791759469228055,7.107638391655096,5.501462271355557,1,High-Value Active Customers,0.304,0.9337
14747,249,1,328.2,328.2,5.521460917862246,0.6931471805599453,5.796665468802915,5.796665468802915,0,Low-Engagement / Lapsed Spenders,-1.6117,0.5338
14748,29,5,1415.75,283.15,3.4011973816621555,1.791759469228055,7.256120795049728,5.649502267743131,1,High-Value Active Customers,0.8843,0.1415
14752,44,1,389.64,389.64,3.8066624897703196,0.6931471805599453,5.967786419753405,5.967786419753405,0,Low-Engagement / Lapsed Spenders,-0.8755,-0.4909
14753,87,1,563.15,563.15,4.477336814478207,0.6931471805599453,6.335320173584455,6.335320173584455,0,Low-Engagement / Lapsed Spenders,-0.9574,0.0681
14754,45,2,638.05,319.02,3.828641396489095,1.0986122886681096,6.459982698577723,5.768383493840728,0,Low-Engagement / Lapsed Spenders,-0.2836,-0.1426
14755,10,11,5010.28,455.48,2.3978952727983707,2.4849066497880004,8.519446650469105,6.12354488746519,1,High-Value Active Customers,2.4938,0.2307
14756,15,1,738.96,738.96,2.772588722239781,0.6931471805599453,6.606596130683188,6.606596130683188,0,Low-Engagement / Lapsed Spenders,-0.1776,-0.9138
14757,75,1,420.5,420.5,4.330733340286331,0.6931471805599453,6.04381977744191,6.04381977744191,0,Low-Engagement / Lapsed Spenders,-1.0397,-0.131
14758,145,4,1484.06,371.02,4.983606621708336,1.6094379124341003,7.303210454460983,5.918947616268805,0,Low-Engagement / Lapsed Spenders,0.1372,1.0921
14759,5,3,1625.97,541.99,1.791759469228055,1.3862943611198906,7.394474668204541,6.297090903558093,1,High-Value Active Customers,1.1979,-0.9835
14760,297,1,89.2,89.2,5.697093486505405,0.6931471805599453,4.502029427068578,4.502029427068578,0,Low-Engagement / Lapsed Spenders,-2.2926,0.1737
14761,59,2,255.9,127.95,4.0943445622221,1.0986122886681096,5.548686904115838,4.859424732327354,0,Low-Engagement / Lapsed Spenders,-0.8172,-0.3061
14762,264,1,300.52,300.52,5.579729825986222,0.6931471805599453,5.70883634895888,5.70883634895888,0,Low-Engagement / Lapsed Spenders,-1.6756,0.5388
14764,47,1,278.3,278.3,3.8712010109078907,0.6931471805599453,5.632286472951131,5.632286472951131,0,Low-Engagement / Lapsed Spenders,-1.0592,-0.5722
14765,29,3,254.11,84.7,3.4011973816621555,1.3862943611198906,5.541694824693056,4.450852825603734,0,Low-Engagement / Lapsed Spenders,-0.2955,-0.638
14766,8,6,2473.37,412.23,2.1972245773362196,1.9459101490553132,7.813741097146052,6.024004338675764,1,High-Value Active Customers,1.7481,-0.3597
14768,17,2,192.60000000000002,96.3,2.8903717578961645,1.0986122886681096,5.265794174842477,4.577798989191959,0,Low-Engagement / Lapsed Spenders,-0.4915,-1.1724
14769,3,8,10416.98,1302.12,1.3862943611198906,2.1972245773362196,9.251288438549022,7.172516668049349,1,High-Value Active Customers,2.9669,-0.2541
14770,232,2,876.42,438.21,5.4510384535657,1.0986122886681096,6.7769857830927895,6.084977658606428,0,Low-Engagement / Lapsed Spenders,-0.7531,1.0013
14772,112,1,139.26,139.26,4.727387818712341,0.6931471805599453,4.943497843108764,4.943497843108764,0,Low-Engagement / Lapsed Spenders,-1.7129,-0.2803
14775,58,3,1011.9,337.3,4.07753744390572,1.3862943611198906,6.9205727826927514,5.8239330757866625,0,Low-Engagement / Lapsed Spenders,0.1,0.293
14776,51,11,2538.3,230.75,3.9512437185814275,2.4849066497880004,7.839643731479347,5.445659204445964,1,High-Value Active Customers,1.5781,0.9679
14778,127,2,730.86,365.43,4.852030263919617,1.0986122886681096,6.595589238838791,5.903807507177435,0,Low-Engagement / Lapsed Spenders,-0.6103,0.5555
14779,281,3,386.15,128.72,5.641907070938114,1.3862943611198906,5.958812214832733,4.865378281439117,0,Low-Engagement / Lapsed Spenders,-0.9536,0.9344
14780,55,2,447.68,223.84,4.02535169073515,1.0986122886681096,6.106309938777023,5.415389038133874,0,Low-Engagement / Lapsed Spenders,-0.5265,-0.1467
14782,320,1,200.10000000000002,200.1,5.771441123130016,0.6931471805599453,5.303802296778606,5.303802296778606,0,Low-Engagement / Lapsed Spenders,-1.9409,0.5128
14784,26,2,289.99,145.0,3.295836866004329,1.0986122886681096,5.673288902319859,4.983606621708336,0,Low-Engagement / Lapsed Spenders,-0.4531,-0.7669
14785,10,2,77.4,38.7,2.3978952727983707,1.0986122886681096,4.361823927356363,3.681351187693145,0,Low-Engagement / Lapsed Spenders,-0.732,-1.8138
14788,7,2,679.4399999999999,339.72,2.0794415416798357,1.0986122886681096,6.522739647741382,5.831061025614958,1,High-Value Active Customers,0.4143,-1.2287
14789,29,1,197.64,197.64,3.4011973816621555,0.6931471805599453,5.2914941411999115,5.2914941411999115,0,Low-Engagement / Lapsed Spenders,-1.0413,-0.9943
14790,17,4,745.06,186.26,2.8903717578961645,1.6094379124341003,6.61480602592395,5.232498025510743,1,High-Value Active Customers,0.6104,-0.4856
14792,64,1,6.2,6.2,4.174387269895637,0.6931471805599453,1.9740810260220096,1.9740810260220096,0,Low-Engagement / Lapsed Spenders,-2.9096,-1.7123
14793,21,1,228.99,228.99,3.091042453358316,0.6931471805599453,5.438035829717119,5.438035829717119,0,Low-Engagement / Lapsed Spenders,-0.8533,-1.1375
14794,3,7,1319.91,188.56,1.3862943611198906,2.0794415416798357,7.186076171996967,5.244705597099387,1,High-Value Active Customers,1.8811,-1.0513
14795,166,1,131.45000000000002,131.45,5.117993812416755,0.6931471805599453,4.886205215718078,4.886205215718078,0,Low-Engagement / Lapsed Spenders,-1.8893,-0.0535
14796,1,17,7975.49,469.15,0.6931471805599453,2.8903717578961645,8.984253744057574,6.153051792723086,1,High-Value Active Customers,3.7323,-0.5256
14798,53,3,173.74,57.91,3.9889840465642745,1.3862943611198906,5.163299154869948,4.076010855533596,0,Low-Engagement / Lapsed Spenders,-0.6994,-0.4032
14799,51,1,157.7,157.7,3.9512437185814275,0.6931471805599453,5.0670156275323635,5.0670156275323635,0,Low-Engagement / Lapsed Spenders,-1.3578,-0.7273
14800,48,12,4331.79,360.98,3.8918202981106265,2.5649493574615367,8.373966955298872,5.891588961680726,1,High-Value Active Customers,1.9266,1.1554
14801,61,1,189.34,189.34,4.127134385045092,0.6931471805599453,5.248811946644198,5.248811946644198,0,Low-Engagement / Lapsed Spenders,-1.3388,-0.5496
14803,162,3,845.55,281.85,5.093750200806762,1.3862943611198906,6.741169266574241,5.644916721789165,0,Low-Engagement / Lapsed Spenders,-0.3733,0.8718
14804,9,1,353.27,353.27,2.302585092994046,0.6931471805599453,5.8700593342813,5.8700593342813,0,Low-Engagement / Lapsed Spenders,-0.3473,-1.48
14805,15,4,546.4,136.6,2.772588722239781,1.6094379124341003,6.305179796606579,4.924350925499243,1,High-Value Active Customers,0.5086,-0.6731
14806,75,1,193.39000000000001,193.39,4.330733340286331,0.6931471805599453,5.269866450374021,5.269866450374021,0,Low-Engagement / Lapsed Spenders,-1.4066,-0.4129
14808,40,8,2718.6,339.82,3.713572066704308,2.1972245773362196,7.908240089652304,5.831354478679247,1,High-Value Active Customers,1.4411,0.7321
14810,41,11,2085.33,189.58,3.7376696182833684,2.4849066497880004,7.643161820556003,5.250072053920042,1,High-Value Active Customers,1.5665,0.7609
14813,370,2,152.88,76.44,5.916202062607435,1.0986122886681096,5.0361730778840945,4.349503442968322,0,Low-Engagement / Lapsed Spenders,-1.7562,0.6622
14815,37,2,778.5,389.25,3.6375861597263857,1.0986122886681096,6.658652688497831,5.9667875593955415,0,Low-Engagement / Lapsed Spenders,-0.1165,-0.1914
14816,197,1,271.85,271.85,5.288267030694535,0.6931471805599453,5.608922193632241,5.608922193632241,0,Low-Engagement / Lapsed Spenders,-1.6116,0.3176
14817,200,2,1110.34,555.17,5.303304908059076,1.0986122886681096,7.0133217734248765,6.321074002912611,0,Low-Engagement / Lapsed Spenders,-0.5846,0.9937
14818,74,3,657.8,219.27,4.31748811353631,1.3862943611198906,6.490419998303485,5.394854066596066,0,Low-Engagement / Lapsed Spenders,-0.1956,0.2884
14819,64,2,272.07,136.04,4.174387269895637,1.0986122886681096,5.609728172573878,4.920272854015864,0,Low-Engagement / Lapsed Spenders,-0.8189,-0.2331
14820,21,4,507.29,126.82,3.091042453358316,1.6094379124341003,6.231052150838124,4.850623024222136,1,High-Value Active Customers,0.3518,-0.4982
14821,367,1,48.800000000000004,48.8,5.908082938168931,0.6931471805599453,3.9080149840306073,3.9080149840306073,0,Low-Engagement / Lapsed Spenders,-2.6549,0.0911
14823,180,3,321.43,107.14,5.198497031265826,1.3862943611198906,5.775886058412575,4.683426683953859,0,Low-Engagement / Lapsed Spenders,-0.871,0.5867
14824,10,4,1127.71,281.93,2.3978952727983707,1.6094379124341003,7.028830666672488,5.645199517223904,1,High-Value Active Customers,0.9948,-0.6471
14825,4,12,2221.01,185.08,1.6094379124341003,2.5649493574615367,7.706167470639493,5.226176688770354,1,High-Value Active Customers,2.4818,-0.5347
14828,197,3,2139.76,713.25,5.288267030694535,1.3862943611198906,7.668916185155464,6.571233041110882,0,Low-Engagement / Lapsed Spenders,-0.0077,1.333
14829,29,4,697.55,174.39,3.4011973816621555,1.6094379124341003,6.549006758096496,5.167012065770046,1,High-Value Active Customers,0.3841,-0.1858
14830,53,1,188.88,188.88,3.9889840465642745,0.6931471805599453,5.246392293683117,5.246392293683117,0,Low-Engagement / Lapsed Spenders,-1.2872,-0.6381
14834,18,6,1720.3,286.72,2.9444389791664403,1.9459101490553132,7.4508350982774605,5.661987784999155,1,High-Value Active Customers,1.2906,-0.0182
14836,10,3,102.44999999999999,34.15,2.3978952727983707,1.3862943611198906,4.639088404191552,3.5596246182566738,0,Low-Engagement / Lapsed Spenders,-0.3402,-1.6028
14837,90,4,1649.5,412.38,4.51085950651685,1.6094379124341003,7.408833551293248,6.02436726678369,1,High-Value Active Customers,0.3679,0.8308
14840,268,1,62.85,62.85,5.594711379601839,0.6931471805599453,4.156536582478548,4.156536582478548,0,Low-Engagement / Lapsed Spenders,-2.4174,-0.0171
14841,53,6,3295.76,549.29,3.9889840465642745,1.9459101490553132,8.10069544697357,6.310445411994369,1,High-Value Active Customers,1.1997,0.8807
14842,44,4,2824.69,706.17,3.8066624897703196,1.6094379124341003,7.946507861544517,6.561271089609166,1,High-Value Active Customers,0.8918,0.5802
14844,64,4,3189.81,797.45,4.174387269895637,1.6094379124341003,8.068030082042343,6.682672348286876,1,High-Value Active Customers,0.809,0.8576
14847,149,1,309.4,309.4,5.0106352940962555,0.6931471805599453,5.737861788309064,5.737861788309064,0,Low-Engagement / Lapsed Spenders,-1.4444,0.1886
14849,22,25,7930.54,317.22,3.1354942159291497,3.258096538021482,8.978602495018041,5.762742967479711,1,High-Value Active Customers,3.1294,1.1613
14850,312,1,325.75,325.75,5.746203190540153,0.6931471805599453,5.789195352504331,5.789195352504331,0,Low-Engagement / Lapsed Spenders,-1.7011,0.6736
14851,23,2,511.35,255.68,3.1780538303479458,1.0986122886681096,6.239007985245727,5.547830172882315,0,Low-Engagement / Lapsed Spenders,-0.1399,-0.6355
14852,58,6,2836.69,472.78,4.07753744390572,1.9459101490553132,7.950745619900337,6.160743078929981,1,High-Value Active Customers,1.0948,0.8822
14853,24,2,475.8,237.9,3.2188758248682006,1.0986122886681096,6.16709711575114,5.476045054331764,0,Low-Engagement / Lapsed Spenders,-0.1896,-0.6358
14854,78,7,2740.03,391.43,4.3694478524670215,2.0794415416798357,7.916089041153508,5.972358177368245,1,High-Value Active Customers,1.0877,1.1057
14855,119,2,645.65,322.82,4.787491742782046,1.0986122886681096,6.471805189861254,5.780187805858606,0,Low-Engagement / Lapsed Spenders,-0.6443,0.4695
14856,36,3,1290.53,430.18,3.6109179126442243,1.3862943611198906,7.163582841069827,6.066525636329861,1,High-Value Active Customers,0.3935,0.0856
14857,60,2,1173.12,586.56,4.110873864173311,1.0986122886681096,7.068274209815247,6.375978368463214,0,Low-Engagement / Lapsed Spenders,-0.103,0.2578
14859,13,4,1353.74,338.44,2.639057329615259,1.6094379124341003,7.211364832983292,5.827297200894069,1,High-Value Active Customers,0.9893,-0.4277
14860,19,1,170.32,170.32,2.995732273553991,0.6931471805599453,5.14353315274717,5.14353315274717,0,Low-Engagement / Lapsed Spenders,-0.9566,-1.3052
14861,52,1,125.79,125.79,3.970291913552122,0.6931471805599453,4.842532174539857,4.842532174539857,0,Low-Engagement / Lapsed Spenders,-1.4716,-0.797
14862,26,2,841.1999999999999,420.6,3.295836866004329,1.0986122886681096,6.736017515727827,6.044056997227153,0,Low-Engagement / Lapsed Spenders,0.0508,-0.3799
14863,29,1,266.76,266.76,3.4011973816621555,0.6931471805599453,5.590091056903071,5.590091056903071,0,Low-Engagement / Lapsed Spenders,-0.8997,-0.8855
14865,7,2,52.2,26.1,2.0794415416798357,1.0986122886681096,3.9740583963475986,3.299533727885655,0,Low-Engagement / Lapsed Spenders,-0.7942,-2.1569
14866,11,12,14389.9,1199.16,2.4849066497880004,2.5649493574615367,9.574351341358595,7.090210160221326,1,High-Value Active Customers,3.0332,0.7007
14867,186,3,710.28,236.76,5.231108616854587,1.3862943611198906,6.567066163812884,5.471261761529394,0,Low-Engagement / Lapsed Spenders,-0.5083,0.8955
14868,3,8,2953.59,369.2,1.3862943611198906,2.1972245773362196,7.99111517232888,5.914043400139397,1,High-Value Active Customers,2.3694,-0.713
14869,9,2,721.45,360.72,2.302585092994046,1.0986122886681096,6.5826482134396205,5.89087043187228,1,High-Value Active Customers,0.3575,-1.0654
14870,262,1,327.25,327.25,5.572154032177765,0.6931471805599453,5.793775513182905,5.793775513182905,0,Low-Engagement / Lapsed Spenders,-1.6324,0.5649
14871,3,4,501.28000000000003,125.32,1.3862943611198906,1.6094379124341003,6.219157733120763,4.838818369947386,1,High-Value Active Customers,0.9974,-1.5832
14873,210,1,519.68,519.68,5.351858133476067,0.6931471805599453,6.25513564959826,6.25513564959826,0,Low-Engagement / Lapsed Spenders,-1.3295,0.5933
14875,108,2,1465.3200000000002,732.66,4.6913478822291435,1.0986122886681096,7.290511139663592,6.59804570603833,0,Low-Engagement / Lapsed Spenders,-0.2194,0.7068
14878,13,9,1476.09,164.01,2.639057329615259,2.302585092994046,7.297829215001296,5.106006078124714,1,High-Value Active Customers,1.6575,-0.1311
14880,77,3,690.59,230.2,4.356708826689592,1.3862943611198906,6.5389932944796145,5.443283136798223,0,Low-Engagement / Lapsed Spenders,-0.1876,0.331
14881,20,1,255.4,255.4,3.044522437723423,0.6931471805599453,5.546738725046515,5.546738725046515,0,Low-Engagement / Lapsed Spenders,-0.784,-1.1274
14882,27,2,589.7,294.85,3.332204510175204,1.0986122886681096,6.38130827431319,5.689852569122703,0,Low-Engagement / Lapsed Spenders,-0.1313,-0.486
14883,19,6,761.59,126.93,2.995732273553991,1.9459101490553132,6.636720534303131,4.851483239328943,1,High-Value Active Customers,0.885,-0.2822
14885,132,1,765.3199999999999,765.32,4.890349128221754,0.6931471805599453,6.6415998370746365,6.6415998370746365,0,Low-Engagement / Lapsed Spenders,-0.97,0.4415
14886,253,1,364.8,364.8,5.537334267018537,0.6931471805599453,5.9020867359567655,5.9020867359567655,0,Low-Engagement / Lapsed Spenders,-1.5678,0.5823
14887,79,1,1862.0,1862.0,4.382026634673881,0.6931471805599453,7.529943370601589,7.529943370601589,0,Low-Engagement / Lapsed Spenders,-0.3546,0.4428
14888,207,1,369.2,369.2,5.337538079701318,0.6931471805599453,5.914043400139397,5.914043400139397,0,Low-Engagement / Lapsed Spenders,-1.4858,0.46
14889,336,1,135.9,135.9,5.820082930352362,0.6931471805599453,4.919250732294404,4.919250732294404,0,Low-Engagement / Lapsed Spenders,-2.1418,0.4036
14890,254,1,125.65,125.65,5.541263545158426,0.6931471805599453,4.841427376447684,4.841427376447684,0,Low-Engagement / Lapsed Spenders,-2.0722,0.1985
14891,148,2,554.38,277.19,5.003946305945459,1.0986122886681096,6.319652564141498,5.628304333480244,0,Low-Engagement / Lapsed Spenders,-0.7991,0.5513
14893,10,2,1237.8500000000001,618.93,2.3978952727983707,1.0986122886681096,7.121938808924836,6.429606568439282,1,High-Value Active Customers,0.5768,-0.8085
14894,85,1,655.75,655.75,4.454347296253507,0.6931471805599453,6.4873034285656495,6.4873034285656495,0,Low-Engagement / Lapsed Spenders,-0.8766,0.1089
14895,8,20,11138.710000000001,556.94,2.1972245773362196,3.044522437723423,9.31827148082645,6.324251429718161,1,High-Value Active Customers,3.4556,0.6085
14896,205,2,468.77000000000004,234.39,5.327876168789581,1.0986122886681096,6.152243213225462,5.461243713040235,0,Low-Engagement / Lapsed Spenders,-1.0023,0.6957
14897,8,4,1366.38,341.6,2.1972245773362196,1.6094379124341003,7.220651779074644,5.83656358589002,1,High-Value Active Customers,1.1625,-0.7044
14898,23,6,1269.31,211.55,3.1780538303479458,1.9459101490553132,7.147016244154614,5.359177254804799,1,High-Value Active Customers,1.0573,0.0193
14901,11,9,1421.29,157.92,2.4849066497880004,2.302585092994046,7.260023527685966,5.068400930946398,1,High-Value Active Customers,1.6984,-0.2425
14902,26,1,332.66,332.66,3.295836866004329,0.6931471805599453,5.810122510427528,5.810122510427528,0,Low-Engagement / Lapsed Spenders,-0.7551,-0.8722
14903,21,5,2795.33,559.07,3.091042453358316,1.791759469228055,7.936063122140283,6.328061775917346,1,High-Value Active Customers,1.3252,0.1925
14904,2,2,1025.44,512.72,1.0986122886681096,1.0986122886681096,6.933851783703411,6.2416783699448555,1,High-Value Active Customers,0.9839,-1.7007
14905,158,2,616.15,308.08,5.0689042022202315,1.0986122886681096,6.425112106189937,5.733600143065383,0,Low-Engagement / Lapsed Spenders,-0.774,0.6309
14907,3,7,3501.1,500.16,1.3862943611198906,2.0794415416798357,8.161118067549472,6.2169254113773516,1,High-Value Active Customers,2.3434,-0.6962
14908,74,1,277.8,277.8,4.31748811353631,0.6931471805599453,5.630494678886369,5.630494678886369,0,Low-Engagement / Lapsed Spenders,-1.2306,-0.2899
14910,3,4,434.35,108.59,1.3862943611198906,1.6094379124341003,6.076150305274624,4.696746129475301,1,High-Value Active Customers,0.9296,-1.6353
14911,1,201,143711.17,714.98,0.6931471805599453,5.308267697401205,11.875567758808163,6.57365223360962,1,High-Value Active Customers,7.2911,1.4523
14912,17,2,867.85,433.92,2.8903717578961645,1.0986122886681096,6.767170498168263,6.075162106129548,0,Low-Engagement / Lapsed Spenders,0.2204,-0.6256
14913,36,4,1227.43,306.86,3.6109179126442243,1.6094379124341003,7.113492210280828,5.729645134181928,1,High-Value Active Customers,0.5716,0.1528
14915,91,2,307.48,153.74,4.5217885770490405,1.0986122886681096,5.731657011422181,5.041746289121308,0,Low-Engagement / Lapsed Spenders,-0.8938,0.0315
14916,71,4,1268.98,317.24,4.276666119016055,1.6094379124341003,7.146756431297139,5.762805815105662,1,High-Value Active Customers,0.3331,0.5869
14918,116,2,1610.15,805.08,4.762173934797756,1.0986122886681096,7.384703488712166,6.692182993164246,0,Low-Engagement / Lapsed Spenders,-0.2018,0.786
14920,213,2,977.77,488.88,5.365976015021851,1.0986122886681096,6.886296681323568,6.194160463153087,0,Low-Engagement / Lapsed Spenders,-0.6688,0.9872
14921,30,2,1316.07,658.04,3.4339872044851463,1.0986122886681096,7.1831648514317985,6.490784230687771,0,Low-Engagement / Lapsed Spenders,0.21,-0.1294
14923,51,1,749.1,749.1,3.9512437185814275,0.6931471805599453,6.62020653097559,6.62020653097559,0,Low-Engagement / Lapsed Spenders,-0.6214,-0.1616
14924,246,1,310.05,310.05,5.5093883366279774,0.6931471805599453,5.739953670961029,5.739953670961029,0,Low-Engagement / Lapsed Spenders,-1.634,0.5055
14929,32,1,223.88,223.88,3.4965075614664802,0.6931471805599453,5.415566926598276,5.415566926598276,0,Low-Engagement / Lapsed Spenders,-1.0189,-0.8887
14930,109,3,2362.96,787.65,4.700480365792417,1.3862943611198906,7.768093457909063,6.670322622933483,0,Low-Engagement / Lapsed Spenders,0.2639,0.9965
14931,5,5,1257.68,251.54,1.791759469228055,1.791759469228055,7.137818831761513,5.531569652010535,1,High-Value Active Customers,1.443,-0.9219
14932,366,1,363.53,363.53,5.905361848054571,0.6931471805599453,5.89860885258863,5.89860885258863,0,Low-Engagement / Lapsed Spenders,-1.71,0.8143
14934,82,2,1890.94,945.47,4.418840607796598,1.0986122886681096,7.5453580366354,6.85273927442598,0,Low-Engagement / Lapsed Spenders,0.0055,0.6268
14935,297,1,1784.71,1784.71,5.697093486505405,0.6931471805599453,7.487571374232199,7.487571374232199,0,Low-Engagement / Lapsed Spenders,-0.877,1.261
14936,34,8,8137.02,1017.13,3.5553480614894135,2.1972245773362196,9.004302186164907,6.925722890332587,1,High-Value Active Customers,2.0213,1.031
14937,57,3,1621.88,540.63,4.060443010546419,1.3862943611198906,7.3919576276276855,6.2945831114968085,1,High-Value Active Customers,0.33,0.4538
14944,30,12,5900.25,491.69,3.4339872044851463,2.5649493574615367,8.682919471860497,6.199880173017579,1,High-Value Active Customers,2.248,0.9777
14946,14,1,100.9,100.9,2.70805020110221,0.6931471805599453,4.623991940228679,4.623991940228679,0,Low-Engagement / Lapsed Spenders,-1.093,-1.6768
14947,72,2,290.82,145.41,4.290459441148391,1.0986122886681096,5.676137173835876,4.986410905205391,0,Low-Engagement / Lapsed Spenders,-0.8317,-0.1353
14948,23,6,1101.97,183.66,3.1780538303479458,1.9459101490553132,7.005761820334205,5.2185162963444816,1,High-Value Active Customers,0.9904,-0.0322
14950,19,1,371.2,371.2,2.995732273553991,0.6931471805599453,5.91943134420815,5.91943134420815,0,Low-Engagement / Lapsed Spenders,-0.5887,-1.0226
14951,79,1,311.69,311.69,4.382026634673881,0.6931471805599453,5.745212284419341,5.745212284419341,0,Low-Engagement / Lapsed Spenders,-1.2008,-0.2072
14952,60,11,8099.49,736.32,4.110873864173311,2.4849066497880004,8.999679832658012,6.603021990627973,1,High-Value Active Customers,2.0672,1.4915
14953,25,1,285.67,285.67,3.258096538021482,0.6931471805599453,5.658331728418817,5.658331728418817,0,Low-Engagement / Lapsed Spenders,-0.8127,-0.9514
14954,12,1,294.85,294.85,2.5649493574615367,0.6931471805599453,5.689852569122703,5.689852569122703,0,Low-Engagement / Lapsed Spenders,-0.533,-1.3793
14957,253,1,58.49,58.49,5.537334267018537,0.6931471805599453,4.085808231199814,4.085808231199814,0,Low-Engagement / Lapsed Spenders,-2.429,-0.0792
14958,147,3,483.72999999999996,161.24,4.997212273764115,1.3862943611198906,6.183592034891002,5.089076720402819,0,Low-Engagement / Lapsed Spenders,-0.6008,0.6076
14959,64,4,695.42,173.86,4.174387269895637,1.6094379124341003,6.545952926608586,5.163985653752745,0,Low-Engagement / Lapsed Spenders,0.0873,0.3033
14960,8,2,221.27,110.64,2.1972245773362196,1.0986122886681096,5.4038928590966755,4.715279408668121,0,Low-Engagement / Lapsed Spenders,-0.1612,-1.5615
14961,11,9,7044.68,782.74,2.4849066497880004,2.302585092994046,8.860169942031078,6.6640773326950775,1,High-Value Active Customers,2.4572,0.3402
14962,271,1,126.7,126.7,5.605802066295998,0.6931471805599453,4.8496837630384935,4.8496837630384935,0,Low-Engagement / Lapsed Spenders,-2.0929,0.2424
14963,10,5,1472.34,294.47,2.3978952727983707,1.791759469228055,7.295287211280274,5.688567308849721,1,High-Value Active Customers,1.2862,-0.4803
14964,247,1,206.21,206.21,5.5134287461649825,0.6931471805599453,5.333732771768991,5.333732771768991,0,Low-Engagement / Lapsed Spenders,-1.8281,0.3601
14965,96,2,596.09,298.04,4.574710978503383,1.0986122886681096,6.3920678557992385,5.700577343707253,0,Low-Engagement / Lapsed Spenders,-0.6008,0.3056
14966,15,1,183.02,183.02,2.772588722239781,0.6931471805599453,5.215044447354215,5.215044447354215,0,Low-Engagement / Lapsed Spenders,-0.8374,-1.4206
14967,50,1,463.8,463.8,3.9318256327243257,0.6931471805599453,6.141607205537701,6.141607205537701,0,Low-Engagement / Lapsed Spenders,-0.8409,-0.3483
14968,30,1,147.59,147.59,3.4339872044851463,0.6931471805599453,5.001190835268256,5.001190835268256,0,Low-Engagement / Lapsed Spenders,-1.1915,-1.0792
14970,68,4,1592.06,398.02,4.23410650459726,1.6094379124341003,7.373411973984176,5.989011540946915,1,High-Value Active Customers,0.4568,0.6425
14971,35,3,1097.98,365.99,3.58351893845611,1.3862943611198906,7.002137755875882,5.905334599726935,1,High-Value Active Customers,0.3274,0.0095
14972,128,1,114.77,114.77,4.859812404361672,0.6931471805599453,4.751605464217637,4.751605464217637,0,Low-Engagement / Lapsed Spenders,-1.8545,-0.2662
14973,107,3,1314.45,438.15,4.68213122712422,1.3862943611198906,7.181934091396172,6.084841040363126,0,Low-Engagement / Lapsed Spenders,-0.007,0.7714
14974,37,1,89.94,89.94,3.6375861597263857,0.6931471805599453,4.510199948396864,4.510199948396864,0,Low-Engagement / Lapsed Spenders,-1.502,-1.129
14975,57,1,279.94,279.94,4.060443010546419,0.6931471805599453,5.638141123402764,5.638141123402764,0,Low-Engagement / Lapsed Spenders,-1.1288,-0.4501
14976,57,7,790.86,112.98,4.060443010546419,2.0794415416798357,6.674384608512411,4.736022994406854,1,High-Value Active Customers,0.617,0.4576
14978,72,5,1921.3700000000001,384.27,4.290459441148391,1.791759469228055,7.561314078807358,5.953944387194059,1,High-Value Active Customers,0.6893,0.8164
14981,246,1,102.12,102.12,5.5093883366279774,0.6931471805599453,4.635893358630932,4.635893358630932,0,Low-Engagement / Lapsed Spenders,-2.1575,0.1034
14984,19,2,202.37,101.18,2.995732273553991,1.0986122886681096,5.315026980110984,4.626735963902652,0,Low-Engagement / Lapsed Spenders,-0.5084,-1.0876
14985,198,2,292.01,146.0,5.293304824724492,1.0986122886681096,5.680206738127495,4.990432586778736,0,Low-Engagement / Lapsed Spenders,-1.2129,0.5019
14987,16,2,326.4,163.2,2.833213344056216,1.0986122886681096,5.791182664937034,5.101085197018328,0,Low-Engagement / Lapsed Spenders,-0.2205,-1.0172
14988,212,1,334.54,334.54,5.3612921657094255,0.6931471805599453,5.8157411743422545,5.8157411743422545,0,Low-Engagement / Lapsed Spenders,-1.5415,0.4392
14995,39,2,231.98000000000002,115.99,3.6888794541139363,1.0986122886681096,5.450952612971631,4.76208846105951,0,Low-Engagement / Lapsed Spenders,-0.7087,-0.5987
14997,46,3,546.1999999999999,182.07,3.8501476017100584,1.3862943611198906,6.3048143663083405,5.209868593362923,0,Low-Engagement / Lapsed Spenders,-0.1051,-0.0755
14998,170,2,414.87,207.44,5.14166355650266,1.0986122886681096,6.030372711422963,5.339651230041014,0,Low-Engagement / Lapsed Spenders,-0.9889,0.5333
15000,48,1,490.52,490.52,3.8918202981106265,0.6931471805599453,6.197502630519253,6.197502630519253,0,Low-Engagement / Lapsed Spenders,-0.7991,-0.3533
15002,116,4,1641.76,410.44,4.762173934797756,1.6094379124341003,7.404133033112973,6.019663201466661,0,Low-Engagement / Lapsed Spenders,0.2697,0.9884
15004,147,1,1220.77,1220.77,4.997212273764115,0.6931471805599453,7.108055905977399,7.108055905977399,0,Low-Engagement / Lapsed Spenders,-0.7896,0.6791
15005,16,28,6295.37,224.83,2.833213344056216,3.367295829986474,8.74772855584191,5.419782503829213,1,High-Value Active Customers,3.2342,0.9274
15006,51,1,480.38,480.38,3.9512437185814275,0.6931471805599453,6.17665697899362,6.17665697899362,0,Low-Engagement / Lapsed Spenders,-0.8317,-0.3232
15007,159,1,156.91,156.91,5.075173815233827,0.6931471805599453,5.062025250478552,5.062025250478552,0,Low-Engagement / Lapsed Spenders,-1.7896,-0.0166
15009,12,3,1259.43,419.81,2.5649493574615367,1.3862943611198906,7.139208211567486,6.04218142539969,1,High-Value Active Customers,0.7815,-0.5863
15010,36,1,308.94,308.94,3.6109179126442243,0.6931471805599453,5.736378730359188,5.736378730359188,0,Low-Engagement / Lapsed Spenders,-0.9105,-0.6993
15012,54,2,405.04,202.52,4.007333185232471,1.0986122886681096,6.00645167691623,5.3157642801517575,0,Low-Engagement / Lapsed Spenders,-0.5669,-0.1945
15014,43,2,257.67,128.84,3.784189633918261,1.0986122886681096,5.555553118030016,4.8663029232063355,0,Low-Engagement / Lapsed Spenders,-0.6955,-0.5002
15016,173,1,170.04,170.04,5.159055299214529,0.6931471805599453,5.141897447276735,5.141897447276735,0,Low-Engagement / Lapsed Spenders,-1.7837,0.0656
15017,34,1,125.58,125.58,3.5553480614894135,0.6931471805599453,4.840874519347159,4.840874519347159,0,Low-Engagement / Lapsed Spenders,-1.3138,-1.0607
15018,39,3,496.21000000000004,165.4,3.6888794541139363,1.3862943611198906,6.209012472065032,5.114394528387108,0,Low-Engagement / Lapsed Spenders,-0.0889,-0.2126
15019,267,1,252.81,252.81,5.5909869805108565,0.6931471805599453,5.536585955607315,5.536585955607315,0,Low-Engagement / Lapsed Spenders,-1.7616,0.4832
15021,9,9,1871.77,207.97,2.302585092994046,2.302585092994046,7.535173897253012,5.342190700992006,1,High-Value Active Customers,1.8985,-0.2579
15022,12,4,852.39,213.1,2.5649493574615367,1.6094379124341003,6.749216652850701,5.366443195595637,1,High-Value Active Customers,0.7985,-0.643
15023,3,11,6720.41,610.95,1.3862943611198906,2.4849066497880004,8.81305323293633,6.416650579828348,1,High-Value Active Customers,3.0195,-0.3036
15024,10,10,1636.43,163.64,2.3978952727983707,2.3978952727983707,7.400883218504078,5.103761272085739,1,High-Value Active Customers,1.8847,-0.2099
15025,33,1,361.96,361.96,3.5263605246161616,0.6931471805599453,5.894292635355709,5.894292635355709,0,Low-Engagement / Lapsed Spenders,-0.8033,-0.6954
15026,80,3,469.0,156.33,4.394449154672439,1.3862943611198906,6.152732694704104,5.058345510252332,0,Low-Engagement / Lapsed Spenders,-0.3852,0.2142
15027,31,4,1066.1499999999999,266.54,3.4657359027997265,1.6094379124341003,6.972746822489577,5.58926908786744,1,High-Value Active Customers,0.5603,0.0095
15028,8,4,627.13,156.78,2.1972245773362196,1.6094379124341003,6.442747151414763,5.061201657666944,1,High-Value Active Customers,0.7936,-0.9877
15030,72,2,518.28,259.14,4.290459441148391,1.0986122886681096,6.252443236725213,5.561219947635594,0,Low-Engagement / Lapsed Spenders,-0.5585,0.0745
15031,4,4,653.19,163.3,1.6094379124341003,1.6094379124341003,6.483397829142147,5.101694025043223,1,High-Value Active Customers,1.0374,-1.3455
15032,256,3,4959.1,1653.03,5.54907608489522,1.3862943611198906,8.50918118080606,7.41097001326679,0,Low-Engagement / Lapsed Spenders,0.2911,1.8044
15033,5,10,2557.18,255.72,1.791759469228055,2.3978952727983707,7.847051347137703,5.547985996801601,1,High-Value Active Customers,2.3278,-0.4317
15034,16,8,4274.16,534.27,2.833213344056216,2.1972245773362196,8.360576807571077,6.282771292488666,1,High-Value Active Customers,1.9919,0.3388
15035,90,1,252.73000000000002,252.73,4.51085950651685,0.6931471805599453,5.536270709515726,5.536270709515726,0,Low-Engagement / Lapsed Spenders,-1.3491,-0.2017
15036,72,3,429.56,143.19,4.290459441148391,1.3862943611198906,6.065086686978596,4.971131874318556,0,Low-Engagement / Lapsed Spenders,-0.387,0.1164
15038,59,6,685.74,114.29,4.0943445622221,1.9459101490553132,6.531955763529723,4.747450693244862,1,High-Value Active Customers,0.4157,0.3761
15039,10,47,19766.59,420.57,2.3978952727983707,3.8712010109078907,9.891799006862502,6.043985837200082,1,High-Value Active Customers,4.3989,1.2608
15041,170,1,179.93,179.93,5.14166355650266,0.6931471805599453,5.198110216131005,5.198110216131005,0,Low-Engagement / Lapsed Spenders,-1.7504,0.0751
15042,199,1,135.93,135.93,5.298317366548036,0.6931471805599453,4.919469846344143,4.919469846344143,0,Low-Engagement / Lapsed Spenders,-1.9424,0.0729
15043,31,1,537.0,537.0,3.4657359027997265,0.6931471805599453,6.2878585601617845,6.2878585601617845,0,Low-Engagement / Lapsed Spenders,-0.5935,-0.5905
15044,19,17,7634.7300000000005,449.1,2.995732273553991,2.8903717578961645,8.94059382539389,6.109469780298887,1,High-Value Active Customers,2.832,0.9182
15045,152,2,735.66,367.83,5.030437921392435,1.0986122886681096,6.602126456028984,5.910335833276507,0,Low-Engagement / Lapsed Spenders,-0.6753,0.671
15046,9,15,5090.42,339.36,2.302585092994046,2.772588722239781,8.535312049026333,5.830003880981357,1,High-Value Active Customers,2.7981,0.2861
15047,270,1,343.62,343.62,5.602118820879701,0.6931471805599453,5.842442360714953,5.842442360714953,0,Low-Engagement / Lapsed Spenders,-1.6208,0.6016
15048,65,4,381.0,95.25,4.189654742026425,1.6094379124341003,5.945420608606575,4.566948973167894,0,Low-Engagement / Lapsed Spenders,-0.2033,0.0942
15049,274,1,121.17000000000002,121.17,5.616771097666572,0.6931471805599453,4.8054135174159684,4.8054135174159684,0,Low-Engagement / Lapsed Spenders,-2.1181,0.2332
15050,25,3,1737.69,579.23,3.258096538021482,1.3862943611198906,7.460887235093727,6.3634245766587485,1,High-Value Active Customers,0.6692,-0.0297
15051,23,3,1383.3600000000001,461.12,3.1780538303479458,1.3862943611198906,7.232993217960352,6.135824597614818,1,High-Value Active Customers,0.5917,-0.1635
15052,319,1,207.73000000000002,207.73,5.768320995793772,0.6931471805599453,5.341041550757815,5.341041550757815,0,Low-Engagement / Lapsed Spenders,-1.922,0.5244
15053,5,3,693.95,231.32,1.791759469228055,1.3862943611198906,6.5438399005307675,5.448115731636431,1,High-Value Active Customers,0.7945,-1.2933
15054,12,2,302.1,151.05,2.5649493574615367,1.0986122886681096,5.714062784063757,5.024209414123374,0,Low-Engagement / Lapsed Spenders,-0.1546,-1.2154
15057,275,2,1489.5,744.75,5.62040086571715,1.0986122886681096,7.306866913118126,6.614390423394858,0,Low-Engagement / Lapsed Spenders,-0.5665,1.3017
15058,25,11,2102.54,191.14,3.258096538021482,2.4849066497880004,7.651376918775613,5.258224272981592,1,High-Value Active Customers,1.7536,0.4599
15059,41,9,1337.72,148.64,3.7376696182833684,2.302585092994046,7.199469212547289,5.0082324094799455,1,High-Value Active Customers,1.1912,0.5296
15060,8,4,294.25,73.56,2.1972245773362196,1.6094379124341003,5.687822455077471,4.311604170377336,1,High-Value Active Customers,0.4357,-1.2627
15061,4,48,54534.14,1136.13,1.6094379124341003,3.8918202981106265,10.906600543518254,7.036262823186533,1,High-Value Active Customers,5.1999,1.1385
15062,71,4,987.86,246.96,4.276666119016055,1.6094379124341003,6.896552764474143,5.513267442833719,0,Low-Engagement / Lapsed Spenders,0.2144,0.4958
15063,213,1,370.79999999999995,370.8,5.365976015021851,0.6931471805599453,5.918356075287344,5.918356075287344,0,Low-Engagement / Lapsed Spenders,-1.4946,0.4796
15065,38,4,3158.13,789.53,3.6635616461296463,1.6094379124341003,8.058051952218728,6.672703606593555,1,High-Value Active Customers,0.9994,0.5301
15066,53,1,893.59,893.59,3.9889840465642745,0.6931471805599453,6.796365512756079,6.796365512756079,0,Low-Engagement / Lapsed Spenders,-0.5523,-0.0736
15067,78,3,1744.76,581.59,4.3694478524670215,1.3862943611198906,7.464945269906789,6.367483679942733,0,Low-Engagement / Lapsed Spenders,0.2466,0.6763
15068,46,2,553.36,276.68,3.8501476017100584,1.0986122886681096,6.317814295200602,5.626469371553531,0,Low-Engagement / Lapsed Spenders,-0.3593,-0.1808
15069,179,1,1109.53,1109.53,5.19295685089021,0.6931471805599453,7.012592657827759,7.012592657827759,0,Low-Engagement / Lapsed Spenders,-0.9097,0.7684
15070,373,1,106.2,106.2,5.924255797414532,0.6931471805599453,4.674696248636701,4.674696248636701,0,Low-Engagement / Lapsed Spenders,-2.2976,0.3806
15071,94,2,982.07,491.04,4.553876891600541,1.0986122886681096,6.890680328191671,6.198560014000584,0,Low-Engagement / Lapsed Spenders,-0.3565,0.474
15073,10,3,1043.41,347.8,2.3978952727983707,1.3862943611198906,6.951207411654662,5.8544986920348245,1,High-Value Active Customers,0.7561,-0.7607
15074,105,1,735.67,735.67,4.663439094112067,0.6931471805599453,6.60214003072033,6.60214003072033,0,Low-Engagement / Lapsed Spenders,-0.902,0.2833
15075,78,1,773.03,773.03,4.3694478524670215,0.6931471805599453,6.651610632528512,6.651610632528512,0,Low-Engagement / Lapsed Spenders,-0.7663,0.1149
15076,173,1,880.85,880.85,5.159055299214529,0.6931471805599453,6.782021973516374,6.782021973516374,0,Low-Engagement / Lapsed Spenders,-1.006,0.663
15078,7,32,9743.11,304.47,2.0794415416798357,3.4965075614664802,9.184418278884316,5.721851574117079,1,High-Value Active Customers,3.8461,0.658
15079,213,4,895.61,223.9,5.365976015021851,1.6094379124341003,6.798620984904737,5.41565585896527,0,Low-Engagement / Lapsed Spenders,-0.2481,1.1507
15081,22,5,504.8,100.96,3.1354942159291497,1.791759469228055,6.226141334235865,4.6245805795079145,1,High-Value Active Customers,0.4975,-0.4021
15083,257,1,88.2,88.2,5.552959584921617,0.6931471805599453,4.490881039585964,4.490881039585964,0,Low-Engagement / Lapsed Spenders,-2.2429,0.0782
15087,282,1,306.94,306.94,5.645446897643238,0.6931471805599453,5.7299049588017725,5.7299049588017725,0,Low-Engagement / Lapsed Spenders,-1.6907,0.5881
15088,21,2,1160.07,580.04,3.091042453358316,1.0986122886681096,7.057097272731341,6.364819601297913,0,Low-Engagement / Lapsed Spenders,0.2812,-0.3927
15089,10,6,2420.84,403.47,2.3978952727983707,1.9459101490553132,7.7922828608243835,6.002577568111551,1,High-Value Active Customers,1.6613,-0.2403
15090,308,1,381.32,381.32,5.733341276897746,0.6931471805599453,5.946257954269903,5.946257954269903,0,Low-Engagement / Lapsed Spenders,-1.6217,0.7226
15091,68,1,480.71,480.71,4.23410650459726,0.6931471805599453,6.177342273229703,6.177342273229703,0,Low-Engagement / Lapsed Spenders,-0.9394,-0.1436
15092,215,2,457.81,228.9,5.375278407684165,1.0986122886681096,6.1286361810072245,5.437644431769136,0,Low-Engagement / Lapsed Spenders,-1.0316,0.7172
15093,18,6,4597.02,766.17,2.9444389791664403,1.9459101490553132,8.433381055030935,6.642708419572143,1,High-Value Active Customers,1.7565,0.3397
15095,104,4,1370.6,342.65,4.653960350157523,1.6094379124341003,7.223733220588765,5.839623697567614,0,Low-Engagement / Lapsed Spenders,0.2255,0.8541
15096,43,1,219.39000000000001,219.39,3.784189633918261,0.6931471805599453,5.3953987041986,5.3953987041986,0,Low-Engagement / Lapsed Spenders,-1.1383,-0.7136
15097,4,1,248.08,248.08,1.6094379124341003,0.6931471805599453,5.517774130004251,5.517774130004251,0,Low-Engagement / Lapsed Spenders,-0.2496,-2.0477
15098,182,3,39916.5,13305.5,5.209486152841421,1.3862943611198906,10.594570103213856,9.496007916628752,1,High-Value Active Customers,1.4096,2.3486
15099,84,1,410.48,410.48,4.442651256490317,0.6931471805599453,6.019760416262829,6.019760416262829,0,Low-Engagement / Lapsed Spenders,-1.0938,-0.0688
15100,334,3,876.0,292.0,5.814130531825066,1.3862943611198906,6.776506992372183,5.680172609017068,0,Low-Engagement / Lapsed Spenders,-0.6317,1.3414
15101,9,2,317.53,158.76,2.302585092994046,1.0986122886681096,5.763716662099238,5.07367268910756,0,Low-Engagement / Lapsed Spenders,-0.0308,-1.3636
15103,31,2,703.36,351.68,3.4657359027997265,1.0986122886681096,6.557289589092577,5.865561130218826,0,Low-Engagement / Lapsed Spenders,-0.0989,-0.3372
15104,197,2,993.54,496.77,5.288267030694535,1.0986122886681096,6.902280318701867,6.21013812295074,0,Low-Engagement / Lapsed Spenders,-0.6315,0.9438
15105,18,7,2298.93,328.42,2.9444389791664403,2.0794415416798357,7.740633966671485,5.797333532354529,1,High-Value Active Customers,1.5489,0.1385
15106,18,5,1422.52,284.5,2.9444389791664403,1.791759469228055,7.2608879564964575,5.654242029096065,1,High-Value Active Customers,1.0611,-0.1463
15107,311,6,319.5,53.25,5.7430031878094825,1.9459101490553132,5.7698822763607245,3.993602992420569,0,Low-Engagement / Lapsed Spenders,-0.5755,1.1437
15108,142,4,1300.25,325.06,4.962844630259907,1.6094379124341003,7.171080619929179,5.787081413511508,0,Low-Engagement / Lapsed Spenders,0.0825,1.0308
15109,246,1,484.95,484.95,5.5093883366279774,0.6931471805599453,6.18610573794948,6.18610573794948,0,Low-Engagement / Lapsed Spenders,-1.4224,0.668
15110,24,4,996.1,249.02,3.2188758248682006,1.6094379124341003,6.904851065834747,5.521540914662417,1,High-Value Active Customers,0.6225,-0.1718
15111,29,3,1567.48,522.49,3.4011973816621555,1.3862943611198906,7.357862276513416,6.26051792793139,1,High-Value Active Customers,0.5657,0.0235
15113,10,3,3509.43,1169.81,2.3978952727983707,1.3862943611198906,8.163493816079034,7.065451095949687,1,High-Value Active Customers,1.3309,-0.3192
15114,30,10,2760.56,276.06,3.4339872044851463,2.3978952727983707,7.923551016427315,5.624234089229733,1,High-Value Active Customers,1.7367,0.6372
15115,18,1,340.11,340.11,2.9444389791664403,0.6931471805599453,5.832205005910728,5.832205005910728,0,Low-Engagement / Lapsed Spenders,-0.6104,-1.0869
15116,18,4,1352.75,338.19,2.9444389791664403,1.6094379124341003,7.2106337983152,5.826560422351095,1,High-Value Active Customers,0.8723,-0.2344
15117,15,5,1551.78,310.36,2.772588722239781,1.791759469228055,7.3478021518130685,5.74094979899764,1,High-Value Active Customers,1.1679,-0.2236
15118,134,1,244.8,244.8,4.90527477843843,0.6931471805599453,5.504518197131935,5.504518197131935,0,Low-Engagement / Lapsed Spenders,-1.5148,0.0368
15119,246,1,266.4,266.4,5.5093883366279774,0.6931471805599453,5.588745664667843,5.588745664667843,0,Low-Engagement / Lapsed Spenders,-1.7057,0.4505
15120,134,1,358.82,358.82,4.90527477843843,0.6931471805599453,5.885603906408473,5.885603906408473,0,Low-Engagement / Lapsed Spenders,-1.3341,0.1756
15121,50,2,457.72,228.86,3.9318256327243257,1.0986122886681096,6.12844000213506,5.437470427940613,0,Low-Engagement / Lapsed Spenders,-0.4803,-0.198
15122,114,3,1633.78,544.59,4.74493212836325,1.3862943611198906,7.399263517702882,6.301867777915537,0,Low-Engagement / Lapsed Spenders,0.072,0.8904
15123,7,2,2199.31,1099.66,2.0794415416798357,1.0986122886681096,7.696353538510563,7.0036652788584295,1,High-Value Active Customers,0.9708,-0.8012
15124,23,2,184.19,92.1,3.1780538303479458,1.0986122886681096,5.221382325073915,4.533674184283021,0,Low-Engagement / Lapsed Spenders,-0.6224,-1.0062
15125,25,15,11528.48,768.57,3.258096538021482,2.772588722239781,9.35266251250627,6.645831917302726,1,High-Value Active Customers,2.8206,1.1895
15127,66,1,406.53,406.53,4.204692619390966,0.6931471805599453,6.010114549603027,6.010114549603027,0,Low-Engagement / Lapsed Spenders,-1.0075,-0.2232
15128,60,4,1471.0,367.75,4.110873864173311,1.6094379124341003,7.294377299288821,5.91011890765403,1,High-Value Active Customers,0.4664,0.5356
15129,50,11,3447.4,313.4,3.9318256327243257,2.4849066497880004,8.14566563433577,5.7506660605550515,1,High-Value Active Customers,1.7306,1.067
15130,170,1,330.11,330.11,5.14166355650266,0.6931471805599453,5.802450646452902,5.802450646452902,0,Low-Engagement / Lapsed Spenders,-1.4639,0.2952
15132,18,5,977.9300000000001,195.59,2.9444389791664403,1.791759469228055,6.886460138441978,5.281120341719515,1,High-Value Active Customers,0.8835,-0.2827
15133,128,3,982.42,327.47,4.859812404361672,1.3862943611198906,6.891036292375263,5.7944455095534435,0,Low-Engagement / Lapsed Spenders,-0.2128,0.7781
15134,15,8,1387.99,173.5,2.772588722239781,2.1972245773362196,7.236332143304382,5.161924741642482,1,High-Value Active Customers,1.482,-0.1091
15135,239,1,139.05,139.05,5.480638923341991,0.6931471805599453,4.941999501706118,4.941999501706118,0,Low-Engagement / Lapsed Spenders,-2.0014,0.1967
15136,3,4,1286.7,321.68,1.3862943611198906,1.6094379124341003,7.160612960279738,5.776661120068773,1,High-Value Active Customers,1.4438,-1.2403
15139,240,2,178.96,89.48,5.484796933490655,1.0986122886681096,5.192734603972972,4.505128831807865,0,Low-Engagement / Lapsed Spenders,-1.5172,0.4457
15140,52,7,2354.25,336.32,3.970291913552122,2.0794415416798357,7.764402157928777,5.821032034706441,1,High-Value Active Customers,1.1683,0.7974
15142,46,1,498.74,498.74,3.8501476017100584,0.6931471805599453,6.214087963175304,6.214087963175304,0,Low-Engagement / Lapsed Spenders,-0.7753,-0.3736
15143,226,1,259.45,259.45,5.424950017481403,0.6931471805599453,5.562410904191201,5.562410904191201,0,Low-Engagement / Lapsed Spenders,-1.6859,0.3873
15144,8,17,6580.44,387.08,2.1972245773362196,2.8903717578961645,8.792008845361094,5.961211503936961,1,High-Value Active Customers,3.0666,0.3579
15145,4,4,1194.73,298.68,1.6094379124341003,1.6094379124341003,7.0865121565162825,5.702715238695778,1,High-Value Active Customers,1.3234,-1.1259
15146,165,2,1327.16,663.58,5.111987788356544,1.0986122886681096,7.1915498047067254,6.499155262178485,0,Low-Engagement / Lapsed Spenders,-0.427,0.9374
15147,240,1,623.5,623.5,5.484796933490655,0.6931471805599453,6.436951329565632,6.436951329565632,0,Low-Engagement / Lapsed Spenders,-1.2941,0.7438
15148,11,1,301.29,301.29,2.4849066497880004,0.6931471805599453,5.711386821516136,5.711386821516136,0,Low-Engagement / Lapsed Spenders,-0.4922,-1.4222
15149,134,1,520.8000000000001,520.8,4.90527477843843,0.6931471805599453,6.257284372702628,6.257284372702628,0,Low-Engagement / Lapsed Spenders,-1.1579,0.311
15150,17,10,5291.33,529.13,2.8903717578961645,2.3978952727983707,8.574013881567295,6.273122259488074,1,High-Value Active Customers,2.2528,0.5295
15152,10,13,4745.69,365.05,2.3978952727983707,2.639057329615259,8.465202812016113,5.9027699360926515,1,High-Value Active Customers,2.6076,0.2699
15153,31,1,329.25,329.25,3.4657359027997265,0.6931471805599453,5.799849943402434,5.799849943402434,0,Low-Engagement / Lapsed Spenders,-0.8249,-0.7682
15154,75,1,254.28,254.28,4.330733340286331,0.6931471805599453,5.542360981969988,5.542360981969988,0,Low-Engagement / Lapsed Spenders,-1.2774,-0.3136
15156,1,3,961.49,320.5,0.6931471805599453,1.3862943611198906,6.869523676497577,5.772997543677674,1,High-Value Active Customers,1.3686,-1.8711
15157,4,3,1936.07,645.36,1.6094379124341003,1.3862943611198906,7.568931801112307,6.471356624104047,1,High-Value Active Customers,1.3502,-1.0355
15158,45,1,401.40000000000003,401.4,3.828641396489095,0.6931471805599453,5.9974466187855295,5.9974466187855295,0,Low-Engagement / Lapsed Spenders,-0.8698,-0.4662
15159,2,30,18641.010000000002,621.37,1.0986122886681096,3.4339872044851463,9.83317291504409,6.433534771188361,1,High-Value Active Customers,4.4718,0.2486
15160,357,1,158.16,158.16,5.8805329864007,0.6931471805599453,5.069909985558728,5.069909985558728,0,Low-Engagement / Lapsed Spenders,-2.0935,0.4968
15163,18,2,304.47,152.24,2.9444389791664403,1.0986122886681096,5.721851574117079,5.032005319832448,0,Low-Engagement / Lapsed Spenders,-0.2959,-0.972
15164,69,3,824.58,274.86,4.248495242049359,1.3862943611198906,6.716086169627672,5.619893490647374,0,Low-Engagement / Lapsed Spenders,-0.0623,0.3269
15165,373,1,487.75,487.75,5.924255797414532,0.6931471805599453,6.1918511112995755,6.1918511112995755,0,Low-Engagement / Lapsed Spenders,-1.5782,0.9331
15167,321,1,158.8,158.8,5.7745515455444085,0.6931471805599453,5.073923033332174,5.073923033332174,0,Low-Engagement / Lapsed Spenders,-2.0511,0.431
15168,26,1,106.56,106.56,3.295836866004329,0.6931471805599453,4.678048831400664,4.678048831400664,0,Low-Engagement / Lapsed Spenders,-1.2919,-1.2845
15171,331,1,1289.5,1289.5,5.805134968916488,0.6931471805599453,7.162785019158669,7.162785019158669,0,Low-Engagement / Lapsed Spenders,-1.0723,1.2112
15172,9,5,1624.05,324.81,2.302585092994046,1.791759469228055,7.393293863521244,5.786314389374006,1,High-Value Active Customers,1.369,-0.505
15174,323,1,135.75,135.75,5.780743515792329,0.6931471805599453,4.91815444130209,4.91815444130209,0,Low-Engagement / Lapsed Spenders,-2.1273,0.3782
15175,72,1,224.14,224.14,4.290459441148391,0.6931471805599453,5.416722430926658,5.416722430926658,0,Low-Engagement / Lapsed Spenders,-1.3216,-0.3849
15178,260,1,40.5,40.5,5.564520407322694,0.6931471805599453,3.725693427236653,3.725693427236653,0,Low-Engagement / Lapsed Spenders,-2.6101,-0.1931
15179,18,5,2206.95,441.39,2.9444389791664403,1.791759469228055,7.69981976221305,6.092191845974351,1,High-Value Active Customers,1.2692,0.0135
15180,367,1,87.5,87.5,5.908082938168931,0.6931471805599453,4.483002552013883,4.483002552013883,0,Low-Engagement / Lapsed Spenders,-2.3823,0.3005
15181,66,3,689.4799999999999,229.83,4.204692619390966,1.3862943611198906,6.537387007911402,5.441681508855907,0,Low-Engagement / Lapsed Spenders,-0.1303,0.234
15182,154,2,622.85,311.42,5.043425116919247,1.0986122886681096,6.43590995485703,5.744348436402863,0,Low-Engagement / Lapsed Spenders,-0.7591,0.6187
15184,29,2,402.2,201.1,3.4011973816621555,1.0986122886681096,5.999432716757159,5.308762624409575,0,Low-Engagement / Lapsed Spenders,-0.3387,-0.5813
15185,70,1,310.62,310.62,4.2626798770413155,0.6931471805599453,5.741784496789209,5.741784496789209,0,Low-Engagement / Lapsed Spenders,-1.1569,-0.2841
15186,14,2,411.41,205.7,2.70805020110221,1.0986122886681096,6.022018000151438,5.331268466687723,0,Low-Engagement / Lapsed Spenders,-0.0632,-1.0125
15187,2,16,4777.18,298.57,1.0986122886681096,2.833213344056216,8.471814999842545,5.702348113118021,1,High-Value Active Customers,3.2827,-0.4771
15189,1,41,16225.39,395.74,0.6931471805599453,3.7376696182833684,9.694394208164745,5.983281154299963,1,High-Value Active Customers,4.8357,0.0571
15192,120,3,1044.32,348.11,4.795790545596741,1.3862943611198906,6.952078337618801,5.855387058788096,0,Low-Engagement / Lapsed Spenders,-0.1594,0.7598
15193,61,1,499.32,499.32,4.127134385045092,0.6931471805599453,6.215247893709531,6.215247893709531,0,Low-Engagement / Lapsed Spenders,-0.8806,-0.1976
15194,3,15,7616.53,507.77,1.3862943611198906,2.772588722239781,8.938207449152076,6.231996048023419,1,High-Value Active Customers,3.3391,-0.148
15195,3,1,3861.0,3861.0,1.3862943611198906,0.6931471805599453,8.258940462988459,8.258940462988459,1,High-Value Active Customers,1.1354,-1.1908
15197,11,3,1079.6100000000001,359.87,2.4849066497880004,1.3862943611198906,6.985280975485229,5.888517782674091,1,High-Value Active Customers,0.739,-0.6931
15198,92,2,193.64,96.82,4.532599493153256,1.0986122886681096,5.271151698475267,4.583129055111211,0,Low-Engagement / Lapsed Spenders,-1.1162,-0.1293
15199,59,4,1268.7,317.18,4.0943445622221,1.6094379124341003,7.1465359310757455,5.762617260377094,1,High-Value Active Customers,0.4026,0.4713
15201,87,5,1236.54,247.31,4.477336814478207,1.791759469228055,7.120880817152784,5.514677965565414,1,High-Value Active Customers,0.4091,0.7744
15203,26,6,1827.8,304.63,3.295836866004329,1.9459101490553132,7.511415293040546,5.7223752200135145,1,High-Value Active Customers,1.1851,0.2267
15204,357,1,316.58,316.58,5.8805329864007,0.6931471805599453,5.760729755097951,5.760729755097951,0,Low-Engagement / Lapsed Spenders,-1.7659,0.7484
15205,85,2,653.24,326.62,4.454347296253507,1.0986122886681096,6.483474256616332,5.791854400176486,0,Low-Engagement / Lapsed Spenders,-0.5115,0.2626
15206,10,4,420.29999999999995,105.07,2.3978952727983707,1.6094379124341003,6.04334516898497,4.664099253517379,1,High-Value Active Customers,0.5276,-1.006
15208,1,5,870.12,174.02,0.6931471805599453,1.791759469228055,6.769779740037806,5.164900253107685,1,High-Value Active Customers,1.6882,-1.7524
15210,225,1,331.18,331.18,5.420534999272286,0.6931471805599453,5.805676990670853,5.805676990670853,0,Low-Engagement / Lapsed Spenders,-1.5689,0.4731
15211,60,2,894.4100000000001,447.21,4.110873864173311,1.0986122886681096,6.797281713937488,6.105261872586024,0,Low-Engagement / Lapsed Spenders,-0.2315,0.1591
15212,241,1,101.8,101.8,5.488937726156687,0.6931471805599453,4.632785353021065,4.632785353021065,0,Low-Engagement / Lapsed Spenders,-2.1511,0.0893
15213,319,2,328.35,164.18,5.768320995793772,1.0986122886681096,5.797121015086702,5.107035788382571,0,Low-Engagement / Lapsed Spenders,-1.3389,0.8456
15214,2,8,1661.44,207.68,1.0986122886681096,2.1972245773362196,7.416041681653177,5.340801978154192,1,High-Value Active Customers,2.2066,-1.1048
15215,47,3,734.94,244.98,3.8712010109078907,1.3862943611198906,6.601148593666668,5.505250231814264,0,Low-Engagement / Lapsed Spenders,0.0273,0.0458
15216,88,1,96.6,96.6,4.48863636973214,0.6931471805599453,4.580877493419047,4.580877493419047,0,Low-Engagement / Lapsed Spenders,-1.7936,-0.5637
15218,11,11,5756.89,523.35,2.4849066497880004,2.4849066497880004,8.658326367134135,6.262159400280414,1,High-Value Active Customers,2.5264,0.3365
15219,176,1,305.75,305.75,5.176149732573829,0.6931471805599453,5.7260330835910205,5.7260330835910205,0,Low-Engagement / Lapsed Spenders,-1.5133,0.2892
15220,52,6,1778.96,296.49,3.970291913552122,1.9459101490553132,7.484346171123521,5.695380610975362,1,High-Value Active Customers,0.9146,0.6444
15221,366,1,403.25,403.25,5.905361848054571,0.6931471805599453,6.002033498457216,6.002033498457216,0,Low-Engagement / Lapsed Spenders,-1.661,0.852
15222,319,1,585.0,585.0,5.768320995793772,0.6931471805599453,6.373319789577012,6.373319789577012,0,Low-Engagement / Lapsed Spenders,-1.4326,0.9003
15223,226,2,755.75,377.88,5.424950017481403,1.0986122886681096,6.629032947901828,5.937219532255586,0,Low-Engagement / Lapsed Spenders,-0.8133,0.9309
15224,358,2,322.08,161.04,5.883322388488279,1.0986122886681096,5.777899970574095,5.0878432183344895,0,Low-Engagement / Lapsed Spenders,-1.3919,0.9115
15225,234,1,409.40000000000003,409.4,5.459585514144159,0.6931471805599453,6.01713229385656,6.01713229385656,0,Low-Engagement / Lapsed Spenders,-1.4835,0.5749
15226,311,1,154.41,154.41,5.7430031878094825,0.6931471805599453,5.04606678592752,5.04606678592752,0,Low-Engagement / Lapsed Spenders,-2.0522,0.4009
15227,37,5,1219.4,243.88,3.6375861597263857,1.791759469228055,7.106933952842515,5.500768294637157,1,High-Value Active Customers,0.7233,0.237
15228,66,4,3386.71,846.68,4.204692619390966,1.6094379124341003,8.127909455886419,6.742503206083705,1,High-Value Active Customers,0.8258,0.8986
15230,239,2,429.6,214.8,5.480638923341991,1.0986122886681096,6.065179584930263,5.374352052824034,0,Low-Engagement / Lapsed Spenders,-1.1019,0.7608
15232,113,2,612.06,306.03,4.736198448394496,1.0986122886681096,6.418462810428566,5.726945462682629,0,Low-Engagement / Lapsed Spenders,-0.65,0.4176
15234,277,1,197.0,197.0,5.627621113690637,0.6931471805599453,5.288267030694535,5.288267030694535,0,Low-Engagement / Lapsed Spenders,-1.8933,0.416
15235,218,12,2247.51,187.29,5.389071729816501,2.5649493574615367,7.718023053610256,5.237983327508337,1,High-Value Active Customers,1.0436,1.8657
15236,299,1,321.05,321.05,5.703782474656201,0.6931471805599453,5.7747068129929,5.7747068129929,0,Low-Engagement / Lapsed Spenders,-1.6918,0.6414
15237,2,4,1412.32,353.08,1.0986122886681096,1.6094379124341003,7.253696825551129,5.86952287630274,1,High-Value Active Customers,1.5978,-1.3888
15238,29,3,1071.99,357.33,3.4011973816621555,1.3862943611198906,6.978204422922778,5.881454349524805,1,High-Value Active Customers,0.3857,-0.1148
15239,10,2,780.59,390.3,2.3978952727983707,1.0986122886681096,6.661330306378558,5.969474529216367,1,High-Value Active Customers,0.3584,-0.9763
15240,45,5,1706.57,341.31,3.828641396489095,1.791759469228055,7.442826586212262,5.835716759249059,1,High-Value Active Customers,0.8096,0.4805
15241,67,8,1756.44,219.56,4.219507705176107,2.1972245773362196,7.471613483699497,5.396169766715541,1,High-Value Active Customers,1.0408,0.8938
15243,74,1,316.68,316.68,4.31748811353631,0.6931471805599453,5.7610445868229965,5.7610445868229965,0,Low-Engagement / Lapsed Spenders,-1.1687,-0.2424
15244,65,2,631.57,315.79,4.189654742026425,1.0986122886681096,6.449790886414747,5.758239093785499,0,Low-Engagement / Lapsed Spenders,-0.4264,0.0825
15245,134,3,2515.84,838.61,4.90527477843843,1.3862943611198906,7.83075942537543,6.732937498309089,0,Low-Engagement / Lapsed Spenders,0.2154,1.1492
15246,238,2,514.15,257.08,5.476463551931511,1.0986122886681096,6.244458120391077,5.553269614376899,0,Low-Engagement / Lapsed Spenders,-1.0153,0.8235
15247,122,1,356.0,356.0,4.812184355372417,0.6931471805599453,5.877735781779639,5.877735781779639,0,Low-Engagement / Lapsed Spenders,-1.3023,0.1137
15249,32,13,6688.46,514.5,3.4965075614664802,2.639057329615259,8.808288432375653,6.245137303457015,1,High-Value Active Customers,2.3506,1.0913
15251,9,11,10484.99,953.18,2.302585092994046,2.4849066497880004,9.257795359479534,6.860852332895879,1,High-Value Active Customers,2.8803,0.4392
15252,36,2,740.78,370.39,3.6109179126442243,1.0986122886681096,6.60905270324689,5.917252723408029,0,Low-Engagement / Lapsed Spenders,-0.1298,-0.2264
15253,16,5,918.1999999999999,183.64,2.833213344056216,1.791759469228055,6.823503726534546,5.218407983319735,1,High-Value Active Customers,0.8962,-0.3761
15254,127,1,300.36,300.36,4.852030263919617,0.6931471805599453,5.708305563383786,5.708305563383786,0,Low-Engagement / Lapsed Spenders,-1.3979,0.0773
15255,67,1,890.85,890.85,4.219507705176107,0.6931471805599453,6.793297957004312,6.793297957004312,0,Low-Engagement / Lapsed Spenders,-0.6418,0.0715
15256,149,1,98.45,98.45,5.0106352940962555,0.6931471805599453,4.599655005299981,4.599655005299981,0,Low-Engagement / Lapsed Spenders,-1.9841,-0.226
15257,283,1,317.15,317.15,5.648974238161206,0.6931471805599453,5.762522969678801,5.762522969678801,0,Low-Engagement / Lapsed Spenders,-1.6766,0.6022
15258,169,2,623.16,311.58,5.135798437050262,1.0986122886681096,6.4364067457583465,5.744860436414047,0,Low-Engagement / Lapsed Spenders,-0.7942,0.6774
15260,100,7,1810.77,258.68,4.61512051684126,2.0794415416798357,7.502059546979103,5.559450103766281,1,High-Value Active Customers,0.7975,1.1107
15261,135,1,254.82,254.82,4.912654885736052,0.6931471805599453,5.544474072171247,5.544474072171247,0,Low-Engagement / Lapsed Spenders,-1.4987,0.056
15262,324,1,178.95000000000002,178.95,5.783825182329737,0.6931471805599453,5.19267903452504,5.19267903452504,0,Low-Engagement / Lapsed Spenders,-1.9983,0.4802
15263,107,1,156.51,156.51,4.68213122712422,0.6931471805599453,5.059488948313644,5.059488948313644,0,Low-Engagement / Lapsed Spenders,-1.6406,-0.2667
15264,64,1,393.74,393.74,4.174387269895637,0.6931471805599453,5.978227320325962,5.978227320325962,0,Low-Engagement / Lapsed Spenders,-1.011,-0.254
15265,151,2,1506.1200000000001,753.06,5.0238805208462765,1.0986122886681096,7.317955823857119,6.625471940438803,0,Low-Engagement / Lapsed Spenders,-0.3334,0.9276
15266,338,1,119.3,119.3,5.82600010738045,0.6931471805599453,4.789988622980633,4.789988622980633,0,Low-Engagement / Lapsed Spenders,-2.2054,0.3603
15267,22,5,1717.36,343.47,3.1354942159291497,1.791759469228055,7.449125626576209,5.8420070039332,1,High-Value Active Customers,1.0773,0.0434
15269,24,1,408.8,408.8,3.2188758248682006,0.6931471805599453,6.0156692358048,6.0156692358048,0,Low-Engagement / Lapsed Spenders,-0.6283,-0.8461
15270,16,7,2379.49,339.93,2.833213344056216,2.0794415416798357,7.775061627827598,5.831677177618607,1,High-Value Active Customers,1.6077,0.0805
15271,7,15,2493.34,166.22,2.0794415416798357,2.772588722239781,7.82177944413352,5.119310310721912,1,High-Value Active Customers,2.545,-0.1152
15272,57,2,721.94,360.97,4.060443010546419,1.0986122886681096,6.58332623116324,5.891561335463443,0,Low-Engagement / Lapsed Spenders,-0.3137,0.0492
15274,4,2,716.57,358.28,1.6094379124341003,1.0986122886681096,6.5758705038506235,5.884102028779482,1,High-Value Active Customers,0.619,-1.5073
15275,38,1,615.14,615.14,3.6635616461296463,0.6931471805599453,6.4234742104382585,6.4234742104382585,0,Low-Engagement / Lapsed Spenders,-0.6048,-0.4157
15276,66,1,128.63,128.63,4.204692619390966,0.6931471805599453,4.864684238611951,4.864684238611951,0,Low-Engagement / Lapsed Spenders,-1.5506,-0.6403
15277,47,1,255.89999999999998,255.9,3.8712010109078907,0.6931471805599453,5.548686904115838,5.548686904115838,0,Low-Engagement / Lapsed Spenders,-1.0989,-0.6026
15279,355,1,290.51,290.51,5.87493073085203,0.6931471805599453,5.675074310519458,5.675074310519458,0,Low-Engagement / Lapsed Spenders,-1.8044,0.7136
15280,172,1,113.12,113.12,5.153291594497779,0.6931471805599453,4.737250526345299,4.737250526345299,0,Low-Engagement / Lapsed Spenders,-1.9734,-0.0854
15281,59,9,2332.15,259.13,4.0943445622221,2.302585092994046,7.754974564853873,5.561181506057179,1,High-Value Active Customers,1.3183,0.958
15286,50,1,240.55,240.55,3.9318256327243257,0.6931471805599453,5.4870764910004155,5.4870764910004155,0,Low-Engagement / Lapsed Spenders,-1.1513,-0.5866
15287,22,2,486.69,243.34,3.1354942159291497,1.0986122886681096,6.189679958097341,5.498560697975914,0,Low-Engagement / Lapsed Spenders,-0.147,-0.6805
15288,43,5,2306.52,461.3,3.784189633918261,1.791759469228055,7.743928633728395,6.1362140309941795,1,High-Value Active Customers,0.9693,0.562
15289,29,3,939.78,313.26,3.4011973816621555,1.3862943611198906,6.846709318414996,5.750220668761986,1,High-Value Active Customers,0.3233,-0.1627
15290,5,18,7943.22,441.29,1.791759469228055,2.9444389791664403,8.98019989919854,6.091965775529838,1,High-Value Active Customers,3.3596,0.1901
15291,26,15,4668.3,311.22,3.295836866004329,2.772588722239781,8.448764446494256,5.74370806752852,1,High-Value Active Customers,2.3776,0.8843
15292,201,1,178.39,178.39,5.308267697401205,0.6931471805599453,5.189562206710999,5.189562206710999,0,Low-Engagement / Lapsed Spenders,-1.8181,0.1776
15296,51,6,3672.86,612.14,3.9512437185814275,1.9459101490553132,8.208998159442066,6.4185932948521724,1,High-Value Active Customers,1.2655,0.8962
15297,10,3,641.94,213.98,2.3978952727983707,1.3862943611198906,6.466051407286527,5.370545000544918,1,High-Value Active Customers,0.5261,-0.9374
15298,2,12,4799.9,399.99,1.0986122886681096,2.5649493574615367,8.476558679320053,5.99393648933976,1,High-Value Active Customers,3.0422,-0.5779
15299,67,7,4507.01,643.86,4.219507705176107,2.0794415416798357,8.413611093435822,6.4690332389725205,1,High-Value Active Customers,1.3809,1.1919
15300,64,1,496.44,496.44,4.174387269895637,0.6931471805599453,6.2094749463104435,6.2094749463104435,0,Low-Engagement / Lapsed Spenders,-0.9014,-0.1698
15301,51,12,5049.95,420.83,3.9512437185814275,2.5649493574615367,8.527331623389161,6.0446023892708345,1,High-Value Active Customers,1.9766,1.2489
15303,290,1,574.02,574.02,5.673323267171493,0.6931471805599453,6.354404822801145,6.354404822801145,0,Low-Engagement / Lapsed Spenders,-1.4053,0.8332
15304,61,8,694.4000000000001,86.8,4.127134385045092,2.1972245773362196,6.544487219573761,4.475061500641071,1,High-Value Active Customers,0.6365,0.4976
15306,64,3,1174.35,391.45,4.174387269895637,1.3862943611198906,7.069321254563527,5.972409140572823,0,Low-Engagement / Lapsed Spenders,0.1335,0.4085
15307,96,1,205.3,205.3,4.574710978503383,0.6931471805599453,5.329331420077207,5.329331420077207,0,Low-Engagement / Lapsed Spenders,-1.4716,-0.2366
15308,274,1,310.47,310.47,5.616771097666572,0.6931471805599453,5.741303025403381,5.741303025403381,0,Low-Engagement / Lapsed Spenders,-1.6744,0.5741
15311,1,91,60632.75,666.29,0.6931471805599453,4.5217885770490405,11.012606947722134,6.503224734033749,1,High-Value Active Customers,6.1703,0.8372
15312,75,4,924.85,231.21,4.330733340286331,1.6094379124341003,6.830712234483825,5.4476421346586,0,Low-Engagement / Lapsed Spenders,0.1626,0.5061
15313,110,1,52.0,52.0,4.709530201312334,0.6931471805599453,3.970291913552122,3.970291913552122,0,Low-Engagement / Lapsed Spenders,-2.1675,-0.6461
15314,199,1,327.97,327.97,5.298317366548036,0.6931471805599453,5.795966561197395,5.795966561197395,0,Low-Engagement / Lapsed Spenders,-1.5268,0.3921
15315,64,2,570.5,285.25,4.174387269895637,1.0986122886681096,6.348264483234865,5.65686555486845,0,Low-Engagement / Lapsed Spenders,-0.4687,0.0359
15316,327,1,165.0,165.0,5.793013608384144,0.6931471805599453,5.111987788356544,5.111987788356544,0,Low-Engagement / Lapsed Spenders,-2.0401,0.4566
15318,4,1,312.62,312.62,1.6094379124341003,0.6931471805599453,5.748182061952885,5.748182061952885,0,Low-Engagement / Lapsed Spenders,-0.1403,-1.9638
15319,284,1,204.5,204.5,5.652489180268651,0.6931471805599453,5.32544603393629,5.32544603393629,0,Low-Engagement / Lapsed Spenders,-1.8852,0.4453
15320,44,1,267.13,267.13,3.8066624897703196,0.6931471805599453,5.591471937527057,5.591471937527057,0,Low-Engagement / Lapsed Spenders,-1.0539,-0.628
15321,71,3,2748.31,916.1,4.276666119016055,1.3862943611198906,7.919105250086756,6.821216517564898,1,High-Value Active Customers,0.4974,0.7829
15322,86,1,679.68,679.68,4.465908118654584,0.6931471805599453,6.523092298503236,6.523092298503236,0,Low-Engagement / Lapsed Spenders,-0.864,0.1292
15325,104,1,161.74,161.74,4.653960350157523,0.6931471805599453,5.092153835268511,5.092153835268511,0,Low-Engagement / Lapsed Spenders,-1.6144,-0.2727
15326,334,1,311.71,311.71,5.814130531825066,0.6931471805599453,5.74527624348556,5.74527624348556,0,Low-Engagement / Lapsed Spenders,-1.7479,0.7006
15327,53,1,208.75,208.75,3.9889840465642745,0.6931471805599453,5.345916345347316,5.345916345347316,0,Low-Engagement / Lapsed Spenders,-1.24,-0.6018
15329,39,3,1049.7,349.9,3.6888794541139363,1.3862943611198906,6.957211887694729,5.860501282589169,0,Low-Engagement / Lapsed Spenders,0.2658,0.0599
15330,32,2,714.96,357.48,3.4965075614664802,1.0986122886681096,6.5736242994783,5.8818728704778875,0,Low-Engagement / Lapsed Spenders,-0.1029,-0.3118
15332,366,4,1661.06,415.26,5.905361848054571,1.6094379124341003,7.415813075846797,6.031310065030105,0,Low-Engagement / Lapsed Spenders,-0.1615,1.7174
15333,208,1,1028.56,1028.56,5.342334251964811,0.6931471805599453,6.936886805488385,6.936886805488385,0,Low-Engagement / Lapsed Spenders,-1.0026,0.8355
15334,157,3,350.82,116.94,5.062595033026967,1.3862943611198906,5.863119681170759,4.770176020572358,0,Low-Engagement / Lapsed Spenders,-0.7777,0.5323
15335,54,1,170.22,170.22,4.007333185232471,0.6931471805599453,5.142949279314339,5.142949279314339,0,Low-Engagement / Lapsed Spenders,-1.3433,-0.6641
15339,66,2,574.07,287.04,4.204692619390966,1.0986122886681096,6.354491772518179,5.663099359380666,0,Low-Engagement / Lapsed Spenders,-0.4773,0.0573
15341,81,1,2020.52,2020.52,4.406719247264253,0.6931471805599453,7.611604982675218,7.611604982675218,0,Low-Engagement / Lapsed Spenders,-0.3253,0.4882
15342,130,1,406.09,406.09,4.875197323201151,0.6931471805599453,6.0090342912180414,6.0090342912180414,0,Low-Engagement / Lapsed Spenders,-1.2641,0.2015
15343,87,1,364.5,364.5,4.477336814478207,0.6931471805599453,5.901266279189834,5.901266279189834,0,Low-Engagement / Lapsed Spenders,-1.1632,-0.09
15344,1,3,563.94,187.98,0.6931471805599453,1.3862943611198906,6.3367195308171205,5.24164118935448,1,High-Value Active Customers,1.116,-2.0652
15345,46,1,393.54,393.54,3.8501476017100584,0.6931471805599453,5.9777205293157225,5.9777205293157225,0,Low-Engagement / Lapsed Spenders,-0.8874,-0.4597
15346,333,1,252.42000000000002,252.42,5.8111409929767,0.6931471805599453,5.5350481913707625,5.5350481913707625,0,Low-Engagement / Lapsed Spenders,-1.8464,0.6222
15347,366,1,201.60000000000002,201.6,5.905361848054571,0.6931471805599453,5.311233591814583,5.311233591814583,0,Low-Engagement / Lapsed Spenders,-1.9885,0.6004
15348,72,1,158.04,158.04,4.290459441148391,0.6931471805599453,5.069155742908264,5.069155742908264,0,Low-Engagement / Lapsed Spenders,-1.4864,-0.5115
15349,158,2,463.90999999999997,231.96,5.0689042022202315,1.0986122886681096,6.141843838467353,5.450866765008321,0,Low-Engagement / Lapsed Spenders,-0.9083,0.5278
15350,373,1,115.65,115.65,5.924255797414532,0.6931471805599453,4.759177998467439,4.759177998467439,0,Low-Engagement / Lapsed Spenders,-2.2575,0.4113
15351,12,7,1934.66,276.38,2.5649493574615367,2.0794415416798357,7.568203632578843,5.625388407228189,1,High-Value Active Customers,1.6121,-0.1649
15353,255,2,770.12,385.06,5.545177444479562,1.0986122886681096,6.647844003475713,5.95599279779973,0,Low-Engagement / Lapsed Spenders,-0.8503,1.014
15355,29,2,277.05,138.52,3.4011973816621555,1.0986122886681096,5.627800953633573,4.938207960160669,0,Low-Engagement / Lapsed Spenders,-0.5149,-0.7167
15356,31,10,2718.03,271.8,3.4657359027997265,2.3978952727983707,7.908030478039789,5.608738925969307,1,High-Value Active Customers,1.7173,0.6517
15358,5,22,8347.2,379.42,1.791759469228055,3.1354942159291497,9.029801225744318,5.941275905524695,1,High-Value Active Customers,3.556,0.2812
15360,40,1,427.93,427.93,3.713572066704308,0.6931471805599453,6.061293735451147,6.061293735451147,0,Low-Engagement / Lapsed Spenders,-0.7956,-0.5159
15361,362,1,418.92,418.92,5.8944028342648505,0.6931471805599453,6.040064216944044,6.040064216944044,0,Low-Engagement / Lapsed Spenders,-1.6388,0.8589
15363,373,1,326.0,326.0,5.924255797414532,0.6931471805599453,5.7899601708972535,5.7899601708972535,0,Low-Engagement / Lapsed Spenders,-1.7687,0.7867
15364,96,2,913.19,456.6,4.574710978503383,1.0986122886681096,6.818038427312331,6.125995440065588,0,Low-Engagement / Lapsed Spenders,-0.3989,0.4607
15365,26,7,2314.32,330.62,3.295836866004329,2.0794415416798357,7.74730318590928,5.803989735073227,1,High-Value Active Customers,1.4178,0.3636
15366,75,2,602.51,301.26,4.330733340286331,1.0986122886681096,6.40276261040859,5.711287574141974,0,Low-Engagement / Lapsed Spenders,-0.5026,0.1548
15367,57,4,1877.59,469.4,4.060443010546419,1.6094379124341003,7.538276774433291,6.153583396584417,1,High-Value Active Customers,0.6013,0.5924
15368,21,1,446.94000000000005,446.94,3.091042453358316,0.6931471805599453,6.104659294874325,6.104659294874325,0,Low-Engagement / Lapsed Spenders,-0.5372,-0.8947
15370,41,7,2386.05,340.86,3.7376696182833684,2.0794415416798357,7.77781357291459,5.834401296528122,1,High-Value Active Customers,1.2635,0.6548
15372,137,1,2007.3999999999999,2007.4,4.927253685157205,0.6931471805599453,7.605093664160551,7.605093664160551,0,Low-Engagement / Lapsed Spenders,-0.5272,0.8158
15373,8,12,2415.91,201.33,2.1972245773362196,2.5649493574615367,7.79024514376692,5.3099000277911035,1,High-Value Active Customers,2.2971,-0.1315
15374,129,1,168.0,168.0,4.867534450455582,0.6931471805599453,5.1298987149230735,5.1298987149230735,0,Low-Engagement / Lapsed Spenders,-1.6781,-0.1236
15376,40,3,1221.56,407.19,3.713572066704308,1.3862943611198906,7.108702299899257,6.01173275228047,1,High-Value Active Customers,0.3282,0.1307
15379,169,7,3703.29,529.04,5.135798437050262,2.0794415416798357,8.217246886437776,6.272952475396435,1,High-Value Active Customers,0.9378,1.7012
15380,9,5,1690.2600000000002,338.05,2.302585092994046,1.791759469228055,7.433229092253918,5.826147589129851,1,High-Value Active Customers,1.388,-0.4904
15381,214,2,596.85,298.42,5.3706380281276624,1.0986122886681096,6.393339886365589,5.70184727002169,0,Low-Engagement / Lapsed Spenders,-0.9043,0.8106
15382,15,6,5955.71,992.62,2.772588722239781,1.9459101490553132,8.692273594221074,6.901354839801109,1,High-Value Active Customers,1.9449,0.325
15384,170,2,642.41,321.2,5.14166355650266,1.0986122886681096,6.46678215711498,5.7751724707428735,0,Low-Engagement / Lapsed Spenders,-0.782,0.6922
15385,40,1,316.88,316.88,3.713572066704308,0.6931471805599453,5.761673953071979,5.761673953071979,0,Low-Engagement / Lapsed Spenders,-0.9377,-0.625
15386,186,1,394.14,394.14,5.231108616854587,0.6931471805599453,5.979240132485259,5.979240132485259,0,Low-Engagement / Lapsed Spenders,-1.4142,0.4163
15388,270,1,140.54,140.54,5.602118820879701,0.6931471805599453,4.952582362647639,4.952582362647639,0,Low-Engagement / Lapsed Spenders,-2.0427,0.2775
15389,172,1,500.0,500.0,5.153291594497779,0.6931471805599453,6.2166061010848646,6.2166061010848646,0,Low-Engagement / Lapsed Spenders,-1.2719,0.4534
15392,5,4,1535.53,383.88,1.791759469228055,1.6094379124341003,7.337281906274171,5.952931597391198,1,High-Value Active Customers,1.3726,-0.919
15393,16,2,231.86,115.93,2.833213344056216,1.0986122886681096,5.45043741460887,4.7615754651522275,0,Low-Engagement / Lapsed Spenders,-0.3821,-1.1413
15394,10,4,2183.54,545.88,2.3978952727983707,1.6094379124341003,7.6891605590501255,6.304229399927226,1,High-Value Active Customers,1.3079,-0.4066
15395,326,1,107.45,107.45,5.7899601708972535,0.6931471805599453,4.6862892372728835,4.6862892372728835,0,Low-Engagement / Lapsed Spenders,-2.2408,0.2996
15396,113,1,288.18,288.18,4.736198448394496,0.6931471805599453,5.66704933159998,5.66704933159998,0,Low-Engagement / Lapsed Spenders,-1.3732,-0.0112
15397,290,1,94.0,94.0,5.673323267171493,0.6931471805599453,4.553876891600541,4.553876891600541,0,Low-Engagement / Lapsed Spenders,-2.259,0.1775
15398,16,2,1345.53,672.76,2.833213344056216,1.0986122886681096,7.2052861919886055,6.512873964413617,1,High-Value Active Customers,0.45,-0.5022
15399,1,3,815.77,271.92,0.6931471805599453,1.3862943611198906,6.705357537478585,5.609178711947223,1,High-Value Active Customers,1.2908,-1.9309
15400,92,5,716.2,143.24,4.532599493153256,1.791759469228055,6.575354741730978,4.971478578895062,0,Low-Engagement / Lapsed Spenders,0.1294,0.6108
15402,149,2,626.77,313.38,5.0106352940962555,1.0986122886681096,6.4421738573469876,5.750602445300092,0,Low-Engagement / Lapsed Spenders,-0.7436,0.6002
15405,189,1,349.1,349.1,5.247024072160486,0.6931471805599453,5.85821882796062,5.85821882796062,0,Low-Engagement / Lapsed Spenders,-1.4777,0.3823
15406,31,2,510.71000000000004,255.36,3.4657359027997265,1.0986122886681096,6.237758058320892,5.546582706636026,0,Low-Engagement / Lapsed Spenders,-0.2504,-0.4536
15407,34,4,1046.74,261.68,3.5553480614894135,1.6094379124341003,6.954390742498122,5.570936561322772,1,High-Value Active Customers,0.5174,0.0596
15408,264,1,267.18,267.18,5.579729825986222,0.6931471805599453,5.591658396851496,5.591658396851496,0,Low-Engagement / Lapsed Spenders,-1.7312,0.4961
15410,84,8,3450.84,431.36,4.442651256490317,2.1972245773362196,8.146662701187065,6.0692585745480025,1,High-Value Active Customers,1.2756,1.2812
15411,26,4,1348.93,337.23,3.295836866004329,1.6094379124341003,7.207808018236269,5.82372613743877,1,High-Value Active Customers,0.7367,-0.0126
15412,171,1,190.53,190.53,5.147494476813453,0.6931471805599453,5.25504445431457,5.25504445431457,0,Low-Engagement / Lapsed Spenders,-1.7257,0.0995
15414,10,3,774.9000000000001,258.3,2.3978952727983707,1.3862943611198906,6.654023645899904,5.5579856925446185,1,High-Value Active Customers,0.6152,-0.8689
15415,313,1,559.61,559.61,5.749392985908253,0.6931471805599453,6.329025476602274,6.329025476602274,0,Low-Engagement / Lapsed Spenders,-1.4463,0.8722
15416,65,4,3984.32,996.08,4.189654742026425,1.6094379124341003,8.290372889129587,6.904831007464891,1,High-Value Active Customers,0.9086,0.9483
15417,85,1,508.8,508.8,4.454347296253507,0.6931471805599453,6.234018491942015,6.234018491942015,0,Low-Engagement / Lapsed Spenders,-0.9967,0.0166
15419,25,1,135.86,135.86,3.258096538021482,0.6931471805599453,4.918958505524352,4.918958505524352,0,Low-Engagement / Lapsed Spenders,-1.1633,-1.2207
15421,59,4,950.36,237.59,4.0943445622221,1.6094379124341003,6.857892539809733,5.474746597637154,0,Low-Engagement / Lapsed Spenders,0.2658,0.3661
15422,323,2,97.7,48.85,5.780743515792329,1.0986122886681096,4.592084946439436,3.9090184964078474,0,Low-Engagement / Lapsed Spenders,-1.915,0.4146
15423,38,1,43.5,43.5,3.6635616461296463,0.6931471805599453,3.7954891891721947,3.7954891891721947,0,Low-Engagement / Lapsed Spenders,-1.8509,-1.3728
15424,254,2,383.34,191.67,5.541263545158426,1.0986122886681096,5.951527577504281,5.260978880892669,0,Low-Engagement / Lapsed Spenders,-1.1789,0.7579
15426,19,5,1404.07,280.81,2.995732273553991,1.791759469228055,7.247842402590825,5.641233084995358,1,High-Value Active Customers,1.0353,-0.1186
15427,33,3,1430.54,476.85,3.5263605246161616,1.3862943611198906,7.266506066865208,6.169296875712189,1,High-Value Active Customers,0.4746,0.0695
15428,15,1,93.78,93.78,2.772588722239781,0.6931471805599453,4.551558416539442,4.551558416539442,0,Low-Engagement / Lapsed Spenders,-1.152,-1.6623
15429,27,2,397.35,198.68,3.332204510175204,1.0986122886681096,5.987331015826375,5.296716085181063,0,Low-Engagement / Lapsed Spenders,-0.3181,-0.6295
15432,23,1,171.19,171.19,3.1780538303479458,0.6931471805599453,5.148598518298094,5.148598518298094,0,Low-Engagement / Lapsed Spenders,-1.0238,-1.1878
15433,214,2,533.3,266.65,5.3706380281276624,1.0986122886681096,6.2809574789637255,5.58968015683939,0,Low-Engagement / Lapsed Spenders,-0.9576,0.7697
15434,8,5,1041.48,208.3,2.1972245773362196,1.791759469228055,6.94935776883665,5.343768629451954,1,High-Value Active Customers,1.1988,-0.7335
15435,22,1,149.29,149.29,3.1354942159291497,0.6931471805599453,5.012566760946003,5.012566760946003,0,Low-Engagement / Lapsed Spenders,-1.072,-1.2643
15436,12,3,1067.75,355.92,2.5649493574615367,1.3862943611198906,6.97424502025097,5.877511667031951,1,High-Value Active Customers,0.7032,-0.6464
15437,262,1,200.16,200.16,5.572154032177765,0.6931471805599453,5.304100611303764,5.304100611303764,0,Low-Engagement / Lapsed Spenders,-1.8646,0.3866
15438,131,1,156.57999999999998,156.58,4.882801922586371,0.6931471805599453,5.059933265817542,5.059933265817542,0,Low-Engagement / Lapsed Spenders,-1.7171,-0.1394
15440,55,3,383.68,127.89,4.02535169073515,1.3862943611198906,5.952411819844281,4.858959327416688,0,Low-Engagement / Lapsed Spenders,-0.3391,-0.0927
15442,249,1,594.0,594.0,5.521460917862246,0.6931471805599453,6.38856140554563,6.38856140554563,0,Low-Engagement / Lapsed Spenders,-1.331,0.7494
15443,2,7,3213.59,459.08,1.0986122886681096,2.0794415416798357,8.075455101323259,6.131400387405499,1,High-Value Active Customers,2.4127,-0.9097
15444,9,2,1411.21,705.6,2.302585092994046,1.0986122886681096,7.252911132207154,6.560464734925045,1,High-Value Active Customers,0.6753,-0.8213
15445,264,1,113.5,113.5,5.579729825986222,0.6931471805599453,4.740574822994295,4.740574822994295,0,Low-Engagement / Lapsed Spenders,-2.1347,0.1861
15447,331,1,155.17,155.17,5.805134968916488,0.6931471805599453,5.050945157499754,5.050945157499754,0,Low-Engagement / Lapsed Spenders,-2.0737,0.4421
15448,313,1,494.64,494.64,5.749392985908253,0.6931471805599453,6.2058498567482925,6.2058498567482925,0,Low-Engagement / Lapsed Spenders,-1.5048,0.8274
15449,26,3,974.52,324.84,3.295836866004329,1.3862943611198906,6.882970662159506,5.786406463340157,1,High-Value Active Customers,0.3808,-0.2163
15450,30,1,429.84,429.84,3.4339872044851463,0.6931471805599453,6.0657367914825695,6.0657367914825695,0,Low-Engagement / Lapsed Spenders,-0.6867,-0.6915
15452,30,3,528.48,176.16,3.4339872044851463,1.3862943611198906,6.27189539284557,5.177053279054998,0,Low-Engagement / Lapsed Spenders,0.0382,-0.3513
15453,2,7,1371.77,195.97,1.0986122886681096,2.0794415416798357,7.224585875348061,5.2830514328776035,1,High-Value Active Customers,2.0093,-1.2196
15454,362,1,179.1,179.1,5.8944028342648505,0.6931471805599453,5.19351225218191,5.19351225218191,0,Low-Engagement / Lapsed Spenders,-2.0402,0.5506
15456,283,3,434.59000000000003,144.86,5.648974238161206,1.3862943611198906,6.076701433954154,4.982647257556087,0,Low-Engagement / Lapsed Spenders,-0.9004,0.9818
15457,262,1,237.07,237.07,5.572154032177765,0.6931471805599453,5.472564748074418,5.472564748074418,0,Low-Engagement / Lapsed Spenders,-1.7847,0.4479
15458,25,1,161.64,161.64,3.258096538021482,0.6931471805599453,5.091539169320091,5.091539169320091,0,Low-Engagement / Lapsed Spenders,-1.0814,-1.1578
15460,354,1,214.26,214.26,5.872117789475416,0.6931471805599453,5.371846599836152,5.371846599836152,0,Low-Engagement / Lapsed Spenders,-1.9471,0.6014
15462,94,3,234.6,78.2,4.553876891600541,1.3862943611198906,5.462135451777431,4.37197629882038,0,Low-Engagement / Lapsed Spenders,-0.7735,0.0637
15463,29,1,126.14,126.14,3.4011973816621555,0.6931471805599453,4.845288841508263,4.845288841508263,0,Low-Engagement / Lapsed Spenders,-1.2529,-1.1568
15464,338,1,1044.65,1044.65,5.82600010738045,0.6931471805599453,6.952393980600518,6.952393980600518,0,Low-Engagement / Lapsed Spenders,-1.18,1.1478
15465,20,18,7354.62,408.59,3.044522437723423,2.9444389791664403,8.903219925879805,6.01515665936477,1,High-Value Active Customers,2.8446,0.9562
15466,85,1,334.53,334.53,4.454347296253507,0.6931471805599453,5.815711371192059,5.815711371192059,0,Low-Engagement / Lapsed Spenders,-1.195,-0.1357
15467,9,3,524.88,174.96,2.302585092994046,1.3862943611198906,6.265073049828404,5.170256696480519,1,High-Value Active Customers,0.4672,-1.071
15468,51,2,467.51,233.76,3.9512437185814275,1.0986122886681096,6.149557446167864,5.458563715690134,0,Low-Engagement / Lapsed Spenders,-0.4777,-0.178
15469,50,2,538.55,269.27,3.9318256327243257,1.0986122886681096,6.290735458809743,5.599421459331459,0,Low-Engagement / Lapsed Spenders,-0.4033,-0.1389
15471,2,1,454.48,454.48,1.0986122886681096,0.6931471805599453,6.121351807942404,6.121351807942404,0,Low-Engagement / Lapsed Spenders,0.2318,-2.1517
15472,113,1,371.56,371.56,4.736198448394496,0.6931471805599453,5.920398098674122,5.920398098674122,0,Low-Engagement / Lapsed Spenders,-1.2531,0.0811
15473,14,7,1771.2,253.03,2.70805020110221,2.0794415416798357,7.479976991613202,5.537452370280293,1,High-Value Active Customers,1.5156,-0.1063
15475,77,1,454.10999999999996,454.11,4.356708826689592,0.6931471805599453,6.120539147973894,6.120539147973894,0,Low-Engagement / Lapsed Spenders,-1.0132,-0.0866
15478,40,2,1399.92,699.96,3.713572066704308,1.0986122886681096,7.244884442636672,6.5524508240655885,0,Low-Engagement / Lapsed Spenders,0.1325,0.0703
15480,116,1,905.5,905.5,4.762173934797756,0.6931471805599453,6.809591030194905,6.809591030194905,0,Low-Engagement / Lapsed Spenders,-0.8414,0.4214
15482,16,12,10879.76,906.65,2.833213344056216,2.5649493574615367,9.294751370911507,6.81085884173644,1,High-Value Active Customers,2.7676,0.8197
15483,161,4,225.26,56.32,5.087596335232384,1.6094379124341003,5.421684780498321,4.048649602959971,0,Low-Engagement / Lapsed Spenders,-0.7946,0.4727
15484,1,4,3590.41,897.6,0.6931471805599453,1.6094379124341003,8.186300162033392,6.8008379966360595,1,High-Value Active Customers,2.1949,-1.3062
15485,30,3,2564.5,854.83,3.4339872044851463,1.3862943611198906,7.849908670382019,6.752071758287681,1,High-Value Active Customers,0.7865,0.2234
15488,93,1,91.32000000000001,91.32,4.543294782270004,0.6931471805599453,4.52526080275979,4.52526080275979,0,Low-Engagement / Lapsed Spenders,-1.8409,-0.5493
15489,23,3,1134.28,378.09,3.1780538303479458,1.3862943611198906,7.034634595526282,5.937773643910067,1,High-Value Active Customers,0.4977,-0.2357
15491,95,6,3100.09,516.68,4.564348191467836,1.9459101490553132,8.039508941575132,6.2493572907490105,1,High-Value Active Customers,0.9509,1.2231
15492,28,2,659.4599999999999,329.73,3.367295829986474,1.0986122886681096,6.492936561946857,5.801302332534867,0,Low-Engagement / Lapsed Spenders,-0.0918,-0.4231
15493,33,5,1953.41,390.68,3.5263605246161616,1.791759469228055,7.577843636590285,5.970445179883907,1,High-Value Active Customers,0.9891,0.338
15494,21,2,1280.58,640.29,3.091042453358316,1.0986122886681096,7.155848970699195,6.463481772707183,1,High-Value Active Customers,0.3281,-0.3568
15497,18,2,1262.2,631.1,2.9444389791664403,1.0986122886681096,7.141403462941432,6.449047609478253,1,High-Value Active Customers,0.3772,-0.455
15498,3,27,13316.4,493.2,1.3862943611198906,3.332204510175204,9.496826729846124,6.2029402935545095,1,High-Value Active Customers,4.1104,0.2695
15500,8,4,1131.56,282.89,2.1972245773362196,1.6094379124341003,7.032235836086242,5.648586839188251,1,High-Value Active Customers,1.0731,-0.773
15502,16,12,10384.93,865.41,2.833213344056216,2.5649493574615367,9.248207284539456,6.7643582376330995,1,High-Value Active Customers,2.7455,0.8027
15503,363,1,141.04,141.04,5.8971538676367405,0.6931471805599453,4.956108708074887,4.956108708074887,0,Low-Engagement / Lapsed Spenders,-2.1538,0.4659
15504,81,1,52.83,52.83,4.406719247264253,0.6931471805599453,3.985830932572866,3.985830932572866,0,Low-Engagement / Lapsed Spenders,-2.0445,-0.8324
15505,53,5,3610.96,722.19,3.9889840465642745,1.791759469228055,8.192005840278435,6.583671981548739,1,High-Value Active Customers,1.1036,0.855
15506,23,3,972.08,324.03,3.1780538303479458,1.3862943611198906,6.880466298744467,5.783917485761952,1,High-Value Active Customers,0.4246,-0.2919
15507,172,1,475.86,475.86,5.153291594497779,0.6931471805599453,6.167222946760261,6.167222946760261,0,Low-Engagement / Lapsed Spenders,-1.2954,0.4354
15508,189,6,1000.27,166.71,5.247024072160486,1.9459101490553132,6.909024473214282,5.1222362973435365,0,Low-Engagement / Lapsed Spenders,0.1541,1.2442
15510,331,1,250.0,250.0,5.805134968916488,0.6931471805599453,5.5254529391317835,5.5254529391317835,0,Low-Engagement / Lapsed Spenders,-1.8487,0.6149
15511,12,5,900.53,180.11,2.5649493574615367,1.791759469228055,6.804093319959892,5.199104581476445,1,High-Value Active Customers,0.9895,-0.5533
15512,156,2,121.0,60.5,5.056245805348308,1.0986122886681096,4.804021044733257,4.119037174812473,0,Low-Engagement / Lapsed Spenders,-1.5378,0.0325
15513,33,19,14758.220000000001,776.75,3.5263605246161616,2.995732273553991,9.599623251229634,6.656405135777747,1,High-Value Active Customers,3.0371,1.5349
15514,12,11,4023.7200000000003,365.79,2.5649493574615367,2.4849066497880004,8.3002106222155,5.90478947719715,1,High-Value Active Customers,2.326,0.2568
15516,45,3,62.43,20.81,3.828641396489095,1.3862943611198906,4.149936935645806,3.0823685802135374,0,Low-Engagement / Lapsed Spenders,-1.1186,-0.8739
15517,233,1,267.03,267.03,5.455321115357702,0.6931471805599453,5.591098914544516,5.591098914544516,0,Low-Engagement / Lapsed Spenders,-1.6839,0.417
15518,64,8,1921.55,240.19,4.174387269895637,2.1972245773362196,7.561407708843943,5.48558500462375,1,High-Value Active Customers,1.1006,0.8979
15520,2,1,343.5,343.5,1.0986122886681096,0.6931471805599453,5.842094090453713,5.842094090453713,0,Low-Engagement / Lapsed Spenders,0.0994,-2.2534
15521,40,8,3000.2,375.02,3.713572066704308,2.1972245773362196,8.006767487671574,5.929642333464639,1,High-Value Active Customers,1.4878,0.768
15522,33,2,397.99,199.0,3.5263605246161616,1.0986122886681096,5.988936353919148,5.298317366548036,0,Low-Engagement / Lapsed Spenders,-0.3915,-0.5058
15523,84,1,412.01000000000005,412.01,4.442651256490317,0.6931471805599453,6.023471805742962,6.023471805742961,0,Low-Engagement / Lapsed Spenders,-1.0921,-0.0675
15524,25,1,440.0,440.0,3.258096538021482,0.6931471805599453,6.089044875446846,6.089044875446846,0,Low-Engagement / Lapsed Spenders,-0.6085,-0.7945
15525,2,3,734.37,244.79,1.0986122886681096,1.3862943611198906,6.600373773909423,5.504477512821833,1,High-Value Active Customers,1.0861,-1.7121
15526,33,2,148.44,74.22,3.5263605246161616,1.0986122886681096,5.006894974480533,4.32041715304219,0,Low-Engagement / Lapsed Spenders,-0.8572,-0.8635
15527,19,8,2428.53,303.57,2.995732273553991,2.1972245773362196,7.7954531019895175,5.718900945787902,1,High-Value Active Customers,1.6618,0.236
15528,254,1,229.33,229.33,5.541263545158426,0.6931471805599453,5.4395130632148145,5.4395130632148145,0,Low-Engagement / Lapsed Spenders,-1.7886,0.4163
15529,23,11,3962.6,360.24,3.1780538303479458,2.4849066497880004,8.284907982184745,5.889542557382598,1,High-Value Active Customers,2.0846,0.6399
15530,22,4,1497.31,374.33,3.1354942159291497,1.6094379124341003,7.3120930852576205,5.927805638997418,1,High-Value Active Customers,0.8474,-0.0763
15531,8,2,1972.39,986.2,2.1972245773362196,1.0986122886681096,7.587508155013856,6.894872653151124,1,High-Value Active Customers,0.8742,-0.7662
15532,25,4,1564.73,391.18,3.258096538021482,1.6094379124341003,7.356107447892678,5.97172091807137,1,High-Value Active Customers,0.8214,0.0175
15533,19,3,807.57,269.19,2.995732273553991,1.3862943611198906,6.695267255355902,5.599125415218723,1,High-Value Active Customers,0.4064,-0.4749
15535,173,4,502.9,125.72,5.159055299214529,1.6094379124341003,6.222377835686553,4.841979928066116,0,Low-Engagement / Lapsed Spenders,-0.4423,0.8096
15537,163,1,110.92,110.92,5.099866427824199,0.6931471805599453,4.717784330357226,4.717784330357226,0,Low-Engagement / Lapsed Spenders,-1.9622,-0.1264
15539,7,1,538.46,538.46,2.0794415416798357,0.6931471805599453,6.290568639224737,6.290568639224737,0,Low-Engagement / Lapsed Spenders,-0.0627,-1.4683
15540,11,1,213.3,213.3,2.4849066497880004,0.6931471805599453,5.367376902479531,5.367376902479531,0,Low-Engagement / Lapsed Spenders,-0.6553,-1.5475
15541,114,1,85.13000000000001,85.13,4.74493212836325,0.6931471805599453,4.455857782801083,4.455857782801083,0,Low-Engagement / Lapsed Spenders,-1.9508,-0.4468
15543,288,1,127.86,127.86,5.666426688112432,0.6931471805599453,4.858726543710496,4.858726543710496,0,Low-Engagement / Lapsed Spenders,-2.1118,0.2841
15544,9,9,3546.71,394.08,2.302585092994046,2.302585092994046,8.174057603899483,5.979088276039927,1,High-Value Active Customers,2.2015,-0.0252
15545,54,2,288.96999999999997,144.48,4.007333185232471,1.0986122886681096,5.669777469353516,4.980038620118788,0,Low-Engagement / Lapsed Spenders,-0.7266,-0.3171
15547,7,14,4910.6,350.76,2.0794415416798357,2.70805020110221,8.499355033286358,5.8629491248725545,1,High-Value Active Customers,2.8078,0.1069
15549,77,3,1681.46,560.49,4.356708826689592,1.3862943611198906,7.428012287090657,6.330593964580905,0,Low-Engagement / Lapsed Spenders,0.2339,0.6547
15550,4,4,575.63,143.91,1.6094379124341003,1.6094379124341003,6.357200812987149,4.976112860057833,1,High-Value Active Customers,0.9776,-1.3915
15551,37,1,436.06,436.06,3.6375861597263857,0.6931471805599453,6.080070485442007,6.080070485442007,0,Low-Engagement / Lapsed Spenders,-0.7577,-0.5572
15552,217,1,90.12,90.12,5.384495062789089,0.6931471805599453,4.512177319138926,4.512177319138926,0,Low-Engagement / Lapsed Spenders,-2.1684,-0.0208
15553,60,1,428.93,428.93,4.110873864173311,0.6931471805599453,6.06362240473809,6.06362240473809,0,Low-Engagement / Lapsed Spenders,-0.9463,-0.2632
15554,278,1,217.2,217.2,5.631211781821365,0.6931471805599453,5.38541207339897,5.38541207339897,0,Low-Engagement / Lapsed Spenders,-1.8486,0.4536
15555,12,16,4794.86,299.68,2.5649493574615367,2.833213344056216,8.475508324728846,5.7060465763092685,1,High-Value Active Customers,2.7243,0.4539
15556,24,1,279.77,279.77,3.2188758248682006,0.6931471805599453,5.637535828837275,5.637535828837275,0,Low-Engagement / Lapsed Spenders,-0.8076,-0.9838
15557,29,1,468.91,468.91,3.4011973816621555,0.6931471805599453,6.152541187005974,6.152541187005974,0,Low-Engagement / Lapsed Spenders,-0.633,-0.6807
15561,12,4,800.59,200.15,2.5649493574615367,1.6094379124341003,6.686597255202886,5.304050898395797,1,High-Value Active Customers,0.7688,-0.6658
15562,352,1,134.55,134.55,5.8664680569332965,0.6931471805599453,4.909340575944674,4.909340575944674,0,Low-Engagement / Lapsed Spenders,-2.1642,0.4294
15563,22,4,1400.44,350.11,3.1354942159291497,1.6094379124341003,7.245255558414779,5.861099564682769,1,High-Value Active Customers,0.8157,-0.1006
15565,50,2,173.16,86.58,3.9318256327243257,1.0986122886681096,5.159974416926292,4.4725526613732525,0,Low-Engagement / Lapsed Spenders,-0.9395,-0.5507
15567,19,1,186.01,186.01,2.995732273553991,0.6931471805599453,5.231162091360629,5.231162091360629,0,Low-Engagement / Lapsed Spenders,-0.915,-1.2733
15568,3,3,758.29,252.76,1.3862943611198906,1.3862943611198906,6.6323837861074395,5.536388938446483,1,High-Value Active Customers,0.9914,-1.5181
15569,104,5,1375.71,275.14,4.653960350157523,1.791759469228055,7.227451873789157,5.6209079834880065,1,High-Value Active Customers,0.3922,0.9252
15570,7,12,4148.82,345.73,2.0794415416798357,2.5649493574615367,8.33082023879011,5.848546379088794,1,High-Value Active Customers,2.5984,-0.0092
15571,12,4,650.4300000000001,162.61,2.5649493574615367,1.6094379124341003,6.47916994643317,5.097485546994985,1,High-Value Active Customers,0.6704,-0.7413
15572,5,7,2533.42,361.92,1.791759469228055,2.0794415416798357,7.837720093003111,5.8941824243014285,1,High-Value Active Customers,2.0352,-0.5569
15573,32,2,591.1899999999999,295.59,3.4965075614664802,1.0986122886681096,6.383827529337818,5.692350713693781,0,Low-Engagement / Lapsed Spenders,-0.1929,-0.3809
15574,178,4,675.64,168.91,5.187385805840755,1.6094379124341003,6.517139373724178,5.135268885097667,0,Low-Engagement / Lapsed Spenders,-0.3134,0.9349
15576,38,1,921.37,921.37,3.6635616461296463,0.6931471805599453,6.826946444575113,6.826946444575113,0,Low-Engagement / Lapsed Spenders,-0.4135,-0.2687
15577,151,3,258.88,86.29,5.0238805208462765,1.3862943611198906,5.5602199860123305,4.469235908747258,0,Low-Engagement / Lapsed Spenders,-0.9065,0.3974
15578,162,1,127.1,127.1,5.093750200806762,0.6931471805599453,4.852811208902689,4.852811208902689,0,Low-Engagement / Lapsed Spenders,-1.8958,-0.0811
15579,69,2,327.6,163.8,4.248495242049359,1.0986122886681096,5.794841205603168,5.1047326174753715,0,Low-Engagement / Lapsed Spenders,-0.7594,-0.1187
15581,121,13,3675.77,282.75,4.804021044733257,2.639057329615259,8.20978992835222,5.648093568795613,1,High-Value Active Customers,1.5673,1.7022
15582,25,3,682.9100000000001,227.64,3.258096538021482,1.3862943611198906,6.527826330017913,5.432148714181557,0,Low-Engagement / Lapsed Spenders,0.2268,-0.3696
15584,24,4,720.86,180.22,3.2188758248682006,1.6094379124341003,6.581831214273488,5.199711762793915,1,High-Value Active Customers,0.4693,-0.2894
15585,177,1,455.3,455.3,5.181783550292085,0.6931471805599453,6.123150487933357,6.123150487933357,0,Low-Engagement / Lapsed Spenders,-1.3271,0.4374
15587,50,4,913.6800000000001,228.42,3.9318256327243257,1.6094379124341003,6.818574277330894,5.435554384853122,1,High-Value Active Customers,0.3092,0.2488
15589,256,3,478.53000000000003,159.51,5.54907608489522,1.3862943611198906,6.172806457538428,5.078356245925126,0,Low-Engagement / Lapsed Spenders,-0.8167,0.9535
15592,47,1,388.58,388.58,3.8712010109078907,0.6931471805599453,5.965069235748451,5.965069235748451,0,Low-Engagement / Lapsed Spenders,-0.9015,-0.451
15593,71,1,199.8,199.8,4.276666119016055,0.6931471805599453,5.302309387817574,5.302309387817574,0,Low-Engagement / Lapsed Spenders,-1.3706,-0.4353
15594,16,5,1771.78,354.36,2.833213344056216,1.791759469228055,7.48030421490088,5.873131360146117,1,High-Value Active Customers,1.2076,-0.1369
15596,101,5,1406.59,281.32,4.624972813284271,1.791759469228055,7.249634301131203,5.643041179367015,1,High-Value Active Customers,0.4138,0.9149
15597,35,1,324.57,324.57,3.58351893845611,0.6931471805599453,5.785577492291319,5.785577492291319,0,Low-Engagement / Lapsed Spenders,-0.8767,-0.6987
15598,53,1,240.68,240.68,3.9889840465642745,0.6931471805599453,5.487614537078416,5.487614537078416,0,Low-Engagement / Lapsed Spenders,-1.1728,-0.5502
15599,27,2,761.74,380.87,3.332204510175204,1.0986122886681096,6.636917213055248,5.945080236550453,0,Low-Engagement / Lapsed Spenders,-0.0101,-0.3929
15601,11,14,6776.56,484.04,2.4849066497880004,2.70805020110221,8.821372434155471,6.184231361763476,1,High-Value Active Customers,2.8056,0.4812
15602,8,9,1297.8700000000001,144.21,2.1972245773362196,2.302585092994046,7.16924993468027,4.978180970542646,1,High-Value Active Customers,1.7653,-0.458
15603,79,1,48.480000000000004,48.48,4.382026634673881,0.6931471805599453,3.9015685475242874,3.901568547524287,0,Low-Engagement / Lapsed Spenders,-2.075,-0.8787
15604,52,1,216.39,216.39,3.970291913552122,0.6931471805599453,5.381692975469088,5.381692975469088,0,Low-Engagement / Lapsed Spenders,-1.2159,-0.6006
15605,36,5,1198.23,239.65,3.6109179126442243,1.791759469228055,7.089434963153261,5.483343595749118,1,High-Value Active Customers,0.7252,0.2137
15606,61,9,2920.16,324.46,4.127134385045092,2.302585092994046,7.9797360766493295,5.785239566232468,1,High-Value Active Customers,1.4124,1.0606
15607,337,1,104.76,104.76,5.823045895483019,0.6931471805599453,4.6611723761033765,4.6611723761033765,0,Low-Engagement / Lapsed Spenders,-2.2653,0.3115
15608,28,4,1093.68,273.42,3.367295829986474,1.6094379124341003,6.998217362097996,5.614659779493029,1,High-Value Active Customers,0.61,-0.0437
15609,184,1,298.48,298.48,5.220355825078325,0.6931471805599453,5.702047637362485,5.702047637362485,0,Low-Engagement / Lapsed Spenders,-1.5415,0.3085
15610,52,1,112.46000000000001,112.46,3.970291913552122,0.6931471805599453,4.731450351898421,4.731450351898421,0,Low-Engagement / Lapsed Spenders,-1.5242,-0.8375
15611,10,13,1591.45,122.42,2.3978952727983707,2.639057329615259,7.373028989779162,4.815593172892921,1,High-Value Active Customers,2.0897,-0.1278
15612,36,2,195.15,97.58,3.6109179126442243,1.0986122886681096,5.278879672655561,4.590868401277231,0,Low-Engagement / Lapsed Spenders,-0.7605,-0.7108
15615,10,23,10399.74,452.16,2.3978952727983707,3.1780538303479458,9.249632236444302,6.116245264005288,1,High-Value Active Customers,3.4672,0.7618
15618,33,4,776.851,194.21,3.5263605246161616,1.6094379124341003,6.656534989127213,5.274075902175002,1,High-Value Active Customers,0.3873,-0.0673
15619,11,1,336.40000000000003,336.4,2.4849066497880004,0.6931471805599453,5.821269170111868,5.821269170111868,0,Low-Engagement / Lapsed Spenders,-0.4401,-1.3822
15620,57,3,1553.18,517.73,4.060443010546419,1.3862943611198906,7.348703354335633,6.2513835165848075,1,High-Value Active Customers,0.3095,0.438
15621,4,4,1293.03,323.26,1.6094379124341003,1.6094379124341003,7.165516658717914,5.781545663121923,1,High-Value Active Customers,1.3608,-1.0971
15622,43,9,3709.56,412.17,3.784189633918261,2.302585092994046,8.2189380876069,6.023859130543853,1,High-Value Active Customers,1.6568,0.9304
15623,141,1,301.03,301.03,4.955827057601261,0.6931471805599453,5.7105263501895465,5.7105263501895465,0,Low-Engagement / Lapsed Spenders,-1.4365,0.1439
15624,117,4,588.13,147.03,4.770684624465665,1.6094379124341003,6.3786468723710446,4.997414955925401,0,Low-Engagement / Lapsed Spenders,-0.2198,0.6203
15625,104,4,1534.26,383.56,4.653960350157523,1.6094379124341003,7.336455026785429,5.952099823585705,0,Low-Engagement / Lapsed Spenders,0.2789,0.8952
15626,75,2,675.8,337.9,4.330733340286331,1.0986122886681096,6.517375808292013,5.825705078613005,0,Low-Engagement / Lapsed Spenders,-0.4482,0.1966
15628,5,9,2870.2400000000002,318.92,1.791759469228055,2.302585092994046,7.962499271193586,5.768070964538563,1,High-Value Active Customers,2.2963,-0.4261
15630,45,2,1186.35,593.17,3.828641396489095,1.0986122886681096,7.079479212140812,6.387165473702781,0,Low-Engagement / Lapsed Spenders,0.0101,0.083
15632,16,8,3285.31,410.66,2.833213344056216,2.1972245773362196,8.097520633770152,6.020197765930854,1,High-Value Active Customers,1.8671,0.243
15634,17,1,243.55,243.55,2.8903717578961645,0.6931471805599453,5.499419786985366,5.499419786985366,0,Low-Engagement / Lapsed Spenders,-0.7476,-1.2424
15636,90,2,724.76,362.38,4.51085950651685,1.0986122886681096,6.587219381659278,5.8954491186742946,0,Low-Engagement / Lapsed Spenders,-0.4839,0.3362
15637,53,1,223.36,223.36,3.9889840465642745,0.6931471805599453,5.413251904640136,5.413251904640136,0,Low-Engagement / Lapsed Spenders,-1.2081,-0.5773
15639,134,1,425.32,425.32,4.90527477843843,0.6931471805599453,6.055190237988527,6.055190237988527,0,Low-Engagement / Lapsed Spenders,-1.2537,0.2374
15640,4,15,12416.11,827.74,1.6094379124341003,2.772588722239781,9.426830639200185,6.719906475062266,1,High-Value Active Customers,3.4856,0.1714
15641,105,4,1887.2,471.8,4.663439094112067,1.6094379124341003,7.543379273298417,6.158672466091889,1,High-Value Active Customers,0.3734,0.9766
15643,192,3,664.0,221.33,5.262690188904886,1.3862943611198906,6.499787040655854,5.404162764631377,0,Low-Engagement / Lapsed Spenders,-0.5523,0.891
15644,166,4,803.54,200.88,5.117993812416755,1.6094379124341003,6.6902706855196055,5.307673461472062,0,Low-Engagement / Lapsed Spenders,-0.2048,0.954
15645,19,1,612.01,612.01,2.995732273553991,0.6931471805599453,6.418381249016855,6.418381249016855,0,Low-Engagement / Lapsed Spenders,-0.3521,-0.8409
15646,158,3,447.64000000000004,149.21,5.0689042022202315,1.3862943611198906,6.106220784406171,5.012034315009963,0,Low-Engagement / Lapsed Spenders,-0.6648,0.6248
15648,204,2,639.5,319.75,5.3230099791384085,1.0986122886681096,6.4622491213367885,5.770662003495746,0,Low-Engagement / Lapsed Spenders,-0.8534,0.8055
15649,336,2,816.0,408.0,5.820082930352362,1.0986122886681096,6.705639094860003,6.013715156042802,0,Low-Engagement / Lapsed Spenders,-0.9279,1.2093
15651,37,3,646.3,215.43,3.6375861597263857,1.3862943611198906,6.472809865551464,5.377267169526438,0,Low-Engagement / Lapsed Spenders,0.0557,-0.149
15652,91,1,337.74,337.74,4.5217885770490405,0.6931471805599453,5.825232851462975,5.825232851462975,0,Low-Engagement / Lapsed Spenders,-1.2163,-0.0895
15653,93,2,877.4399999999999,438.72,4.543294782270004,1.0986122886681096,6.7781476070590925,6.0861381607106635,0,Low-Engagement / Lapsed Spenders,-0.4058,0.4263
15654,9,2,922.53,461.26,2.302585092994046,1.0986122886681096,6.828203284222655,6.136127503348543,1,High-Value Active Customers,0.4739,-0.9759
15655,243,1,560.67,560.67,5.497168225293202,0.6931471805599453,6.330914488818843,6.330914488818843,0,Low-Engagement / Lapsed Spenders,-1.3491,0.713
15656,45,4,748.5,187.12,3.828641396489095,1.6094379124341003,6.619406317542652,5.237080057076847,0,Low-Engagement / Lapsed Spenders,0.2542,0.1108
15657,23,1,30.0,30.0,3.1780538303479458,0.6931471805599453,3.4339872044851463,3.4339872044851463,0,Low-Engagement / Lapsed Spenders,-1.8368,-1.8122
15658,190,5,1024.1000000000001,204.82,5.25227342804663,1.791759469228055,6.932545447789356,5.327002000407946,0,Low-Engagement / Lapsed Spenders,0.0238,1.1971
15659,44,1,306.45,306.45,3.8066624897703196,0.6931471805599453,5.7283124723994785,5.7283124723994785,0,Low-Engagement / Lapsed Spenders,-0.9891,-0.5781
15660,25,9,1600.86,177.87,3.258096538021482,2.302585092994046,7.378920733047961,5.186659285005154,1,High-Value Active Customers,1.4595,0.2909
15661,317,2,309.8,154.9,5.762051382780177,1.0986122886681096,5.739149618493492,5.049214776063731,0,Low-Engagement / Lapsed Spenders,-1.364,0.8205
15663,106,1,138.14,138.14,4.672828834461906,0.6931471805599453,4.935480620495495,4.935480620495495,0,Low-Engagement / Lapsed Spenders,-1.6959,-0.3178
15664,51,1,386.43,386.43,3.9512437185814275,0.6931471805599453,5.959535187313809,5.959535187313809,0,Low-Engagement / Lapsed Spenders,-0.9347,-0.4023
15665,168,2,2222.21,1111.1,5.1298987149230735,1.0986122886681096,7.706707376439049,7.014005398824796,0,Low-Engagement / Lapsed Spenders,-0.1896,1.1363
15667,40,1,301.32,301.32,3.713572066704308,0.6931471805599453,5.711486059041233,5.711486059041233,0,Low-Engagement / Lapsed Spenders,-0.9615,-0.6433
15668,218,1,76.32000000000001,76.32,5.389071729816501,0.6931471805599453,4.34795265434013,4.34795265434013,0,Low-Engagement / Lapsed Spenders,-2.248,-0.0777
15669,40,4,684.34,171.08,3.713572066704308,1.6094379124341003,6.529915065486092,5.1479594849594745,0,Low-Engagement / Lapsed Spenders,0.2557,0.0053
15670,297,1,173.05,173.05,5.697093486505405,0.6931471805599453,5.159342614257448,5.159342614257448,0,Low-Engagement / Lapsed Spenders,-1.981,0.4131
15671,19,7,2657.13,379.59,2.995732273553991,2.0794415416798357,7.885378147031288,5.941722680213142,1,High-Value Active Customers,1.5979,0.2237
15673,88,4,2726.23,681.56,4.48863636973214,1.6094379124341003,7.911041721056532,6.525850435282986,1,High-Value Active Customers,0.6145,0.9997
15674,73,5,2446.6,489.32,4.304065093204169,1.791759469228055,7.802863231588385,6.1950582391774764,1,High-Value Active Customers,0.7987,0.913
15675,81,3,323.69,107.9,4.406719247264253,1.3862943611198906,5.782870880975165,4.690430029938915,0,Low-Engagement / Lapsed Spenders,-0.5652,0.0873
15676,19,3,3435.76,1145.25,2.995732273553991,1.3862943611198906,8.142284446073054,7.044251023570674,1,High-Value Active Customers,1.0925,0.0521
15677,49,1,657.23,657.23,3.912023005428146,0.6931471805599453,6.489554414321968,6.489554414321968,0,Low-Engagement / Lapsed Spenders,-0.6684,-0.2341
15678,53,1,352.7,352.7,3.9889840465642745,0.6931471805599453,5.868449096211435,5.868449096211435,0,Low-Engagement / Lapsed Spenders,-0.9923,-0.4115
15679,24,4,781.28,195.32,3.2188758248682006,1.6094379124341003,6.6622127327244485,5.279745980962601,1,High-Value Active Customers,0.5074,-0.2601
15680,9,3,1333.68,444.56,2.302585092994046,1.3862943611198906,7.1964468417270915,6.099331917976989,1,High-Value Active Customers,0.9088,-0.7318
15681,25,5,1426.16,285.23,3.258096538021482,1.791759469228055,7.263441734527154,5.656795683431865,1,High-Value Active Customers,0.9425,0.0535
15683,117,1,193.75,193.75,4.770684624465665,0.6931471805599453,5.271716684750857,5.271716684750857,0,Low-Engagement / Lapsed Spenders,-1.5738,-0.1333
15687,9,9,2993.1,332.57,2.302585092994046,2.302585092994046,8.004398964555403,5.809852738383268,1,High-Value Active Customers,2.121,-0.087
15689,120,2,254.1,127.05,4.795790545596741,1.0986122886681096,5.541655625147766,4.852420812645534,0,Low-Engagement / Lapsed Spenders,-1.0885,0.136
15690,4,2,239.76,119.88,1.6094379124341003,1.0986122886681096,5.48380058667957,4.794798317964484,0,Low-Engagement / Lapsed Spenders,0.1012,-1.905
15691,252,1,136.8,136.8,5.53338948872752,0.6931471805599453,4.925803358579558,4.925803358579558,0,Low-Engagement / Lapsed Spenders,-2.0292,0.2242
15692,28,1,191.04,191.04,3.367295829986474,0.6931471805599453,5.25770368366274,5.25770368366274,0,Low-Engagement / Lapsed Spenders,-1.0444,-1.0281
15694,1,14,6479.4,462.81,0.6931471805599453,2.70805020110221,8.776537515836264,6.139474985606676,1,High-Value Active Customers,3.4688,-0.671
15695,267,2,409.98,204.99,5.5909869805108565,1.0986122886681096,6.018544551511725,5.327827623921978,0,Low-Engagement / Lapsed Spenders,-1.1662,0.8138
15696,33,8,2711.11,338.89,3.5263605246161616,2.1972245773362196,7.905482208709709,5.828622035851511,1,High-Value Active Customers,1.5113,0.6124
15699,18,1,309.65,309.65,2.9444389791664403,0.6931471805599453,5.738666876509702,5.738666876509702,0,Low-Engagement / Lapsed Spenders,-0.6548,-1.121
15700,172,2,696.68,348.34,5.153291594497779,1.0986122886681096,6.54776054491873,5.856045660000246,0,Low-Engagement / Lapsed Spenders,-0.748,0.7291
15701,2,4,1529.0,382.25,1.0986122886681096,1.6094379124341003,7.333023014386481,5.948687517751924,1,High-Value Active Customers,1.6354,-1.3599
15703,265,1,211.5,211.5,5.583496308781699,0.6931471805599453,5.358941988364472,5.358941988364472,0,Low-Engagement / Lapsed Spenders,-1.8429,0.4137
15704,140,4,2293.62,573.4,4.948759890378168,1.6094379124341003,7.738322531443156,6.353326017734014,1,High-Value Active Customers,0.3568,1.2284
15705,201,1,143.1,143.1,5.308267697401205,0.6931471805599453,4.970507503005476,4.970507503005476,0,Low-Engagement / Lapsed Spenders,-1.922,0.0978
15706,64,4,1060.56,265.14,4.174387269895637,1.6094379124341003,6.967494803332995,5.584022486115597,0,Low-Engagement / Lapsed Spenders,0.2872,0.4568
15707,35,4,916.98,229.24,3.58351893845611,1.6094379124341003,6.822175603890787,5.439122243139058,1,High-Value Active Customers,0.444,0.0293
15708,41,7,3235.25,462.18,3.7376696182833684,2.0794415416798357,8.082170531065747,6.138115747433675,1,High-Value Active Customers,1.4078,0.7657
15709,284,1,133.25,133.25,5.652489180268651,0.6931471805599453,4.899703733388974,4.899703733388974,0,Low-Engagement / Lapsed Spenders,-2.0871,0.2902
15712,9,5,1072.3600000000001,214.47,2.302585092994046,1.791759469228055,6.978549194282216,5.372821688716142,1,High-Value Active Customers,1.1724,-0.656
15713,143,2,356.7,178.35,4.969813299576001,1.0986122886681096,5.879694646264972,5.1893392039782915,0,Low-Engagement / Lapsed Spenders,-0.9947,0.3695
15714,12,2,330.03000000000003,165.02,2.5649493574615367,1.0986122886681096,5.802209005711098,5.112108263026889,0,Low-Engagement / Lapsed Spenders,-0.1128,-1.1833
15716,146,4,1101.1100000000001,275.28,4.990432586778736,1.6094379124341003,7.004981803243121,5.621414844220772,0,Low-Engagement / Lapsed Spenders,-0.0068,0.9878
15717,234,1,150.3,150.3,5.459585514144159,0.6931471805599453,5.01926462079431,5.01926462079431,0,Low-Engagement / Lapsed Spenders,-1.9567,0.2115
15719,33,13,5030.07,386.93,3.5263605246161616,2.639057329615259,8.523387964129368,5.9608249109758695,1,High-Value Active Customers,2.2041,1.0065
15720,24,1,598.73,598.73,3.2188758248682006,0.6931471805599453,6.3964795539357615,6.3964795539357615,0,Low-Engagement / Lapsed Spenders,-0.4477,-0.7074
15721,12,1,471.40000000000003,471.4,2.5649493574615367,0.6931471805599453,6.157826084323207,6.157826084323207,0,Low-Engagement / Lapsed Spenders,-0.3111,-1.2089
15722,36,5,2211.21,442.24,3.6109179126442243,1.791759469228055,7.701747294844882,6.094111384068125,1,High-Value Active Customers,1.0155,0.4367
15723,365,1,190.7,190.7,5.902633333401366,0.6931471805599453,5.255931650051599,5.255931650051599,0,Low-Engagement / Lapsed Spenders,-2.0137,0.5785
15724,201,2,218.25,109.12,5.308267697401205,1.0986122886681096,5.390212631252292,4.701570680274407,0,Low-Engagement / Lapsed Spenders,-1.3561,0.4057
15725,15,1,415.25,415.25,2.772588722239781,0.6931471805599453,6.031286041294654,6.031286041294654,0,Low-Engagement / Lapsed Spenders,-0.4504,-1.1233
15727,17,7,5159.06,737.01,2.8903717578961645,2.0794415416798357,8.548703486314981,6.603957374644172,1,High-Value Active Customers,1.9527,0.3985
15729,213,1,85.0,85.0,5.365976015021851,0.6931471805599453,4.454347296253507,4.454347296253507,0,Low-Engagement / Lapsed Spenders,-2.1888,-0.0536
15730,66,3,1120.88,373.63,4.204692619390966,1.3862943611198906,7.022761128491225,5.925938872227775,0,Low-Engagement / Lapsed Spenders,0.0999,0.4108
15732,212,2,294.12,147.06,5.3612921657094255,1.0986122886681096,5.68738205328842,4.997617597014952,0,Low-Engagement / Lapsed Spenders,-1.2354,0.5476
15733,283,1,162.3,162.3,5.648974238161206,0.6931471805599453,5.095588999976419,5.095588999976419,0,Low-Engagement / Lapsed Spenders,-1.9928,0.3593
15734,115,2,1339.45,669.72,4.7535901911063645,1.0986122886681096,7.200760657465263,6.508351762252568,0,Low-Engagement / Lapsed Spenders,-0.2857,0.7135
15737,15,8,1188.1200000000001,148.52,2.772588722239781,2.1972245773362196,7.080968816745364,5.0074301631473075,1,High-Value Active Customers,1.4083,-0.1657
15738,19,16,4812.42,300.78,2.995732273553991,2.833213344056216,8.479163129156776,5.709698275085505,1,High-Value Active Customers,2.5615,0.7283
15739,66,1,449.12,449.12,4.204692619390966,0.6931471805599453,6.109514213881797,6.109514213881797,0,Low-Engagement / Lapsed Spenders,-0.9604,-0.187
15740,49,1,154.88,154.88,3.912023005428146,0.6931471805599453,5.049086480470509,5.049086480470509,0,Low-Engagement / Lapsed Spenders,-1.3514,-0.7587
15743,16,4,775.96,193.99,2.833213344056216,1.6094379124341003,6.655388868991024,5.272948275197495,1,High-Value Active Customers,0.6515,-0.5071
15744,78,1,34.8,34.8,4.3694478524670215,0.6931471805599453,3.5779478934066544,3.5779478934066544,0,Low-Engagement / Lapsed Spenders,-2.2237,-1.0045
15745,19,4,1094.59,273.65,2.995732273553991,1.6094379124341003,6.999048309928502,5.615497559788629,1,High-Value Active Customers,0.7524,-0.2789
15746,134,1,196.88,196.88,4.90527477843843,0.6931471805599453,5.287660786359508,5.287660786359508,0,Low-Engagement / Lapsed Spenders,-1.6177,-0.0422
15747,13,3,946.64,315.55,2.639057329615259,1.3862943611198906,6.85397468329749,5.7574812069901355,1,High-Value Active Customers,0.6179,-0.6432
15748,40,1,144.36,144.36,3.713572066704308,0.6931471805599453,4.979213424087916,4.979213424087916,0,Low-Engagement / Lapsed Spenders,-1.3087,-0.91
15749,235,3,44534.3,14844.77,5.4638318050256105,1.3862943611198906,10.70403741211812,9.605470255168962,1,High-Value Active Customers,1.3644,2.5497
15750,3,8,2463.05,307.88,1.3862943611198906,2.1972245773362196,7.809561616655318,5.7329528519559805,1,High-Value Active Customers,2.2833,-0.7792
15752,40,7,2626.6,375.23,3.713572066704308,2.0794415416798357,7.873826161018318,5.930200658504068,1,High-Value Active Customers,1.3182,0.6745
15753,305,1,79.2,79.2,5.723585101952381,0.6931471805599453,4.384523514872469,4.384523514872469,0,Low-Engagement / Lapsed Spenders,-2.3585,0.1477
15754,51,3,458.57,152.86,3.9512437185814275,1.3862943611198906,6.130291269692714,5.036043098030789,0,Low-Engagement / Lapsed Spenders,-0.2265,-0.0749
15755,10,6,2364.25,394.04,2.3978952727983707,1.9459101490553132,7.768639003584553,5.97898702559687,1,High-Value Active Customers,1.6501,-0.2489
15756,61,4,528.01,132.0,4.127134385045092,1.6094379124341003,6.271007335271311,4.890349128221754,0,Low-Engagement / Lapsed Spenders,-0.025,0.1732
15757,66,2,714.42,357.21,4.204692619390966,1.0986122886681096,6.572869782822179,5.881119406601529,0,Low-Engagement / Lapsed Spenders,-0.3738,0.1369
15758,25,1,205.25,205.25,3.258096538021482,0.6931471805599453,5.32908902521479,5.32908902521479,0,Low-Engagement / Lapsed Spenders,-0.9688,-1.0713
15759,218,3,253.04,84.35,5.389071729816501,1.3862943611198906,5.537491734934774,4.4467604492404496,0,Low-Engagement / Lapsed Spenders,-1.0568,0.6207
15762,65,2,583.75,291.88,4.189654742026425,1.0986122886681096,6.371184405464288,5.679762968811981,0,Low-Engagement / Lapsed Spenders,-0.4637,0.0539
15763,32,2,1086.92,543.46,3.4965075614664802,1.0986122886681096,6.992022895300703,6.299794477782915,0,Low-Engagement / Lapsed Spenders,0.0955,-0.1594
15764,88,6,3279.97,546.66,4.48863636973214,1.9459101490553132,8.095894389365505,6.3056546564405345,1,High-Value Active Customers,1.0066,1.1957
15766,64,1,315.06,315.06,4.174387269895637,0.6931471805599453,5.755932068980957,5.755932068980957,0,Low-Engagement / Lapsed Spenders,-1.1164,-0.335
15768,116,3,621.8299999999999,207.28,4.762173934797756,1.3862943611198906,6.434273608356567,5.338883328294698,0,Low-Engagement / Lapsed Spenders,-0.3921,0.5499
15769,7,26,56252.72,2163.57,2.0794415416798357,3.295836866004329,10.937627451213288,7.679977006391447,1,High-Value Active Customers,4.4958,1.2198
15773,6,1,635.6800000000001,635.68,1.9459101490553132,0.6931471805599453,6.4562671745616536,6.4562671745616536,0,Low-Engagement / Lapsed Spenders,0.0669,-1.4926
15774,69,1,270.8,270.8,4.248495242049359,0.6931471805599453,5.605066501717044,5.605066501717044,0,Low-Engagement / Lapsed Spenders,-1.2163,-0.3429
15775,245,1,104.9,104.9,5.5053315359323625,0.6931471805599453,4.662495252607361,4.662495252607361,0,Low-Engagement / Lapsed Spenders,-2.1433,0.1105
15776,133,1,241.62,241.62,4.897839799950911,0.6931471805599453,5.491496433342773,5.491496433342773,0,Low-Engagement / Lapsed Spenders,-1.5182,0.0274
15777,241,4,1047.11,261.78,5.488937726156687,1.6094379124341003,6.954743821204941,5.571317180213676,0,Low-Engagement / Lapsed Spenders,-0.2211,1.2855
15780,184,3,475.28000000000003,158.43,5.220355825078325,1.3862943611198906,6.166005916582974,5.071604954419274,0,Low-Engagement / Lapsed Spenders,-0.6944,0.7426
15781,25,3,345.46,115.15,3.258096538021482,1.3862943611198906,5.847767371850795,4.754882459216418,0,Low-Engagement / Lapsed Spenders,-0.0957,-0.6172
15782,10,3,2614.7400000000002,871.58,2.3978952727983707,1.3862943611198906,7.869302319258532,6.771454340417674,1,High-Value Active Customers,1.1915,-0.4263
15783,11,1,246.3,246.3,2.4849066497880004,0.6931471805599453,5.510602174527371,5.510602174527371,0,Low-Engagement / Lapsed Spenders,-0.5874,-1.4953
15785,33,5,2328.9700000000003,465.79,3.5263605246161616,1.791759469228055,7.753610670940375,6.145879477732208,1,High-Value Active Customers,1.0724,0.402
15786,46,3,4919.0,1639.67,3.8501476017100584,1.3862943611198906,8.501063809486354,7.402859973975261,1,High-Value Active Customers,0.9362,0.7244
15787,26,3,933.26,311.09,3.295836866004329,1.3862943611198906,6.839754772081388,5.743291607750914,1,High-Value Active Customers,0.3603,-0.232
15789,358,1,351.3,351.3,5.883322388488279,0.6931471805599453,5.864483085347192,5.864483085347192,0,Low-Engagement / Lapsed Spenders,-1.7178,0.7879
15790,10,1,218.75,218.75,2.3978952727983707,0.6931471805599453,5.392490536565286,5.392490536565286,0,Low-Engagement / Lapsed Spenders,-0.6101,-1.5935
15791,44,2,1612.69,806.34,3.8066624897703196,1.0986122886681096,7.386278760989393,6.693744893049149,0,Low-Engagement / Lapsed Spenders,0.164,0.1808
15793,15,3,965.61,321.87,2.772588722239781,1.3862943611198906,6.873795104898541,5.777249765426953,1,High-Value Active Customers,0.5763,-0.5513
15795,150,1,610.01,610.01,5.017279836814924,0.6931471805599453,6.415113325649775,6.415113325649775,0,Low-Engagement / Lapsed Spenders,-1.1259,0.4395
15796,1,8,2708.61,338.58,0.6931471805599453,2.1972245773362196,7.904559992078387,5.827709559887865,1,High-Value Active Customers,2.5932,-1.184
15797,113,4,2207.4,551.85,4.736198448394496,1.6094379124341003,7.70002355040989,6.315086716988411,1,High-Value Active Customers,0.4199,1.0797
15799,76,3,884.14,294.71,4.343805421853684,1.3862943611198906,6.785745824587275,5.689379244345457,0,Low-Engagement / Lapsed Spenders,-0.0657,0.4126
15800,107,2,696.89,348.44,4.68213122712422,1.0986122886681096,6.548061497220062,5.856331873116486,0,Low-Engagement / Lapsed Spenders,-0.5679,0.4305
15801,46,3,1063.95,354.65,3.8501476017100584,1.3862943611198906,6.97068312868461,5.873947101179525,0,Low-Engagement / Lapsed Spenders,0.2106,0.1671
15802,143,1,451.42,451.42,4.969813299576001,0.6931471805599453,6.11461095192969,6.11461095192969,0,Low-Engagement / Lapsed Spenders,-1.2502,0.2999
15803,51,1,415.82000000000005,415.82,3.9512437185814275,0.6931471805599453,6.032654473932845,6.032654473932845,0,Low-Engagement / Lapsed Spenders,-0.9,-0.3756
15804,1,13,4206.39,323.57,0.6931471805599453,2.639057329615259,8.344597781932357,5.7825012293675915,1,High-Value Active Customers,3.2016,-0.8547
15805,23,17,5488.18,322.83,3.1780538303479458,2.8903717578961645,8.61053416087066,5.780218686735625,1,High-Value Active Customers,2.6059,0.9136
15806,46,3,784.58,261.53,3.8501476017100584,1.3862943611198906,6.666422298467717,5.570365361215849,0,Low-Engagement / Lapsed Spenders,0.0663,0.0562
15807,50,3,903.9,301.3,3.9318256327243257,1.3862943611198906,6.807824440357088,5.711419901785413,0,Low-Engagement / Lapsed Spenders,0.1022,0.1595
15808,306,4,3651.27,912.82,5.726847747587197,1.6094379124341003,8.20310417107402,6.817633615516933,0,Low-Engagement / Lapsed Spenders,0.28,1.891
15809,36,5,515.77,103.15,3.6109179126442243,1.791759469228055,6.247597901247849,4.645832167706981,1,High-Value Active Customers,0.326,-0.0929
15810,79,4,1391.98,348.0,4.382026634673881,1.6094379124341003,7.239200616174941,5.855071922202427,1,High-Value Active Customers,0.3367,0.6874
15811,22,6,2218.62,369.77,3.1354942159291497,1.9459101490553132,7.705091289043697,5.915581924269754,1,High-Value Active Customers,1.3382,0.1955
15812,107,5,1801.14,360.23,4.68213122712422,1.791759469228055,7.496730126604398,5.889514874572237,1,High-Value Active Customers,0.5091,1.0412
15813,208,2,1303.9099999999999,651.95,5.342334251964811,1.0986122886681096,7.173889351861321,6.481500556666417,0,Low-Engagement / Lapsed Spenders,-0.5234,1.077
15814,17,4,1945.33,486.33,2.8903717578961645,1.6094379124341003,7.573700826991937,6.188941511672941,1,High-Value Active Customers,1.0651,-0.1364
15815,64,5,2100.6,420.12,4.174387269895637,1.791759469228055,7.65045423837133,6.042917828696898,1,High-Value Active Customers,0.776,0.7753
15819,49,4,1905.45,476.36,3.912023005428146,1.6094379124341003,7.552998152884997,6.168270923213827,1,High-Value Active Customers,0.665,0.5037
15820,320,1,206.98,206.98,5.771441123130016,0.6931471805599453,5.337441921232086,5.337441921232086,0,Low-Engagement / Lapsed Spenders,-1.9249,0.5251
15821,44,2,570.96,285.48,3.8066624897703196,1.0986122886681096,6.349069058864647,5.657668725690177,0,Low-Engagement / Lapsed Spenders,-0.3278,-0.197
15822,3,2,885.47,442.74,1.3862943611198906,1.0986122886681096,6.787247283994098,6.095238805324437,1,High-Value Active Customers,0.8045,-1.5717
15823,372,1,15.0,15.0,5.921578419643816,0.6931471805599453,2.772588722239781,2.772588722239781,0,Low-Engagement / Lapsed Spenders,-3.1984,-0.3139
15825,172,1,532.94,532.94,5.153291594497779,0.6931471805599453,6.2802834730968256,6.2802834730968256,0,Low-Engagement / Lapsed Spenders,-1.2417,0.4766
15826,56,3,1654.31,551.44,4.04305126783455,1.3862943611198906,7.411743581448863,6.314344830209728,1,High-Value Active Customers,0.346,0.45
15827,73,14,1836.0900000000001,131.15,4.304065093204169,2.70805020110221,7.515938076938256,4.883937641050299,1,High-Value Active Customers,1.4918,1.159
15829,99,2,636.14,318.07,4.605170185988092,1.0986122886681096,6.456989411643809,5.765410514449022,0,Low-Engagement / Lapsed Spenders,-0.5817,0.3486
15830,38,1,576.0,576.0,3.6635616461296463,0.6931471805599453,6.3578422665081,6.3578422665081,0,Low-Engagement / Lapsed Spenders,-0.6359,-0.4396
15831,58,3,794.64,264.88,4.07753744390572,1.3862943611198906,6.67914682223686,5.583045079173381,0,Low-Engagement / Lapsed Spenders,-0.0145,0.205
15832,254,1,836.79,836.79,5.541263545158426,0.6931471805599453,6.7307674724187825,6.7307674724187825,0,Low-Engagement / Lapsed Spenders,-1.1764,0.8866
15834,70,4,2225.15,556.29,4.2626798770413155,1.6094379124341003,7.708028915009937,6.323085750757584,1,High-Value Active Customers,0.6046,0.7825
15835,44,4,954.09,238.52,3.8066624897703196,1.6094379124341003,6.861805576878038,5.478636920671319,1,High-Value Active Customers,0.3775,0.1852
15836,50,1,137.37,137.37,3.9318256327243257,0.6931471805599453,4.929931256681293,4.929931256681293,0,Low-Engagement / Lapsed Spenders,-1.4154,-0.7896
15837,65,1,391.98,391.98,4.189654742026425,0.6931471805599453,5.97375871998905,5.97375871998905,0,Low-Engagement / Lapsed Spenders,-1.019,-0.246
15838,11,19,33643.08,1770.69,2.4849066497880004,2.995732273553991,10.423592390918046,7.479689172294024,1,High-Value Active Customers,3.8257,1.1748
15839,33,3,1048.49,349.5,3.5263605246161616,1.3862943611198906,6.9560596108684605,5.859360706474645,1,High-Value Active Customers,0.3274,-0.0435
15840,59,2,355.56,177.78,4.0943445622221,1.0986122886681096,5.876502528638301,5.186155999659706,0,Low-Engagement / Lapsed Spenders,-0.6618,-0.1867
15841,73,4,1224.06,306.02,4.304065093204169,1.6094379124341003,7.110745101371203,5.726912892045055,1,High-Value Active Customers,0.3055,0.5912
15843,304,1,118.95000000000002,118.95,5.720311776607412,0.6931471805599453,4.787074989285704,4.787074989285704,0,Low-Engagement / Lapsed Spenders,-2.1664,0.2922
15844,46,1,130.73999999999998,130.74,3.8501476017100584,0.6931471805599453,4.880830283212546,4.880830283212547,0,Low-Engagement / Lapsed Spenders,-1.4075,-0.8592
15845,18,8,3711.77,463.97,2.9444389791664403,2.1972245773362196,8.219533507739182,6.141972887377069,1,High-Value Active Customers,1.8825,0.3579
15847,38,2,389.27,194.64,3.6635616461296463,1.0986122886681096,5.966838807281578,5.2762762356711566,0,Low-Engagement / Lapsed Spenders,-0.4544,-0.4269
15850,19,2,234.88,117.44,2.995732273553991,1.0986122886681096,5.463323201132304,4.774406503233391,0,Low-Engagement / Lapsed Spenders,-0.438,-1.0336
15852,187,2,160.71,80.36,5.236441962829949,1.0986122886681096,5.085804607589853,4.398883751740304,0,Low-Engagement / Lapsed Spenders,-1.473,0.2493
15853,52,1,110.8,110.8,3.970291913552122,0.6931471805599453,4.716711560720999,4.716711560720999,0,Low-Engagement / Lapsed Spenders,-1.5312,-0.8428
15854,4,12,2969.12,247.43,1.6094379124341003,2.5649493574615367,7.996357635020928,5.515161115713719,1,High-Value Active Customers,2.6194,-0.429
15855,137,5,712.24,142.45,4.927253685157205,1.791759469228055,6.569817969665846,4.965986542427374,0,Low-Engagement / Lapsed Spenders,-0.024,0.859
15856,4,27,16143.64,597.91,1.6094379124341003,3.332204510175204,9.689343385018718,6.395111336409363,1,High-Value Active Customers,4.1164,0.4811
15857,19,1,297.0,297.0,2.995732273553991,0.6931471805599453,5.697093486505405,5.697093486505405,0,Low-Engagement / Lapsed Spenders,-0.6941,-1.1036
15858,16,5,1427.57,285.51,2.833213344056216,1.791759469228055,7.264429222920369,5.657773439559625,1,High-Value Active Customers,1.1052,-0.2155
15860,41,8,965.16,120.64,3.7376696182833684,2.1972245773362196,6.87332945196712,4.801065862809164,1,High-Value Active Customers,0.9412,0.3705
15861,12,8,3146.92,393.36,2.5649493574615367,2.1972245773362196,8.054497196253768,5.977264197706841,1,High-Value Active Customers,1.9492,0.0572
15862,8,4,832.88,208.22,2.1972245773362196,1.6094379124341003,6.726089507114236,5.343386329915615,1,High-Value Active Customers,0.928,-0.8845
15863,26,2,68.84,34.42,3.295836866004329,1.0986122886681096,4.246206911531347,3.5672766323546874,0,Low-Engagement / Lapsed Spenders,-1.1298,-1.2867
15864,22,6,1936.3200000000002,322.72,3.1354942159291497,1.9459101490553132,7.569060853685924,5.779878944627502,1,High-Value Active Customers,1.2737,0.146
15865,41,3,895.13,298.38,3.7376696182833684,1.3862943611198906,6.798085491736212,5.70171366948709,0,Low-Engagement / Lapsed Spenders,0.1717,0.0329
15866,101,1,211.89,211.89,4.624972813284271,0.6931471805599453,5.3607756003876466,5.3607756003876466,0,Low-Engagement / Lapsed Spenders,-1.4759,-0.1932
15867,5,15,3810.14,254.01,1.791759469228055,2.772588722239781,8.24568363596401,5.541302760075785,1,High-Value Active Customers,2.8559,-0.1432
15869,277,2,149.64,74.82,5.627621113690637,1.0986122886681096,5.014892884348897,4.328362110088189,0,Low-Engagement / Lapsed Spenders,-1.656,0.4715
15870,33,1,351.44,351.44,3.5263605246161616,0.6931471805599453,5.864880394998529,5.864880394998529,0,Low-Engagement / Lapsed Spenders,-0.8172,-0.7061
15872,15,2,316.25,158.12,2.772588722239781,1.0986122886681096,5.759690106594497,5.069658634545717,0,Low-Engagement / Lapsed Spenders,-0.2123,-1.0671
15874,64,7,4405.88,629.41,4.174387269895637,2.0794415416798357,8.390922235063499,6.4463704013620164,1,High-Value Active Customers,1.3874,1.155
15877,2,2,490.33,245.16,1.0986122886681096,1.0986122886681096,6.197115999797643,5.505981731013787,1,High-Value Active Customers,0.6346,-1.969
15880,369,1,329.03000000000003,329.03,5.91350300563827,0.6931471805599453,5.799183559419454,5.799183559419454,0,Low-Engagement / Lapsed Spenders,-1.7603,0.7833
15881,312,5,501.39000000000004,100.28,5.746203190540153,1.791759469228055,6.219376710497294,4.617888958395866,0,Low-Engagement / Lapsed Spenders,-0.503,1.2505
15882,199,4,516.36,129.09,5.298317366548036,1.6094379124341003,6.248738957138337,4.868226518613468,0,Low-Engagement / Lapsed Spenders,-0.483,0.9075
15883,2,2,396.48,198.24,1.0986122886681096,1.0986122886681096,5.9851446183631625,5.294510128205083,1,High-Value Active Customers,0.5341,-2.0462
15885,93,3,379.35,126.45,4.543294782270004,1.3862943611198906,5.9410918814433105,4.847724130822124,0,Low-Engagement / Lapsed Spenders,-0.5424,0.2315
15886,60,1,181.09,181.09,4.110873864173311,0.6931471805599453,5.204501070343752,5.204501070343752,0,Low-Engagement / Lapsed Spenders,-1.3536,-0.5761
15888,81,1,168.31,168.31,4.406719247264253,0.6931471805599453,5.131731354140141,5.131731354140141,0,Low-Engagement / Lapsed Spenders,-1.5012,-0.415
15889,157,2,420.07,210.04,5.062595033026967,1.0986122886681096,6.042799090644775,5.352047688969004,0,Low-Engagement / Lapsed Spenders,-0.9528,0.4877
15891,227,1,511.68,511.68,5.429345628954441,0.6931471805599453,6.239651868861623,6.239651868861623,0,Low-Engagement / Lapsed Spenders,-1.3665,0.6368
15894,253,2,258.25,129.12,5.537334267018537,1.0986122886681096,5.557792847109637,4.86845710160515,0,Low-Engagement / Lapsed Spenders,-1.3641,0.612
15895,150,1,179.17,179.17,5.017279836814924,0.6931471805599453,5.1939008496276085,5.1939008496276085,0,Low-Engagement / Lapsed Spenders,-1.7049,-0.0053
15897,194,2,208.59,104.3,5.272999558563747,1.0986122886681096,5.345153241385068,4.6568134191399295,0,Low-Engagement / Lapsed Spenders,-1.364,0.367
15898,1,5,1383.83,276.77,0.6931471805599453,1.791759469228055,7.233332667405506,5.626793433128065,1,High-Value Active Customers,1.908,-1.5835
15899,369,1,56.25,56.25,5.91350300563827,0.6931471805599453,4.047427642434349,4.047427642434349,0,Low-Engagement / Lapsed Spenders,-2.5909,0.1453
15900,24,1,337.28,337.28,3.2188758248682006,0.6931471805599453,5.8238739549140215,5.8238739549140215,0,Low-Engagement / Lapsed Spenders,-0.7192,-0.916
15901,17,3,351.73,117.24,2.8903717578961645,1.3862943611198906,5.86570289174782,4.772716457199891,0,Low-Engagement / Lapsed Spenders,0.0533,-0.8438
15903,10,7,5126.76,732.39,2.3978952727983707,2.0794415416798357,8.54242419563319,6.597677620420187,1,High-Value Active Customers,2.1378,0.084
15904,8,1,164.68,164.68,2.1972245773362196,0.6931471805599453,5.110058217087329,5.110058217087329,0,Low-Engagement / Lapsed Spenders,-0.6674,-1.8236
15906,20,7,1567.69,223.96,3.044522437723423,2.0794415416798357,7.357996155136706,5.4159226086223,1,High-Value Active Customers,1.3292,0.0625
15907,4,3,882.72,294.24,1.6094379124341003,1.3862943611198906,6.784140270382827,5.687788584901852,1,High-Value Active Customers,0.9781,-1.3214
15909,174,1,191.94,191.94,5.1647859739235145,0.6931471805599453,5.262379259742407,5.262379259742407,0,Low-Engagement / Lapsed Spenders,-1.7288,0.1131
15910,1,8,1228.88,153.61,0.6931471805599453,2.1972245773362196,7.114671882631472,5.040905817114504,1,High-Value Active Customers,2.2186,-1.4716
15912,178,2,264.62,132.31,5.187385805840755,1.0986122886681096,5.582066715972105,4.892677243125585,0,Low-Engagement / Lapsed Spenders,-1.2189,0.399
15916,16,8,1502.8600000000001,187.86,2.833213344056216,2.1972245773362196,7.3157904150707145,5.241005999834924,1,High-Value Active Customers,1.4965,-0.0417
15917,248,1,123.1,123.1,5.517452896464707,0.6931471805599453,4.821087692210561,4.821087692210561,0,Low-Engagement / Lapsed Spenders,-2.0727,0.176
15918,191,2,334.23,167.12,5.2574953720277815,1.0986122886681096,5.814816863409831,5.124678010136916,0,Low-Engagement / Lapsed Spenders,-1.1354,0.5282
15919,20,2,525.69,262.85,3.044522437723423,1.0986122886681096,6.266612140168987,5.575380759851677,0,Low-Engagement / Lapsed Spenders,-0.0758,-0.7101
15920,154,4,167.5,41.88,5.043425116919247,1.6094379124341003,5.126935749792416,3.7584055167625467,0,Low-Engagement / Lapsed Spenders,-0.9175,0.3374
15921,173,1,323.03000000000003,323.03,5.159055299214529,0.6931471805599453,5.780836104098492,5.780836104098492,0,Low-Engagement / Lapsed Spenders,-1.4808,0.2983
15922,373,1,369.5,369.5,5.924255797414532,0.6931471805599453,5.914853444736142,5.914853444736142,0,Low-Engagement / Lapsed Spenders,-1.7095,0.8322
15923,373,1,127.08,127.08,5.924255797414532,0.6931471805599453,4.852655068688459,4.852655068688459,0,Low-Engagement / Lapsed Spenders,-2.2132,0.4454
15925,194,1,207.15,207.15,5.272999558563747,0.6931471805599453,5.3382589736409845,5.3382589736409845,0,Low-Engagement / Lapsed Spenders,-1.7341,0.2094
15930,67,1,426.63,426.63,4.219507705176107,0.6931471805599453,6.058258335716989,6.058258335716989,0,Low-Engagement / Lapsed Spenders,-0.9903,-0.1963
15932,4,8,2495.87,311.98,1.6094379124341003,2.1972245773362196,7.822793226449505,5.746139290735026,1,High-Value Active Customers,2.2044,-0.6329
15933,21,3,1107.46,369.15,3.091042453358316,1.3862943611198906,7.010726943606016,5.913908328889107,1,High-Value Active Customers,0.5196,-0.2996
15935,239,2,416.86,208.43,5.480638923341991,1.0986122886681096,6.035146448194105,5.344389554650419,0,Low-Engagement / Lapsed Spenders,-1.1161,0.7499
15937,64,1,145.35,145.35,4.174387269895637,0.6931471805599453,4.986001013137895,4.986001013137895,0,Low-Engagement / Lapsed Spenders,-1.4815,-0.6154
15938,112,5,404.58,80.92,4.727387818712341,1.791759469228055,6.0053181413965175,4.4057431612911975,0,Low-Engagement / Lapsed Spenders,-0.2153,0.5267
15939,90,15,6115.01,407.67,4.51085950651685,2.772588722239781,8.718665202103209,6.012907984401633,1,High-Value Active Customers,2.0414,1.7528
15940,311,1,35.8,35.8,5.7430031878094825,0.6931471805599453,3.6054978451748854,3.6054978451748854,0,Low-Engagement / Lapsed Spenders,-2.7353,-0.1238
15942,134,1,337.44,337.44,4.90527477843843,0.6931471805599453,5.8243468240563,5.8243468240563,0,Low-Engagement / Lapsed Spenders,-1.3632,0.1533
15944,277,1,325.1,325.1,5.627621113690637,0.6931471805599453,5.787204082795274,5.787204082795274,0,Low-Engagement / Lapsed Spenders,-1.6567,0.5977
15945,365,1,181.0,181.0,5.902633333401366,0.6931471805599453,5.204006687076795,5.204006687076795,0,Low-Engagement / Lapsed Spenders,-2.0383,0.5596
15947,83,1,1708.24,1708.24,4.430816798843313,0.6931471805599453,7.443804106257556,7.443804106257556,0,Low-Engagement / Lapsed Spenders,-0.4141,0.4423
15948,8,2,955.24,477.62,2.1972245773362196,1.0986122886681096,6.863008927569726,6.1709069631510935,1,High-Value Active Customers,0.5307,-1.0301
15949,17,2,364.72,182.36,2.8903717578961645,1.0986122886681096,5.901868013296226,5.211451433526375,0,Low-Engagement / Lapsed Spenders,-0.1899,-0.9407
15950,32,4,1744.71,436.18,3.4965075614664802,1.6094379124341003,7.464916628675443,6.0803450096018565,1,High-Value Active Customers,0.782,0.2082
15951,9,2,708.22,354.11,2.302585092994046,1.0986122886681096,6.56416577459204,5.872427600633912,1,High-Value Active Customers,0.3487,-1.0721
15952,34,4,781.91,195.48,3.5553480614894135,1.6094379124341003,6.663017746855669,5.280560644958777,1,High-Value Active Customers,0.3793,-0.0465
15953,15,8,1657.28,207.16,2.772588722239781,2.1972245773362196,7.413536199603394,5.338307014764196,1,High-Value Active Customers,1.566,-0.0446
15955,24,14,4416.26,315.45,3.2188758248682006,2.70805020110221,8.393274873346142,5.7571652512213145,1,High-Value Active Customers,2.3223,0.7906
15957,32,1,428.89,428.89,3.4965075614664802,0.6931471805599453,6.063529362008149,6.063529362008149,0,Low-Engagement / Lapsed Spenders,-0.7116,-0.6527
15958,74,1,104.35,104.35,4.31748811353631,0.6931471805599453,4.657288140250198,4.657288140250198,0,Low-Engagement / Lapsed Spenders,-1.692,-0.6444
15963,20,2,470.76,235.38,3.044522437723423,1.0986122886681096,6.156470381692249,5.465440679584095,0,Low-Engagement / Lapsed Spenders,-0.128,-0.7502
15965,17,4,808.87,202.22,2.8903717578961645,1.6094379124341003,6.696873740958812,5.314289136057735,1,High-Value Active Customers,0.6493,-0.4558
15967,23,2,397.68,198.84,3.1780538303479458,1.0986122886681096,5.988159090099256,5.297517046377267,0,Low-Engagement / Lapsed Spenders,-0.2588,-0.7269
15969,3,3,666.1,222.03,1.3862943611198906,1.3862943611198906,6.502939959715469,5.407306291559866,1,High-Value Active Customers,0.93,-1.5652
15970,304,1,314.1,314.1,5.720311776607412,0.6931471805599453,5.752890048763229,5.752890048763229,0,Low-Engagement / Lapsed Spenders,-1.7084,0.6439
15971,18,12,4199.85,349.99,2.9444389791664403,2.5649493574615367,8.343042164747578,5.8607577330315275,1,High-Value Active Customers,2.2738,0.5436
15973,367,1,307.82000000000005,307.82,5.908082938168931,0.6931471805599453,5.732758582892719,5.732758582892719,0,Low-Engagement / Lapsed Spenders,-1.7897,0.7556
15974,39,7,3442.15,491.74,3.6888794541139363,2.0794415416798357,8.14414202904651,6.199981651560028,1,High-Value Active Customers,1.4558,0.7573
15975,84,1,371.01,371.01,4.442651256490317,0.6931471805599453,5.91892073563227,5.91892073563227,0,Low-Engagement / Lapsed Spenders,-1.1416,-0.1055
15976,165,2,427.64,213.82,5.111987788356544,1.0986122886681096,6.0606174057962985,5.369800468169901,0,Low-Engagement / Lapsed Spenders,-0.9632,0.5255
15977,17,2,1054.73,527.36,2.8903717578961645,1.0986122886681096,6.961987749755856,6.2697778695556625,1,High-Value Active Customers,0.3128,-0.5546
15978,77,1,1098.78,1098.78,4.356708826689592,0.6931471805599453,7.002865438783795,7.002865438783795,0,Low-Engagement / Lapsed Spenders,-0.5948,0.2348
15980,89,3,2398.86,799.62,4.499809670330265,1.3862943611198906,7.783165681301249,6.685386427510498,1,High-Value Active Customers,0.3477,0.8748
15981,25,8,3408.48,426.06,3.258096538021482,2.1972245773362196,8.134315065980752,6.056924518579768,1,High-Value Active Customers,1.7223,0.5257
15983,22,4,1465.12,366.28,3.1354942159291497,1.6094379124341003,7.29037473448544,5.906124499940967,1,High-Value Active Customers,0.8371,-0.0842
15984,3,10,2780.63,278.06,1.3862943611198906,2.3978952727983707,7.930792365795113,5.631426812464061,1,High-Value Active Customers,2.5224,-0.6582
15985,123,2,1142.42,571.21,4.820281565605037,1.0986122886681096,7.04177905036834,6.34950605687015,0,Low-Engagement / Lapsed Spenders,-0.3866,0.6979
15986,30,1,168.12,168.12,3.4339872044851463,0.6931471805599453,5.1306085221219275,5.1306085221219275,0,Low-Engagement / Lapsed Spenders,-1.1301,-1.0321
15987,12,7,1432.77,204.68,2.5649493574615367,2.0794415416798357,7.268062617779592,5.326321562957634,1,High-Value Active Customers,1.4698,-0.2742
15988,19,1,156.78,156.78,2.995732273553991,0.6931471805599453,5.061201657666944,5.061201657666944,0,Low-Engagement / Lapsed Spenders,-0.9956,-1.3352
15990,44,2,792.11,396.06,3.8066624897703196,1.0986122886681096,6.675961925760257,5.984087402768933,0,Low-Engagement / Lapsed Spenders,-0.1728,-0.0779
15992,4,1,41.989999999999995,41.99,1.6094379124341003,0.6931471805599453,3.76096753050819,3.76096753050819,0,Low-Engagement / Lapsed Spenders,-1.0826,-2.6876
15993,9,7,2777.67,396.81,2.302585092994046,2.0794415416798357,7.929727674940442,5.985974504364344,1,High-Value Active Customers,1.8837,-0.1996
15994,55,1,414.27,414.27,4.02535169073515,0.6931471805599453,6.028928911090341,6.028928911090341,0,Low-Engagement / Lapsed Spenders,-0.9301,-0.33
15996,88,6,1032.58,172.1,4.48863636973214,1.9459101490553132,6.940783782995926,5.153869462182164,1,High-Value Active Customers,0.4589,0.775
15998,37,5,3080.22,616.04,3.6375861597263857,1.791759469228055,8.033080901435286,6.4249338516257435,1,High-Value Active Customers,1.1624,0.5743
16000,3,3,12393.7,4131.23,1.3862943611198906,1.3862943611198906,9.4250242408686,8.32657249180753,1,High-Value Active Customers,2.3155,-0.501
16003,30,5,2735.37,547.07,3.4339872044851463,1.791759469228055,7.914387503517288,6.3064030160165885,1,High-Value Active Customers,1.1839,0.402
16005,12,4,578.71,144.68,2.5649493574615367,1.6094379124341003,6.3625279784987825,4.981412435419353,1,High-Value Active Customers,0.6151,-0.7838
16006,211,1,101.4,101.4,5.356586274672012,0.6931471805599453,4.628886712605407,4.628886712605407,0,Low-Engagement / Lapsed Spenders,-2.1024,0.004
16007,48,4,1693.81,423.45,3.8918202981106265,1.6094379124341003,7.435325919136224,6.050794213183977,1,High-Value Active Customers,0.6169,0.448
16008,24,3,478.78,159.59,3.2188758248682006,1.3862943611198906,6.173327665501776,5.078854533073399,0,Low-Engagement / Lapsed Spenders,0.0737,-0.5235
16009,22,4,972.11,243.03,3.1354942159291497,1.6094379124341003,6.880497128211273,5.497291168555042,1,High-Value Active Customers,0.6428,-0.2335
16010,246,3,392.4,130.8,5.5093883366279774,1.3862943611198906,5.974826905954958,4.881285622068407,0,Low-Engagement / Lapsed Spenders,-0.8954,0.8562
16011,8,16,3352.96,209.56,2.1972245773362196,2.833213344056216,8.1178970162536,5.3497706481369525,1,High-Value Active Customers,2.6952,0.0905
16012,35,3,1415.29,471.76,3.58351893845611,1.3862943611198906,7.255796055544432,6.15858786014404,1,High-Value Active Customers,0.4476,0.1019
16013,4,47,37130.6,790.01,1.6094379124341003,3.8712010109078907,10.522223638082181,6.6733106099127735,1,High-Value Active Customers,4.999,0.9906
16014,38,3,646.83,215.61,3.6635616461296463,1.3862943611198906,6.473628316254615,5.378098501552887,0,Low-Engagement / Lapsed Spenders,0.0462,-0.1323
16015,4,3,704.55,234.85,1.6094379124341003,1.3862943611198906,6.55897764050377,5.463196009730271,1,High-Value Active Customers,0.8713,-1.4034
16016,3,8,1465.51,183.19,1.3862943611198906,2.1972245773362196,7.290640707350956,5.215967833531011,1,High-Value Active Customers,2.0373,-0.9681
16017,47,1,211.88,211.88,3.8712010109078907,0.6931471805599453,5.360728626669434,5.360728626669434,0,Low-Engagement / Lapsed Spenders,-1.188,-0.6711
16018,39,2,408.90000000000003,204.45,3.6888794541139363,1.0986122886681096,6.015913227510292,5.325202695329419,0,Low-Engagement / Lapsed Spenders,-0.4408,-0.393
16019,47,9,3786.2400000000002,420.69,3.8712010109078907,2.302585092994046,8.239392800596635,6.044270446930912,1,High-Value Active Customers,1.6332,0.993
16020,17,3,851.01,283.67,2.8903717578961645,1.3862943611198906,6.747598263849638,5.6513306146537765,1,High-Value Active Customers,0.4715,-0.5226
16022,260,1,602.63,602.63,5.564520407322694,0.6931471805599453,6.402961427447865,6.402961427447865,0,Low-Engagement / Lapsed Spenders,-1.3407,0.7819
16023,46,3,719.81,239.94,3.8501476017100584,1.3862943611198906,6.58037557967181,5.4845479398387065,0,Low-Engagement / Lapsed Spenders,0.0255,0.0249
16024,12,1,251.03,251.03,2.5649493574615367,0.6931471805599453,5.5295481280448655,5.5295481280448655,0,Low-Engagement / Lapsed Spenders,-0.609,-1.4377
16025,30,1,439.65999999999997,439.66,3.4339872044851463,0.6931471805599453,6.0882736030360425,6.0882736030360425,0,Low-Engagement / Lapsed Spenders,-0.676,-0.6833
16026,43,1,236.09,236.09,3.784189633918261,0.6931471805599453,5.468439815884993,5.468439815884993,0,Low-Engagement / Lapsed Spenders,-1.1037,-0.687
16027,92,6,934.62,155.77,4.532599493153256,1.9459101490553132,6.841209411138237,5.05477976308044,1,High-Value Active Customers,0.3949,0.7666
16029,39,63,80850.84,1283.35,3.6888794541139363,4.1588830833596715,11.300373622940477,7.158008032774965,1,High-Value Active Customers,4.834,2.7023
16030,310,1,331.24,331.24,5.739792912179234,0.6931471805599453,5.805857599322498,5.805857599322498,0,Low-Engagement / Lapsed Spenders,-1.6907,0.6756
16031,92,2,547.9,273.95,4.532599493153256,1.0986122886681096,6.3079162755558436,5.616589262953823,0,Low-Engagement / Lapsed Spenders,-0.6247,0.2483
16033,6,20,8778.82,438.94,1.9459101490553132,3.044522437723423,9.080211185280058,6.086638353977577,1,High-Value Active Customers,3.4387,0.3625
16034,196,3,437.7,145.9,5.2832037287379885,1.3862943611198906,6.083815808172169,4.989752083179832,0,Low-Engagement / Lapsed Spenders,-0.7573,0.7525
16036,87,2,758.92,379.46,4.477336814478207,1.0986122886681096,6.633213164581927,5.941381046939995,0,Low-Engagement / Lapsed Spenders,-0.4493,0.3317
16037,270,3,855.02,285.01,5.602118820879701,1.3862943611198906,6.752293740354778,5.656026775243555,0,Low-Engagement / Lapsed Spenders,-0.5622,1.1981
16038,8,3,471.78000000000003,157.26,2.1972245773362196,1.3862943611198906,6.158630164012735,5.064239250181047,1,High-Value Active Customers,0.457,-1.1766
16040,65,3,1313.55,437.85,4.189654742026425,1.3862943611198906,7.181249680723068,6.0841576690381265,0,Low-Engagement / Lapsed Spenders,0.1808,0.459
16041,31,3,3166.4,1055.47,3.4657359027997265,1.3862943611198906,8.060666341057626,6.9626884410069465,1,High-Value Active Customers,0.8743,0.3203
16042,22,5,1177.47,235.49,3.1354942159291497,1.791759469228055,7.071972265963926,5.465905923739927,1,High-Value Active Customers,0.8985,-0.094
16043,38,4,773.99,193.5,3.6635616461296463,1.6094379124341003,6.652850126044293,5.270432163058501,1,High-Value Active Customers,0.3331,0.0184
16045,120,4,1340.7,335.18,4.795790545596741,1.6094379124341003,7.201692745596426,5.817646730805248,0,Low-Engagement / Lapsed Spenders,0.1608,0.936
16048,373,2,256.44,128.22,5.924255797414532,1.0986122886681096,5.550786683244073,4.86151637813002,0,Low-Engagement / Lapsed Spenders,-1.5153,0.8547
16049,40,3,1074.81,358.27,3.713572066704308,1.3862943611198906,6.980829145204009,5.884074194947458,0,Low-Engagement / Lapsed Spenders,0.2676,0.0842
16050,174,1,137.9,137.9,5.1647859739235145,0.6931471805599453,4.933754249760298,4.933754249760298,0,Low-Engagement / Lapsed Spenders,-1.8846,-0.0066
16052,54,1,362.06,362.06,4.007333185232471,0.6931471805599453,5.894568109862285,5.894568109862285,0,Low-Engagement / Lapsed Spenders,-0.9869,-0.3904
16053,33,2,1511.95,755.98,3.5263605246161616,1.0986122886681096,7.321816666315659,6.629336833009172,0,Low-Engagement / Lapsed Spenders,0.2405,-0.0204
16054,145,1,783.9,783.9,4.983606621708336,0.6931471805599453,6.665556321132768,6.665556321132768,0,Low-Engagement / Lapsed Spenders,-0.9943,0.5093
16055,221,1,134.8,134.8,5.402677381872279,0.6931471805599453,4.911183215124596,4.911183215124596,0,Low-Engagement / Lapsed Spenders,-1.9862,0.136
16056,45,1,650.75,650.75,3.828641396489095,0.6931471805599453,6.479661052813611,6.479661052813611,0,Low-Engagement / Lapsed Spenders,-0.6412,-0.2906
16057,16,7,2263.12,323.3,2.833213344056216,2.0794415416798357,7.724941441452005,5.781669013313272,1,High-Value Active Customers,1.5839,0.0622
16059,66,6,1453.16,242.19,4.204692619390966,1.9459101490553132,7.282183693304844,5.493843030825574,1,High-Value Active Customers,0.7292,0.7193
16062,10,4,1153.62,288.4,2.3978952727983707,1.6094379124341003,7.051526564493091,5.667809814197383,1,High-Value Active Customers,1.0056,-0.6388
16063,260,1,335.32,335.32,5.564520407322694,0.6931471805599453,5.818063087688587,5.818063087688587,0,Low-Engagement / Lapsed Spenders,-1.618,0.5689
16065,365,1,367.14,367.14,5.902633333401366,0.6931471805599453,5.908463300604576,5.908463300604576,0,Low-Engagement / Lapsed Spenders,-1.7043,0.8162
16066,17,5,1521.04,304.21,2.8903717578961645,1.791759469228055,7.327806819285222,5.721000064273266,1,High-Value Active Customers,1.1135,-0.1562
16070,22,2,852.15,426.08,3.1354942159291497,1.0986122886681096,6.748935381973274,6.056971349310102,0,Low-Engagement / Lapsed Spenders,0.1181,-0.4768
16071,45,1,326.24,326.24,3.828641396489095,0.6931471805599453,5.790693846645498,5.790693846645498,0,Low-Engagement / Lapsed Spenders,-0.9679,-0.5415
16072,288,1,584.3199999999999,584.32,5.666426688112432,0.6931471805599453,6.3721587062242255,6.3721587062242255,0,Low-Engagement / Lapsed Spenders,-1.3942,0.8353
16073,297,1,122.39999999999999,122.4,5.697093486505405,0.6931471805599453,4.8154311114712876,4.8154311114712876,0,Low-Engagement / Lapsed Spenders,-2.144,0.2878
16076,3,10,2234.73,223.47,1.3862943611198906,2.3978952727983707,7.712323075642278,5.4137420679634545,1,High-Value Active Customers,2.4188,-0.7378
16078,284,1,79.2,79.2,5.652489180268651,0.6931471805599453,4.384523514872469,4.384523514872469,0,Low-Engagement / Lapsed Spenders,-2.3313,0.1026
16079,17,3,1352.0,450.67,2.8903717578961645,1.3862943611198906,7.210079628170788,6.11295182469226,1,High-Value Active Customers,0.6908,-0.3542
16080,82,2,217.16,108.58,4.418840607796598,1.0986122886681096,5.385228738537333,4.696654876110269,0,Low-Engagement / Lapsed Spenders,-1.0187,-0.1599
16081,56,5,2799.42,559.88,4.04305126783455,1.791759469228055,7.93752468491442,6.329506978898713,1,High-Value Active Customers,0.9622,0.7966
16083,101,2,1317.62,658.81,4.624972813284271,1.0986122886681096,7.184341014166175,6.49195191478754,0,Low-Engagement / Lapsed Spenders,-0.2444,0.626
16084,299,1,436.18,436.18,5.703782474656201,0.6931471805599453,6.0803450096018565,6.0803450096018565,0,Low-Engagement / Lapsed Spenders,-1.5468,0.7527
16085,23,5,981.51,196.3,3.1780538303479458,1.791759469228055,6.890110521808668,5.2847254130285695,1,High-Value Active Customers,0.796,-0.1333
16086,59,5,1121.39,224.28,4.0943445622221,1.791759469228055,7.023215619268875,5.417344072969677,1,High-Value Active Customers,0.5091,0.4961
16091,155,2,315.06,157.53,5.049856007249537,1.0986122886681096,5.755932068980957,5.065943849855136,0,Low-Engagement / Lapsed Spenders,-1.084,0.3751
16092,115,3,817.86,272.62,4.7535901911063645,1.3862943611198906,6.707913129070193,5.611740282491968,0,Low-Engagement / Lapsed Spenders,-0.2591,0.6441
16093,107,1,17.0,17.0,4.68213122712422,0.6931471805599453,2.8903717578961645,2.8903717578961645,0,Low-Engagement / Lapsed Spenders,-2.6691,-1.0567
16094,12,4,1078.23,269.56,2.5649493574615367,1.6094379124341003,6.984003102876341,5.600493885150271,1,High-Value Active Customers,0.9098,-0.5575
16096,264,1,320.62,320.62,5.579729825986222,0.6931471805599453,5.773370724425878,5.773370724425878,0,Low-Engagement / Lapsed Spenders,-1.645,0.5623
16097,240,1,185.04999999999998,185.05,5.484796933490655,0.6931471805599453,5.226015454792631,5.226015454792631,0,Low-Engagement / Lapsed Spenders,-1.8683,0.3028
16098,88,7,2005.63,286.52,4.48863636973214,2.0794415416798357,7.604211977042565,5.661292423035249,1,High-Value Active Customers,0.8943,1.0677
16099,50,3,731.9,243.97,3.9318256327243257,1.3862943611198906,6.597009266931805,5.501135754067647,0,Low-Engagement / Lapsed Spenders,0.0022,0.0827
16101,71,1,1290.7,1290.7,4.276666119016055,0.6931471805599453,7.16371445923797,7.16371445923797,0,Low-Engagement / Lapsed Spenders,-0.488,0.2426
16102,42,3,1842.14,614.05,3.7612001156935624,1.3862943611198906,7.519225917888408,6.421703565314794,1,High-Value Active Customers,0.5047,0.3104
16103,7,6,1429.64,238.27,2.0794415416798357,1.9459101490553132,7.265877175579781,5.477592621405586,1,High-Value Active Customers,1.5334,-0.6339
16104,62,1,298.21,298.21,4.143134726391533,0.6931471805599453,5.701145668001697,5.701145668001697,0,Low-Engagement / Lapsed Spenders,-1.1305,-0.3747
16105,249,1,336.96,336.96,5.521460917862246,0.6931471805599453,5.822927545284644,5.822927545284644,0,Low-Engagement / Lapsed Spenders,-1.5992,0.5434
16106,66,1,108.38,108.38,4.204692619390966,0.6931471805599453,4.694828057918627,4.694828057918627,0,Low-Engagement / Lapsed Spenders,-1.6311,-0.7022
16107,18,7,3204.1600000000003,457.74,2.9444389791664403,2.0794415416798357,8.072517290105589,6.12848360076607,1,High-Value Active Customers,1.7062,0.2593
16108,85,1,842.5,842.5,4.454347296253507,0.6931471805599453,6.737559901986023,6.737559901986023,0,Low-Engagement / Lapsed Spenders,-0.7579,0.2
16109,219,2,611.88,305.94,5.393627546352361,1.0986122886681096,6.418169158208565,5.726652288746949,0,Low-Engagement / Lapsed Spenders,-0.9013,0.8342
16110,45,3,1320.95,440.32,3.828641396489095,1.3862943611198906,7.186863198213779,6.0897702358921055,1,High-Value Active Customers,0.3213,0.2322
16112,143,4,195.73999999999998,48.93,4.969813299576001,1.6094379124341003,5.281883060084612,3.910622024512518,0,Low-Engagement / Lapsed Spenders,-0.8159,0.3471
16113,183,1,161.38,161.38,5.214935757608986,0.6931471805599453,5.089939267434301,5.089939267434301,0,Low-Engagement / Lapsed Spenders,-1.8297,0.0821
16114,171,1,135.75000000000003,135.75,5.147494476813453,0.6931471805599453,4.918154441302091,4.91815444130209,0,Low-Engagement / Lapsed Spenders,-1.8854,-0.0232
16115,10,8,1660.8799999999999,207.61,2.3978952727983707,2.1972245773362196,7.415704770642627,5.340466480056195,1,High-Value Active Customers,1.7102,-0.2813
16116,212,1,612.78,612.78,5.3612921657094255,0.6931471805599453,6.419636557751217,6.419636557751217,0,Low-Engagement / Lapsed Spenders,-1.2551,0.6592
16117,190,1,232.21,232.21,5.25227342804663,0.6931471805599453,5.451939335203601,5.451939335203601,0,Low-Engagement / Lapsed Spenders,-1.6723,0.2376
16119,8,2,423.36,211.68,2.1972245773362196,1.0986122886681096,6.050582151591071,5.359788688636137,0,Low-Engagement / Lapsed Spenders,0.1454,-1.3259
16120,59,4,1309.14,327.29,4.0943445622221,1.6094379124341003,7.1778892807139885,5.793897364098461,1,High-Value Active Customers,0.4175,0.4827
16121,57,2,854.66,427.33,4.060443010546419,1.0986122886681096,6.751873100976731,6.059893926529762,0,Low-Engagement / Lapsed Spenders,-0.2338,0.1106
16122,73,4,684.4200000000001,171.1,4.304065093204169,1.6094379124341003,6.530031789055632,5.1480757032174935,0,Low-Engagement / Lapsed Spenders,0.0302,0.3797
16123,52,1,307.78,307.78,3.970291913552122,0.6931471805599453,5.732629049213781,5.732629049213781,0,Low-Engagement / Lapsed Spenders,-1.0495,-0.4728
16124,317,1,249.0,249.0,5.762051382780177,0.6931471805599453,5.521460917862246,5.521460917862246,0,Low-Engagement / Lapsed Spenders,-1.8341,0.5861
16125,367,1,289.35,289.35,5.908082938168931,0.6931471805599453,5.671087091818059,5.671087091818059,0,Low-Engagement / Lapsed Spenders,-1.8189,0.7332
16126,29,4,6287.77,1571.94,3.4011973816621555,1.6094379124341003,8.74652078208272,7.360701758656282,1,High-Value Active Customers,1.426,0.6146
16127,39,1,656.25,656.25,3.6888794541139363,0.6931471805599453,6.488064463609991,6.488064463609991,0,Low-Engagement / Lapsed Spenders,-0.5838,-0.3761
16128,18,5,1880.22,376.04,2.9444389791664403,1.791759469228055,7.53967578152618,5.932351282615476,1,High-Value Active Customers,1.1933,-0.0448
16131,52,6,3506.54,584.42,3.970291913552122,1.9459101490553132,8.162670216045587,6.3723295383479135,1,High-Value Active Customers,1.2363,0.8914
16133,4,33,14589.04,442.09,1.6094379124341003,3.5263605246161616,9.588094383116912,6.093772909681762,1,High-Value Active Customers,4.2441,0.5185
16134,22,2,618.09,309.04,3.1354942159291497,1.0986122886681096,6.428250657915328,5.736701321413311,0,Low-Engagement / Lapsed Spenders,-0.0339,-0.5936
16135,263,1,517.55,517.55,5.575949103146316,0.6931471805599453,6.251036455035743,6.251036455035743,0,Low-Engagement / Lapsed Spenders,-1.4171,0.7339
16136,60,3,709.38,236.46,4.110873864173311,1.3862943611198906,6.5658000381285,5.469999188237646,0,Low-Engagement / Lapsed Spenders,-0.081,0.1849
16139,19,3,635.41,211.8,2.995732273553991,1.3862943611198906,6.455843009727984,5.360352757467489,1,High-Value Active Customers,0.2929,-0.5621
16140,66,2,725.18,362.59,4.204692619390966,1.0986122886681096,6.587797917978567,5.8960268591748415,0,Low-Engagement / Lapsed Spenders,-0.3667,0.1423
16141,88,1,620.4,620.4,4.48863636973214,0.6931471805599453,6.431974996958947,6.431974996958947,0,Low-Engagement / Lapsed Spenders,-0.9159,0.1105
16142,250,1,535.34,535.34,5.5254529391317835,0.6931471805599453,6.284768288327816,6.284768288327816,0,Low-Engagement / Lapsed Spenders,-1.3818,0.7141
16143,3,6,2424.94,404.16,1.3862943611198906,1.9459101490553132,7.793974357128903,6.004282050818596,1,High-Value Active Customers,2.0485,-0.881
16144,247,1,175.2,175.2,5.5134287461649825,0.6931471805599453,5.171619713502079,5.171619713502079,0,Low-Engagement / Lapsed Spenders,-1.905,0.3011
16145,9,11,3799.4900000000002,345.41,2.302585092994046,2.4849066497880004,8.242885284769901,5.847623044631874,1,High-Value Active Customers,2.3991,0.0696
16146,157,3,734.13,244.71,5.062595033026967,1.3862943611198906,6.600047354321349,5.50415197873961,0,Low-Engagement / Lapsed Spenders,-0.4283,0.8007
16147,134,1,375.0,375.0,4.90527477843843,0.6931471805599453,5.929589143389895,5.929589143389895,0,Low-Engagement / Lapsed Spenders,-1.3133,0.1916
16148,296,1,76.32000000000001,76.32,5.6937321388027,0.6931471805599453,4.34795265434013,4.34795265434013,0,Low-Engagement / Lapsed Spenders,-2.3644,0.1154
16149,5,2,280.52,140.26,1.791759469228055,1.0986122886681096,5.640203493013329,4.9506021639807765,0,Low-Engagement / Lapsed Spenders,0.1057,-1.7324
16150,43,5,2053.02,410.6,3.784189633918261,1.791759469228055,7.627554127539443,6.020052003959894,1,High-Value Active Customers,0.9142,0.5196
16152,269,1,1829.04,1829.04,5.598421958998375,0.6931471805599453,7.512093103520083,7.512093103520083,0,Low-Engagement / Lapsed Spenders,-0.8277,1.2074
16153,50,5,1824.23,364.85,3.9318256327243257,1.791759469228055,7.5094612854730665,5.902223413330039,1,High-Value Active Customers,0.8018,0.5702
16156,9,9,3092.04,343.56,2.302585092994046,2.302585092994046,8.03690970502951,5.842268240745855,1,High-Value Active Customers,2.1364,-0.0752
16157,16,3,656.69,218.9,2.833213344056216,1.3862943611198906,6.488733695691184,5.393172897560715,1,High-Value Active Customers,0.3706,-0.6531
16159,282,1,348.2,348.2,5.645446897643238,0.6931471805599453,5.855644823965447,5.855644823965447,0,Low-Engagement / Lapsed Spenders,-1.6311,0.6339
16160,65,2,1025.44,512.72,4.189654742026425,1.0986122886681096,6.933851783703411,6.2416783699448555,0,Low-Engagement / Lapsed Spenders,-0.1969,0.2588
16161,2,19,5533.67,291.25,1.0986122886681096,2.995732273553991,8.618787222769154,5.677609600352178,1,High-Value Active Customers,3.4995,-0.3614
16162,252,1,37.4,37.4,5.53338948872752,0.6931471805599453,3.648057459593681,3.648057459593681,0,Low-Engagement / Lapsed Spenders,-2.635,-0.2411
16163,232,2,856.6,428.3,5.4510384535657,1.0986122886681096,6.754137790316538,6.062155975230515,0,Low-Engagement / Lapsed Spenders,-0.7639,0.993
16164,17,3,822.48,274.16,2.8903717578961645,1.3862943611198906,6.713539262741108,5.617352746657813,1,High-Value Active Customers,0.4553,-0.535
16168,11,27,3787.6,140.28,2.4849066497880004,3.332204510175204,8.239751836694179,4.9507437368556495,1,High-Value Active Customers,3.0946,0.5081
16169,8,4,1822.97,455.74,2.1972245773362196,1.6094379124341003,7.5087707231305965,6.124114301203446,1,High-Value Active Customers,1.2991,-0.5995
16170,51,6,1885.05,314.18,3.9512437185814275,1.9459101490553132,7.542239973976665,5.753143904193925,1,High-Value Active Customers,0.9494,0.6534
16171,59,1,73.2,73.2,4.0943445622221,0.6931471805599453,4.3067641501733345,4.3067641501733345,0,Low-Engagement / Lapsed Spenders,-1.773,-0.9135
16172,95,5,1140.21,228.04,4.564348191467836,1.791759469228055,7.039844382006876,5.43389666078986,1,High-Value Active Customers,0.3375,0.8001
16173,16,6,1418.32,236.39,2.833213344056216,1.9459101490553132,7.257933162659462,5.469704358289212,1,High-Value Active Customers,1.2416,-0.1589
16174,126,3,1009.5500000000001,336.52,4.844187086458591,1.3862943611198906,6.918250016074778,5.8216247678160835,0,Low-Engagement / Lapsed Spenders,-0.194,0.7781
16175,94,4,1037.59,259.4,4.553876891600541,1.6094379124341003,6.945619303018016,5.562218910334414,0,Low-Engagement / Lapsed Spenders,0.1318,0.6894
16177,50,1,331.95,331.95,3.9318256327243257,0.6931471805599453,5.807992328556631,5.807992328556631,0,Low-Engagement / Lapsed Spenders,-0.9991,-0.4698
16178,138,1,197.9,197.9,4.9344739331306915,0.6931471805599453,5.292802185859927,5.292802185859927,0,Low-Engagement / Lapsed Spenders,-1.6264,-0.0218
16179,61,1,215.83,215.83,4.127134385045092,0.6931471805599453,5.379113636376126,5.379113636376126,0,Low-Engagement / Lapsed Spenders,-1.2771,-0.5022
16180,100,8,10254.18,1281.77,4.61512051684126,2.1972245773362196,9.235538222765896,7.156777081203159,1,High-Value Active Customers,1.7261,1.7871
16181,73,1,305.54,305.54,4.304065093204169,0.6931471805599453,5.725348252570762,5.725348252570762,0,Low-Engagement / Lapsed Spenders,-1.1805,-0.2639
16182,72,4,6617.65,1654.41,4.290459441148391,1.6094379124341003,8.797646700642568,7.411803991269101,1,High-Value Active Customers,1.1106,1.1969
16183,67,1,338.71000000000004,338.71,4.219507705176107,0.6931471805599453,5.828092312472438,5.828092312472438,0,Low-Engagement / Lapsed Spenders,-1.0995,-0.2801
16184,64,6,1158.79,193.13,4.174387269895637,1.9459101490553132,7.055994233228931,5.268528037737284,1,High-Value Active Customers,0.6336,0.6177
16185,17,2,529.41,264.7,2.8903717578961645,1.0986122886681096,6.273650292389248,5.582367852765768,0,Low-Engagement / Lapsed Spenders,-0.0136,-0.8053
16186,23,12,4006.94,333.91,3.1780538303479458,2.5649493574615367,8.296032672592768,5.813861839013968,1,High-Value Active Customers,2.1623,0.6745
16187,32,15,6911.4400000000005,460.76,3.4965075614664802,2.772588722239781,8.841077965865253,6.135045275585506,1,High-Value Active Customers,2.487,1.1544
16188,45,4,981.86,245.46,3.828641396489095,1.6094379124341003,6.890466688844595,5.507199708509977,1,High-Value Active Customers,0.3827,0.2096
16189,16,2,215.48,107.74,2.833213344056216,1.0986122886681096,5.3774981644224775,4.688959711717774,0,Low-Engagement / Lapsed Spenders,-0.4167,-1.1679
16190,40,1,215.08,215.08,3.713572066704308,0.6931471805599453,5.37564870948436,5.37564870948436,0,Low-Engagement / Lapsed Spenders,-1.1207,-0.7656
16191,3,13,5180.52,398.5,1.3862943611198906,2.639057329615259,8.552853728502956,5.990213765206329,1,High-Value Active Customers,3.0356,-0.3394
16193,237,1,314.45,314.45,5.472270673671475,0.6931471805599453,5.754000190816819,5.754000190816819,0,Low-Engagement / Lapsed Spenders,-1.6131,0.4871
16198,75,1,400.68100000000004,400.68,4.330733340286331,0.6931471805599453,5.995658241267267,5.99565575172645,0,Low-Engagement / Lapsed Spenders,-1.0625,-0.1485
16200,4,2,1068.8700000000001,534.44,1.6094379124341003,1.0986122886681096,6.975292424747694,6.283088838792387,1,High-Value Active Customers,0.8084,-1.3618
16201,3,4,1863.47,465.87,1.3862943611198906,1.6094379124341003,7.530732109384843,6.146050846325049,1,High-Value Active Customers,1.6193,-1.1055
16202,361,1,365.27,365.27,5.891644211825771,0.6931471805599453,5.903370766348874,5.903370766348874,0,Low-Engagement / Lapsed Spenders,-1.7025,0.8074
16203,59,4,592.9,148.22,4.0943445622221,1.6094379124341003,6.386710955021814,5.005421727043368,0,Low-Engagement / Lapsed Spenders,0.0423,0.1945
16204,23,1,384.18,384.18,3.1780538303479458,0.6931471805599453,5.953710757496066,5.953710757496066,0,Low-Engagement / Lapsed Spenders,-0.6421,-0.8945
16205,31,4,757.63,189.41,3.4657359027997265,1.6094379124341003,6.631514175005942,5.249179641986489,1,High-Value Active Customers,0.3985,-0.1148
16206,55,4,537.0600000000001,134.27,4.02535169073515,1.6094379124341003,6.287970078106996,4.907272781101103,0,Low-Engagement / Lapsed Spenders,0.0219,0.1148
16207,25,1,394.38,394.38,3.258096538021482,0.6931471805599453,5.979847327767791,5.979847327767791,0,Low-Engagement / Lapsed Spenders,-0.6602,-0.8343
16208,45,2,664.26,332.13,3.828641396489095,1.0986122886681096,6.500177941687698,5.808532804188332,0,Low-Engagement / Lapsed Spenders,-0.2646,-0.128
16209,89,5,2262.62,452.52,4.499809670330265,1.791759469228055,7.724720580712637,6.117039370016048,1,High-Value Active Customers,0.6869,1.0086
16210,2,18,21086.3,1171.46,1.0986122886681096,2.9444389791664403,9.956426242517605,7.0668593845999075,1,High-Value Active Customers,4.0873,0.1062
16211,89,1,547.02,547.02,4.499809670330265,0.6931471805599453,6.306311782632405,6.306311782632405,0,Low-Engagement / Lapsed Spenders,-0.9798,0.0718
16212,19,2,690.34,345.17,2.995732273553991,1.0986122886681096,6.538631743276411,5.846929983874686,0,Low-Engagement / Lapsed Spenders,0.0718,-0.642
16213,79,1,159.0,159.0,4.382026634673881,0.6931471805599453,5.075173815233827,5.075173815233827,0,Low-Engagement / Lapsed Spenders,-1.5185,-0.4513
16214,171,3,1062.75,354.25,5.147494476813453,1.3862943611198906,6.969555679887584,5.87282176697721,0,Low-Engagement / Lapsed Spenders,-0.2855,0.9891
16215,81,1,242.35,242.35,4.406719247264253,0.6931471805599453,5.494500736279464,5.494500736279464,0,Low-Engagement / Lapsed Spenders,-1.3291,-0.2829
16216,267,1,914.9300000000001,914.93,5.5909869805108565,0.6931471805599453,6.81993994254006,6.819939942540059,0,Low-Engagement / Lapsed Spenders,-1.1531,0.9506
16217,235,2,304.25,152.12,5.4638318050256105,1.0986122886681096,5.721131112990814,5.031221927704644,0,Low-Engagement / Lapsed Spenders,-1.2586,0.6249
16218,30,7,3084.68,440.67,3.4339872044851463,2.0794415416798357,8.034527333444103,6.090562996893545,1,High-Value Active Customers,1.5012,0.5558
16221,37,3,860.86,286.95,3.6375861597263857,1.3862943611198906,6.759092844480235,5.6627868539526816,0,Low-Engagement / Lapsed Spenders,0.1915,-0.0448
16222,318,1,773.5500000000001,773.55,5.765191102784844,0.6931471805599453,6.652282215552372,6.652282215552372,0,Low-Engagement / Lapsed Spenders,-1.2991,1.0
16224,57,4,1295.3,323.82,4.060443010546419,1.6094379124341003,7.167269331605997,5.783271182746457,1,High-Value Active Customers,0.4254,0.4573
16225,45,5,1096.32,219.26,3.828641396489095,1.791759469228055,7.000626122386744,5.394808666736798,1,High-Value Active Customers,0.5999,0.3194
16226,203,3,255.12,85.04,5.318119993844216,1.3862943611198906,5.545646084650602,4.454812304399529,0,Low-Engagement / Lapsed Spenders,-1.0258,0.5786
16227,225,1,314.22,314.22,5.420534999272286,0.6931471805599453,5.753270807747395,5.753270807747395,0,Low-Engagement / Lapsed Spenders,-1.5937,0.454
16229,87,2,1010.6,505.3,4.477336814478207,1.0986122886681096,6.91928851479581,6.227129378975864,0,Low-Engagement / Lapsed Spenders,-0.3137,0.4359
16230,190,2,542.03,271.02,5.25227342804663,1.0986122886681096,6.297164567026571,5.605875593004607,0,Low-Engagement / Lapsed Spenders,-0.9047,0.7006
16232,44,4,990.88,247.72,3.8066624897703196,1.6094379124341003,6.89960213222575,5.516327765750498,1,High-Value Active Customers,0.3954,0.199
16233,71,3,536.6800000000001,178.89,4.276666119016055,1.3862943611198906,6.287263587661711,5.1923455529745945,0,Low-Engagement / Lapsed Spenders,-0.2764,0.1885
16235,41,5,867.31,173.46,3.7376696182833684,1.791759469228055,6.766548793757163,5.161695489005073,1,High-Value Active Customers,0.5237,0.1765
16236,78,1,432.2,432.2,4.3694478524670215,0.6931471805599453,6.071199515126835,6.071199515126835,0,Low-Engagement / Lapsed Spenders,-1.0415,-0.0965
16239,57,2,414.2,207.1,4.060443010546419,1.0986122886681096,6.028760331851679,5.338018733399589,0,Low-Engagement / Lapsed Spenders,-0.5767,-0.1527
16240,24,2,3718.8,1859.4,3.2188758248682006,1.0986122886681096,8.221425182381026,7.528546797349942,1,High-Value Active Customers,0.7845,0.1123
16241,10,13,2590.31,199.25,2.3978952727983707,2.639057329615259,7.859918818329966,5.299566585948469,1,High-Value Active Customers,2.3206,0.0495
16242,8,7,3579.86,511.41,2.1972245773362196,2.0794415416798357,8.183358274009397,6.239125085835267,1,High-Value Active Customers,2.0442,-0.174
16243,34,2,409.1,204.55,3.5553480614894135,1.0986122886681096,6.016401032398013,5.325689313343887,0,Low-Engagement / Lapsed Spenders,-0.3896,-0.4774
16244,212,2,1522.75,761.38,5.3612921657094255,1.0986122886681096,7.328929680795481,6.636445119047319,0,Low-Engagement / Lapsed Spenders,-0.4571,1.1454
16245,24,3,1413.66,471.22,3.2188758248682006,1.3862943611198906,7.254644498519316,6.157444978688818,1,High-Value Active Customers,0.5864,-0.1297
16247,170,1,114.56,114.56,5.14166355650266,0.6931471805599453,4.749789875598035,4.749789875598035,0,Low-Engagement / Lapsed Spenders,-1.963,-0.0882
16248,62,1,152.94,152.94,4.143134726391533,0.6931471805599453,5.036562916106171,5.036562916106171,0,Low-Engagement / Lapsed Spenders,-1.4456,-0.6168
16249,53,5,1800.07,360.01,3.9889840465642745,1.791759469228055,7.496136211716589,5.888905658780245,1,High-Value Active Customers,0.7736,0.6015
16250,261,2,389.44,194.72,5.568344503761097,1.0986122886681096,5.967274308306765,5.276685066420923,0,Low-Engagement / Lapsed Spenders,-1.1818,0.7808
16253,67,2,3683.86,1841.93,4.219507705176107,1.0986122886681096,8.21198781204284,7.519111975396688,1,High-Value Active Customers,0.3978,0.7432
16255,17,8,2619.91,327.49,2.8903717578961645,2.1972245773362196,7.871276864694926,5.794506396061012,1,High-Value Active Customers,1.738,0.1968
16256,267,1,752.4300000000001,752.43,5.5909869805108565,0.6931471805599453,6.624636113950167,6.624636113950167,0,Low-Engagement / Lapsed Spenders,-1.2457,0.8795
16257,177,1,46.95,46.95,5.181783550292085,0.6931471805599453,3.8701588013294472,3.8701588013294472,0,Low-Engagement / Lapsed Spenders,-2.3954,-0.3831
16258,45,5,5203.51,1040.7,3.828641396489095,1.791759469228055,8.557280836367838,6.948609272990403,1,High-Value Active Customers,1.338,0.8864
16260,51,1,1035.45,1035.45,3.9512437185814275,0.6931471805599453,6.9435566914455205,6.9435566914455205,0,Low-Engagement / Lapsed Spenders,-0.4681,-0.0439
16261,17,4,728.54,182.14,2.8903717578961645,1.6094379124341003,6.592414198536382,5.210250887679586,1,High-Value Active Customers,0.5998,-0.4938
16265,9,9,5447.0,605.22,2.302585092994046,2.302585092994046,8.60300384782935,6.407242956491211,1,High-Value Active Customers,2.4049,0.131
16266,74,7,861.89,123.13,4.31748811353631,2.0794415416798357,6.760287220618741,4.821329403527856,1,High-Value Active Customers,0.5595,0.6518
16268,71,2,667.65,333.82,4.276666119016055,1.0986122886681096,6.5052607543188055,5.813593073987638,0,Low-Engagement / Lapsed Spenders,-0.4333,0.1579
16270,353,1,1141.24,1141.24,5.869296913133774,0.6931471805599453,7.040746525754151,7.040746525754151,0,Low-Engagement / Lapsed Spenders,-1.1547,1.2074
16271,3,5,1404.64,280.93,1.3862943611198906,1.791759469228055,7.248247994066157,5.641658813174351,1,High-Value Active Customers,1.6503,-1.1387
16272,117,1,411.7,411.7,4.770684624465665,0.6931471805599453,6.022720936758536,6.022720936758536,0,Low-Engagement / Lapsed Spenders,-1.2177,0.1402
16274,373,1,351.75,351.75,5.924255797414532,0.6931471805599453,5.865759590732924,5.865759590732924,0,Low-Engagement / Lapsed Spenders,-1.7328,0.8143
16275,197,1,559.87,559.87,5.288267030694535,0.6931471805599453,6.329489149614112,6.329489149614112,0,Low-Engagement / Lapsed Spenders,-1.27,0.5801
16276,177,1,810.6000000000001,810.6,5.181783550292085,0.6931471805599453,6.69900760795166,6.69900760795166,0,Low-Engagement / Lapsed Spenders,-1.0541,0.6471
16278,100,1,566.38,566.38,4.61512051684126,0.6931471805599453,6.34102927325157,6.34102927325157,0,Low-Engagement / Lapsed Spenders,-1.0074,0.1575
16279,21,3,1502.78,500.93,3.091042453358316,1.3862943611198906,7.315737217214576,6.2184606677376815,1,High-Value Active Customers,0.6642,-0.1885
16281,72,1,2062.06,2062.06,4.290459441148391,0.6931471805599453,7.6319455965067835,7.6319455965067835,0,Low-Engagement / Lapsed Spenders,-0.2713,0.4219
16282,340,1,168.3,168.3,5.831882477283517,0.6931471805599453,5.13167228913909,5.13167228913909,0,Low-Engagement / Lapsed Spenders,-2.0456,0.4884
16283,6,5,1570.81,314.16,1.9459101490553132,1.791759469228055,7.359983100544423,5.753080446377488,1,High-Value Active Customers,1.4895,-0.7432
16284,31,2,812.68,406.34,3.4657359027997265,1.0986122886681096,6.70156716831734,6.009648217541611,0,Low-Engagement / Lapsed Spenders,-0.0305,-0.2847
16287,170,1,142.5,142.5,5.14166355650266,0.6931471805599453,4.966335035199676,4.966335035199676,0,Low-Engagement / Lapsed Spenders,-1.8603,-0.0093
16292,122,1,302.25,302.25,4.812184355372417,0.6931471805599453,5.7145575478241595,5.7145575478241595,0,Low-Engagement / Lapsed Spenders,-1.3797,0.0543
16293,22,10,2248.9900000000002,224.9,3.1354942159291497,2.3978952727983707,7.718681050744145,5.420092423473958,1,High-Value Active Customers,1.7536,0.3734
16295,10,4,1328.55,332.14,2.3978952727983707,1.6094379124341003,7.192595818099261,5.808562822048962,1,High-Value Active Customers,1.0725,-0.5874
16297,269,1,301.9,301.9,5.598421958998375,0.6931471805599453,5.713402718033191,5.713402718033191,0,Low-Engagement / Lapsed Spenders,-1.6806,0.5523
16298,23,3,598.2,199.4,3.1780538303479458,1.3862943611198906,6.3955954322030095,5.3003153692107094,0,Low-Engagement / Lapsed Spenders,0.1947,-0.4685
16302,127,1,233.22,233.22,4.852030263919617,0.6931471805599453,5.4562608446139915,5.4562608446139915,0,Low-Engagement / Lapsed Spenders,-1.5174,-0.0145
16303,26,3,5360.63,1786.88,3.295836866004329,1.3862943611198906,8.587023312312065,7.488785839387249,1,High-Value Active Customers,1.1887,0.4043
16305,139,1,361.21999999999997,361.22,4.941642422609304,0.6931471805599453,5.8922517620363895,5.8922517620363895,0,Low-Engagement / Lapsed Spenders,-1.3449,0.2011
16306,214,6,632.27,105.38,5.3706380281276624,1.9459101490553132,6.450896871486089,4.667017589314171,0,Low-Engagement / Lapsed Spenders,-0.1103,1.1557
16308,38,4,2560.0,640.0,3.6635616461296463,1.6094379124341003,7.848153086199526,6.46302945692067,1,High-Value Active Customers,0.8999,0.4537
16309,106,2,706.57,353.28,4.672828834461906,1.0986122886681096,6.56183656455249,5.870087560941382,0,Low-Engagement / Lapsed Spenders,-0.5578,0.4296
16311,18,2,616.26,308.13,2.9444389791664403,1.0986122886681096,6.425290328985104,5.733761900397387,0,Low-Engagement / Lapsed Spenders,0.0377,-0.7158
16313,3,2,274.15000000000003,137.08,1.3862943611198906,1.0986122886681096,5.617316403505768,4.9278332273351175,0,Low-Engagement / Lapsed Spenders,0.2498,-1.9978
16315,331,1,226.37,226.37,5.805134968916488,0.6931471805599453,5.426578646492048,5.426578646492048,0,Low-Engagement / Lapsed Spenders,-1.8955,0.5789
16316,64,8,2938.91,367.36,4.174387269895637,2.1972245773362196,7.986134247619265,5.909060720853167,1,High-Value Active Customers,1.302,1.0526
16317,120,3,1341.65,447.22,4.795790545596741,1.3862943611198906,7.202400551985058,6.105284183307442,0,Low-Engagement / Lapsed Spenders,-0.0408,0.8509
16318,35,1,328.15,328.15,3.58351893845611,0.6931471805599453,5.796513573913885,5.796513573913885,0,Low-Engagement / Lapsed Spenders,-0.8715,-0.6948
16319,218,1,404.40000000000003,404.4,5.389071729816501,0.6931471805599453,6.004874234017899,6.004874234017899,0,Low-Engagement / Lapsed Spenders,-1.4624,0.5257
16320,172,2,1038.46,519.23,5.153291594497779,1.0986122886681096,6.946456626519212,6.2542710214785675,0,Low-Engagement / Lapsed Spenders,-0.559,0.8743
16321,72,5,373.65000000000003,74.73,4.290459441148391,1.791759469228055,5.92599225681032,4.327174383125731,0,Low-Engagement / Lapsed Spenders,-0.086,0.2208
16322,1,2,326.75,163.38,0.6931471805599453,1.0986122886681096,5.792251122643809,5.102180820720354,1,High-Value Active Customers,0.5975,-2.3735
16323,196,1,207.50000000000003,207.5,5.2832037287379885,0.6931471805599453,5.339939041238856,5.339939041238856,0,Low-Engagement / Lapsed Spenders,-1.7372,0.2164
16324,128,3,408.59000000000003,136.2,4.859812404361672,1.3862943611198906,6.01515665936477,4.921439715291784,0,Low-Engagement / Lapsed Spenders,-0.6282,0.4591
16325,47,3,594.24,198.08,3.8712010109078907,1.3862943611198906,6.38896468556185,5.293706753990353,0,Low-Engagement / Lapsed Spenders,-0.0733,-0.0315
16326,6,14,3039.2200000000003,217.09,1.9459101490553132,2.70805020110221,8.019685160202853,5.384907821629135,1,High-Value Active Customers,2.6314,-0.1525
16327,14,6,3820.27,636.71,2.70805020110221,1.9459101490553132,8.248338107080782,6.457883634553144,1,High-Value Active Customers,1.7591,0.1224
16330,18,3,251.91,83.97,2.9444389791664403,1.3862943611198906,5.533033694214862,4.44229825301545,0,Low-Engagement / Lapsed Spenders,-0.1251,-0.9307
16332,28,7,1582.8,226.11,3.367295829986474,2.0794415416798357,7.367582301776312,5.425434481607502,1,High-Value Active Customers,1.2104,0.2706
16333,8,22,26626.8,1210.31,2.1972245773362196,3.1354942159291497,10.189711061801596,7.099457697581844,1,High-Value Active Customers,3.9511,0.9607
16337,37,1,151.05,151.05,3.6375861597263857,0.6931471805599453,5.024209414123374,5.024209414123374,0,Low-Engagement / Lapsed Spenders,-1.2583,-0.9418
16338,157,1,214.79999999999998,214.8,5.062595033026967,0.6931471805599453,5.374352052824034,5.374352052824034,0,Low-Engagement / Lapsed Spenders,-1.6367,0.0891
16339,284,1,94.05,94.05,5.652489180268651,0.6931471805599453,4.554403068934438,4.554403068934438,0,Low-Engagement / Lapsed Spenders,-2.2508,0.1645
16340,107,1,534.31,534.31,4.68213122712422,0.6931471805599453,6.28284601833824,6.28284601833824,0,Low-Engagement / Lapsed Spenders,-1.0606,0.1788
16341,25,4,1971.87,492.97,3.258096538021482,1.6094379124341003,7.587244614343444,6.202474786598918,1,High-Value Active Customers,0.931,0.1016
16342,75,4,322.41,80.6,4.330733340286331,1.6094379124341003,5.778920868124441,4.401829261970061,0,Low-Engagement / Lapsed Spenders,-0.3361,0.123
16343,16,2,328.58,164.29,2.833213344056216,1.0986122886681096,5.797819116582584,5.107701506929262,0,Low-Engagement / Lapsed Spenders,-0.2174,-1.0148
16344,158,1,101.10000000000001,101.1,5.0689042022202315,0.6931471805599453,4.62595272517062,4.625952725170619,0,Low-Engagement / Lapsed Spenders,-1.9939,-0.1794
16345,44,1,565.46,565.46,3.8066624897703196,0.6931471805599453,6.33940646897248,6.33940646897248,0,Low-Engagement / Lapsed Spenders,-0.6993,-0.3556
16347,11,2,847.45,423.72,2.4849066497880004,1.0986122886681096,6.743411155418835,6.051430128275416,1,High-Value Active Customers,0.3641,-0.8912
16348,32,7,1415.65,202.24,3.4965075614664802,2.0794415416798357,7.256050208475266,5.3143875467255315,1,High-Value Active Customers,1.1082,0.3119
16349,291,1,53.5,53.5,5.676753802268282,0.6931471805599453,3.9982007016691985,3.9982007016691985,0,Low-Engagement / Lapsed Spenders,-2.5238,-0.0227
16350,21,4,1116.47,279.12,3.091042453358316,1.6094379124341003,7.018822480489789,5.635218082787317,1,High-Value Active Customers,0.7253,-0.2113
16351,333,1,153.9,153.9,5.8111409929767,0.6931471805599453,5.042779747422823,5.042779747422823,0,Low-Engagement / Lapsed Spenders,-2.0798,0.4429
16352,18,2,494.44,247.22,2.9444389791664403,1.0986122886681096,6.205446256629806,5.5143154497013755,0,Low-Engagement / Lapsed Spenders,-0.0666,-0.7959
16353,4,23,6675.71,290.25,1.6094379124341003,3.1780538303479458,8.806380630235296,5.67418200487991,1,High-Value Active Customers,3.5583,0.1005
16354,63,2,395.8,197.9,4.1588830833596715,1.0986122886681096,5.983432375410718,5.292802185859927,0,Low-Engagement / Lapsed Spenders,-0.6358,-0.1068
16356,198,3,211.77,70.59,5.293304824724492,1.3862943611198906,5.360211770085627,4.270955399408094,0,Low-Engagement / Lapsed Spenders,-1.1043,0.4954
16357,33,3,658.88,219.63,3.5263605246161616,1.3862943611198906,6.492058000307724,5.396487090320281,0,Low-Engagement / Lapsed Spenders,0.1074,-0.2125
16358,1,4,2027.5,506.88,0.6931471805599453,1.6094379124341003,7.615051882646502,6.23024519920159,1,High-Value Active Customers,1.924,-1.5142
16359,7,9,1750.92,194.55,2.0794415416798357,2.302585092994046,7.468467608353334,5.2758161012015234,1,High-Value Active Customers,1.9522,-0.4237
16360,5,6,3450.41,575.07,1.791759469228055,1.9459101490553132,8.146538122184259,6.356229181089767,1,High-Value Active Customers,2.0608,-0.4955
16361,10,4,891.21,222.8,2.3978952727983707,1.6094379124341003,6.793701530880624,5.4107527958778245,1,High-Value Active Customers,0.8834,-0.7327
16362,32,5,709.99,142.0,3.4965075614664802,1.791759469228055,6.566658365006723,4.962844630259907,1,High-Value Active Customers,0.521,-0.0492
16363,53,1,109.36000000000001,109.36,3.9889840465642745,0.6931471805599453,4.703747749349086,4.703747749349085,0,Low-Engagement / Lapsed Spenders,-1.5445,-0.8357
16364,12,2,705.79,352.9,2.5649493574615367,1.0986122886681096,6.560733592071543,5.869014387351418,0,Low-Engagement / Lapsed Spenders,0.2469,-0.907
16365,18,9,1540.42,171.16,2.9444389791664403,2.302585092994046,7.340459348477051,5.14842427697342,1,High-Value Active Customers,1.561,0.0781
16366,19,1,327.3,327.3,2.995732273553991,0.6931471805599453,5.793927824507547,5.793927824507547,0,Low-Engagement / Lapsed Spenders,-0.6482,-1.0683
16367,37,2,800.67,400.34,3.6375861597263857,1.0986122886681096,6.686697051867266,5.994808948358371,0,Low-Engagement / Lapsed Spenders,-0.1032,-0.1812
16368,2,2,479.91,239.96,1.0986122886681096,1.0986122886681096,6.175680142411356,5.484630944611529,1,High-Value Active Customers,0.6244,-1.9768
16369,18,3,1545.41,515.14,2.9444389791664403,1.3862943611198906,7.343691394505391,6.246378046510994,1,High-Value Active Customers,0.7335,-0.2713
16370,82,4,1301.91,325.48,4.418840607796598,1.6094379124341003,7.172355503365555,5.78836869109755,0,Low-Engagement / Lapsed Spenders,0.2909,0.6864
16372,33,2,355.73,177.86,3.5263605246161616,1.0986122886681096,5.876979193117597,5.186603376918035,0,Low-Engagement / Lapsed Spenders,-0.4446,-0.5466
16374,66,2,466.73,233.36,4.204692619390966,1.0986122886681096,6.14789120635657,5.456858394676588,0,Low-Engagement / Lapsed Spenders,-0.5753,-0.0179
16376,9,2,974.96,487.48,2.302585092994046,1.0986122886681096,6.883421601966684,6.191298528986568,1,High-Value Active Customers,0.5001,-0.9558
16377,267,1,676.2,676.2,5.5909869805108565,0.6931471805599453,6.51796665025898,6.51796665025898,0,Low-Engagement / Lapsed Spenders,-1.2962,0.8406
16378,247,3,362.95,120.98,5.5134287461649825,1.3862943611198906,5.897016495564267,4.8038570968683105,0,Low-Engagement / Lapsed Spenders,-0.9338,0.8304
16379,4,4,2157.4,539.35,1.6094379124341003,1.6094379124341003,7.677122485453491,6.292217077749175,1,High-Value Active Customers,1.6034,-0.9108
16380,61,1,1743.1499999999999,1743.15,4.127134385045092,0.6931471805599453,7.46402260994466,7.46402260994466,0,Low-Engagement / Lapsed Spenders,-0.2885,0.2572
16383,75,2,643.76,321.88,4.330733340286331,1.0986122886681096,6.46887815452873,5.777280737165244,0,Low-Engagement / Lapsed Spenders,-0.4712,0.1789
16384,90,2,584.5,292.25,4.51085950651685,1.0986122886681096,6.372466183037772,5.681025487533585,0,Low-Engagement / Lapsed Spenders,-0.5857,0.258
16385,60,3,554.86,184.95,4.110873864173311,1.3862943611198906,6.320516463982851,5.225477820371079,0,Low-Engagement / Lapsed Spenders,-0.1973,0.0955
16386,29,2,302.57,151.28,3.4011973816621555,1.0986122886681096,5.715612226409778,5.0257209315142966,0,Low-Engagement / Lapsed Spenders,-0.4733,-0.6847
16387,323,1,94.36,94.36,5.780743515792329,0.6931471805599453,4.55765920331704,4.55765920331704,0,Low-Engagement / Lapsed Spenders,-2.2982,0.2469
16389,53,4,1382.07,345.52,3.9889840465642745,1.6094379124341003,7.2320609449898114,5.847940537021939,1,High-Value Active Customers,0.4834,0.4356
16392,270,1,217.89,217.89,5.602118820879701,0.6931471805599453,5.388569320525063,5.388569320525063,0,Low-Engagement / Lapsed Spenders,-1.836,0.4363
16393,2,13,3040.96,233.92,1.0986122886681096,2.639057329615259,8.020257323488867,5.459245030654318,1,High-Value Active Customers,2.8929,-0.7158
16394,57,5,1555.34,311.07,4.060443010546419,1.791759469228055,7.350092189866152,5.74322752161913,1,High-Value Active Customers,0.6771,0.5936
16395,61,5,1482.06,296.41,4.127134385045092,1.791759469228055,7.3018627998495145,5.69511165820857,1,High-Value Active Customers,0.6287,0.6184
16398,154,2,1705.8,852.9,5.043425116919247,1.0986122886681096,7.4423755513138445,6.74981409091356,0,Low-Engagement / Lapsed Spenders,-0.2819,0.9853
16399,19,2,408.02,204.01,2.995732273553991,1.0986122886681096,6.013764054602749,5.323058758436484,0,Low-Engagement / Lapsed Spenders,-0.177,-0.8332
16400,95,1,303.93,303.93,4.564348191467836,0.6931471805599453,5.720082242069654,5.720082242069654,0,Low-Engagement / Lapsed Spenders,-1.2824,-0.1008
16401,1,12,4098.32,341.53,0.6931471805599453,2.5649493574615367,8.318576385278623,5.836359245107267,1,High-Value Active Customers,3.1222,-0.8925
16402,265,2,293.45,146.72,5.583496308781699,1.0986122886681096,5.68510920939058,4.995318589984363,0,Low-Engagement / Lapsed Spenders,-1.3214,0.6876
16403,312,1,177.5,177.5,5.746203190540153,0.6931471805599453,5.184588601219694,5.184588601219694,0,Low-Engagement / Lapsed Spenders,-1.9878,0.4534
16404,70,1,443.05,443.05,4.2626798770413155,0.6931471805599453,6.095937168704513,6.095937168704513,0,Low-Engagement / Lapsed Spenders,-0.9889,-0.1552
16405,302,2,167.25,83.62,5.713732805509369,1.0986122886681096,5.125450968524837,4.438170645291922,0,Low-Engagement / Lapsed Spenders,-1.6365,0.5664
16406,19,1,154.35,154.35,2.995732273553991,0.6931471805599453,5.045680635839056,5.045680635839056,0,Low-Engagement / Lapsed Spenders,-1.003,-1.3408
16407,13,10,2079.68,207.97,2.639057329615259,2.3978952727983707,7.640450042344582,5.342190700992006,1,High-Value Active Customers,1.9062,0.0302
16409,36,5,2022.98,404.6,3.6109179126442243,1.791759469228055,7.61282114893561,6.005367452276974,1,High-Value Active Customers,0.9734,0.4044
16411,19,2,211.7,105.85,2.995732273553991,1.0986122886681096,5.3598827222061916,4.671425981765156,0,Low-Engagement / Lapsed Spenders,-0.4871,-1.0713
16412,54,1,135.99,135.99,4.007333185232471,0.6931471805599453,4.919907930463299,4.919907930463299,0,Low-Engagement / Lapsed Spenders,-1.449,-0.7453
16413,57,1,262.2,262.2,4.060443010546419,0.6931471805599453,5.572914199451162,5.572914199451162,0,Low-Engagement / Lapsed Spenders,-1.1597,-0.4739
16414,22,2,126.25,63.12,3.1354942159291497,1.0986122886681096,4.846153655430632,4.160756327741352,0,Low-Engagement / Lapsed Spenders,-0.7841,-1.1698
16415,44,1,200.27,200.27,3.8066624897703196,0.6931471805599453,5.304647290242906,5.304647290242906,0,Low-Engagement / Lapsed Spenders,-1.1899,-0.7324
16416,27,3,1051.4,350.47,3.332204510175204,1.3862943611198906,6.958828549166138,5.862124359101927,1,High-Value Active Customers,0.4028,-0.1656
16418,45,3,631.12,210.37,3.828641396489095,1.3862943611198906,6.449079249540903,5.353610152296746,0,Low-Engagement / Lapsed Spenders,-0.0285,-0.0366
16419,113,6,958.71,159.78,4.736198448394496,1.9459101490553132,6.866631155492188,5.0800369708998145,1,High-Value Active Customers,0.3292,0.9049
16422,17,51,34684.4,680.09,2.8903717578961645,3.9512437185814275,10.454074128115597,6.523694456007644,1,High-Value Active Customers,4.5498,1.8084
16423,25,1,346.12,346.12,3.258096538021482,0.6931471805599453,5.849670541490095,5.849670541490095,0,Low-Engagement / Lapsed Spenders,-0.722,-0.8817
16424,191,1,133.56,133.56,5.2574953720277815,0.6931471805599453,4.902010196224638,4.902010196224638,0,Low-Engagement / Lapsed Spenders,-1.9351,0.0407
16425,302,1,302.7,302.7,5.713732805509369,0.6931471805599453,5.716040372051703,5.716040372051703,0,Low-Engagement / Lapsed Spenders,-1.7234,0.6264
16426,2,10,1863.76,186.38,1.0986122886681096,2.3978952727983707,7.530887637470042,5.233138640523042,1,High-Value Active Customers,2.4427,-0.9863
16427,263,2,241.06,120.53,5.575949103146316,1.0986122886681096,5.489185629310458,4.800161145882709,0,Low-Engagement / Lapsed Spenders,-1.4114,0.6115
16429,106,1,284.55,284.55,4.672828834461906,0.6931471805599453,5.654417145110872,5.654417145110872,0,Low-Engagement / Lapsed Spenders,-1.355,-0.056
16430,57,1,300.85,300.85,4.060443010546419,0.6931471805599453,5.709930205242435,5.709930205242435,0,Low-Engagement / Lapsed Spenders,-1.0947,-0.424
16431,213,3,623.28,207.76,5.365976015021851,1.3862943611198906,6.436598985674353,5.341185266775213,0,Low-Engagement / Lapsed Spenders,-0.6217,0.9335
16432,64,1,287.4,287.4,4.174387269895637,0.6931471805599453,5.664348405410794,5.664348405410794,0,Low-Engagement / Lapsed Spenders,-1.1599,-0.3683
16433,28,1,184.26,184.26,3.367295829986474,0.6931471805599453,5.221760243825881,5.221760243825881,0,Low-Engagement / Lapsed Spenders,-1.0614,-1.0412
16434,29,7,1511.8,215.97,3.4011973816621555,2.0794415416798357,7.321717517344248,5.37975909513528,1,High-Value Active Customers,1.1758,0.2754
16438,6,5,798.35,159.67,1.9459101490553132,1.791759469228055,6.683798897410901,5.079352572055243,1,High-Value Active Customers,1.1689,-0.9895
16440,8,5,3640.67,728.13,2.1972245773362196,1.791759469228055,8.20019764662707,6.591852042585005,1,High-Value Active Customers,1.7919,-0.2779
16441,67,2,381.2,190.6,4.219507705176107,1.0986122886681096,5.945944031806173,5.25540986553676,0,Low-Engagement / Lapsed Spenders,-0.6767,-0.0821
16442,2,3,609.3,203.1,1.0986122886681096,1.3862943611198906,6.413950639550449,5.318610069815799,1,High-Value Active Customers,0.9977,-1.78
16444,46,4,654.67,163.67,3.8501476017100584,1.6094379124341003,6.485657613592114,5.103943471229908,0,Low-Engagement / Lapsed Spenders,0.1825,0.0758
16445,34,1,230.51,230.51,3.5553480614894135,0.6931471805599453,5.444623069137621,5.444623069137621,0,Low-Engagement / Lapsed Spenders,-1.0276,-0.8408
16446,1,2,168472.5,84236.25,0.6931471805599453,1.0986122886681096,12.034533746376653,11.341392501450692,1,High-Value Active Customers,3.5573,-0.1001
16447,136,1,255.91,255.91,4.919980925828125,0.6931471805599453,5.548725829010259,5.548725829010259,0,Low-Engagement / Lapsed Spenders,-1.4995,0.0622
16448,198,1,182.99,182.99,5.293304824724492,0.6931471805599453,5.214881408306002,5.214881408306002,0,Low-Engagement / Lapsed Spenders,-1.8004,0.1773
16449,198,2,707.69,353.84,5.293304824724492,1.0986122886681096,6.563418195373777,5.8716669836523865,0,Low-Engagement / Lapsed Spenders,-0.7941,0.8235
16450,150,1,311.92,311.92,5.017279836814924,0.6931471805599453,5.74594756681688,5.74594756681688,0,Low-Engagement / Lapsed Spenders,-1.4432,0.1957
16451,88,1,266.97,266.97,4.48863636973214,0.6931471805599453,5.590875033946567,5.590875033946567,0,Low-Engagement / Lapsed Spenders,-1.3147,-0.1959
16454,45,2,6.9,3.45,3.828641396489095,1.0986122886681096,2.066862759472976,1.4929040961781488,0,Low-Engagement / Lapsed Spenders,-2.3667,-1.7426
16455,64,7,1841.18,263.03,4.174387269895637,2.0794415416798357,7.518704931910683,5.57606273305383,1,High-Value Active Customers,0.9738,0.8373
16456,99,5,2158.18,431.64,4.605170185988092,1.791759469228055,7.677483798971011,6.069905973414545,1,High-Value Active Customers,0.6242,1.0582
16457,218,1,208.36,208.36,5.389071729816501,0.6931471805599453,5.34405525822189,5.34405525822189,0,Low-Engagement / Lapsed Spenders,-1.7757,0.2851
16458,3,18,3482.7400000000002,193.49,1.3862943611198906,2.9444389791664403,8.155861708321998,5.270380747855014,1,High-Value Active Customers,3.1237,-0.3672
16460,28,3,811.23,270.41,3.367295829986474,1.3862943611198906,6.699783551285148,5.60363059270576,0,Low-Engagement / Lapsed Spenders,0.2666,-0.2377
16461,178,1,142.92,142.92,5.187385805840755,0.6931471805599453,4.969257589642278,4.969257589642278,0,Low-Engagement / Lapsed Spenders,-1.8764,0.0207
16462,74,3,136.0,45.33,4.31748811353631,1.3862943611198906,4.919980925828125,3.835789699428557,0,Low-Engagement / Lapsed Spenders,-0.9403,-0.2836
16463,21,4,1422.4,355.6,3.091042453358316,1.6094379124341003,7.260803654865171,5.87661470542904,1,High-Value Active Customers,0.8401,-0.1232
16464,20,3,1298.66,432.89,3.044522437723423,1.3862943611198906,7.169857970780942,6.072791045753751,1,High-Value Active Customers,0.6128,-0.2711
16466,34,7,1595.96,227.99,3.5553480614894135,2.0794415416798357,7.375857100938276,5.433678334478489,1,High-Value Active Customers,1.1425,0.3929
16468,74,1,74.9,74.9,4.31748811353631,0.6931471805599453,4.3294166844015844,4.3294166844015844,0,Low-Engagement / Lapsed Spenders,-1.8475,-0.7638
16469,24,4,625.42,156.35,3.2188758248682006,1.6094379124341003,6.440021072647094,5.058472623510416,1,High-Value Active Customers,0.402,-0.341
16470,52,4,752.77,188.19,3.970291913552122,1.6094379124341003,6.625087281686058,5.242751801098328,0,Low-Engagement / Lapsed Spenders,0.2028,0.2027
16471,275,1,223.95000000000002,223.95,5.62040086571715,0.6931471805599453,5.4158781552871815,5.4158781552871815,0,Low-Engagement / Lapsed Spenders,-1.83,0.4579
16473,165,3,316.11,105.37,5.111987788356544,1.3862943611198906,5.759248716840184,4.666923582263574,0,Low-Engagement / Lapsed Spenders,-0.8458,0.5258
16474,7,7,1810.65,258.66,2.0794415416798357,2.0794415416798357,7.5019933112128685,5.559373082932107,1,High-Value Active Customers,1.7661,-0.4968
16475,88,4,544.3,136.07,4.48863636973214,1.6094379124341003,6.301336101932016,4.920491744243289,0,Low-Engagement / Lapsed Spenders,-0.1488,0.4134
16477,64,7,2494.46,356.35,4.174387269895637,2.0794415416798357,7.822228359929267,5.878715693665988,1,High-Value Active Customers,1.1177,0.9479
16478,25,3,331.0,110.33,3.258096538021482,1.3862943611198906,5.805134968916488,4.712498763740616,0,Low-Engagement / Lapsed Spenders,-0.1159,-0.6328
16479,10,2,300.83,150.42,2.3978952727983707,1.0986122886681096,5.709863944972069,5.02005743267516,0,Low-Engagement / Lapsed Spenders,-0.0928,-1.3228
16480,76,1,769.29,769.29,4.343805421853684,0.6931471805599453,6.646767067319571,6.646767067319571,0,Low-Engagement / Lapsed Spenders,-0.7588,0.0969
16482,16,1,220.62,220.62,2.833213344056216,0.6931471805599453,5.400964203508179,5.400964203508179,0,Low-Engagement / Lapsed Spenders,-0.7724,-1.3145
16483,192,1,139.35,139.35,5.262690188904886,0.6931471805599453,4.9441393028078915,4.9441393028078915,0,Low-Engagement / Lapsed Spenders,-1.9171,0.0593
16484,174,2,404.3,202.15,5.1647859739235145,1.0986122886681096,6.004627533634263,5.313944622433736,0,Low-Engagement / Lapsed Spenders,-1.01,0.5386
16485,77,1,363.65,363.65,4.356708826689592,0.6931471805599453,5.898937989430242,5.898937989430242,0,Low-Engagement / Lapsed Spenders,-1.1183,-0.1673
16488,33,3,498.8,166.27,3.5263605246161616,1.3862943611198906,6.214208018400852,5.119609273323918,0,Low-Engagement / Lapsed Spenders,-0.0244,-0.3137
16491,47,1,731.5,731.5,3.8712010109078907,0.6931471805599453,6.596463340891223,6.596463340891223,0,Low-Engagement / Lapsed Spenders,-0.6021,-0.221
16493,80,4,1351.63,337.91,4.394449154672439,1.6094379124341003,7.209806124401014,5.8257345854069476,1,High-Value Active Customers,0.318,0.6845
16494,297,1,826.53,826.53,5.697093486505405,0.6931471805599453,6.7184453603705006,6.7184453603705006,0,Low-Engagement / Lapsed Spenders,-1.2417,0.9809
16495,3,3,648.26,216.09,1.3862943611198906,1.3862943611198906,6.475833252811612,5.380312014100664,1,High-Value Active Customers,0.9172,-1.5751
16496,9,3,1599.52,533.17,2.302585092994046,1.3862943611198906,7.378083855426812,6.280714140356855,1,High-Value Active Customers,0.9949,-0.6656
16497,50,6,2965.69,494.28,3.9318256327243257,1.9459101490553132,7.99520213218973,6.205123259210977,1,High-Value Active Customers,1.1716,0.806
16498,161,2,100.97,50.48,5.087596335232384,1.0986122886681096,4.624678652376135,3.941193382727926,0,Low-Engagement / Lapsed Spenders,-1.6348,-0.013
16499,360,2,365.45,182.72,5.8888779583328805,1.0986122886681096,5.903862086371859,5.213412859457593,0,Low-Engagement / Lapsed Spenders,-1.3343,0.9609
16500,5,6,400.86,66.81,1.791759469228055,1.9459101490553132,5.996103769256407,4.216709676695751,1,High-Value Active Customers,1.0412,-1.2787
16503,107,4,1431.93,357.98,4.68213122712422,1.6094379124341003,7.267476578065607,5.8832666766299955,0,Low-Engagement / Lapsed Spenders,0.2354,0.8879
16504,25,1,465.88,465.88,3.258096538021482,0.6931471805599453,6.14607226533442,6.14607226533442,0,Low-Engagement / Lapsed Spenders,-0.5814,-0.7737
16505,32,1,777.6,777.6,3.4965075614664802,0.6931471805599453,6.657497435176356,6.657497435176356,0,Low-Engagement / Lapsed Spenders,-0.43,-0.4363
16506,20,2,90.30000000000001,45.15,3.044522437723423,1.0986122886681096,4.514150787600923,3.8318969609488613,0,Low-Engagement / Lapsed Spenders,-0.9067,-1.3484
16509,297,1,363.7,363.7,5.697093486505405,0.6931471805599453,5.8990750978146345,5.8990750978146345,0,Low-Engagement / Lapsed Spenders,-1.6302,0.6825
16510,372,1,248.1,248.1,5.921578419643816,0.6931471805599453,5.517854422268135,5.517854422268135,0,Low-Engagement / Lapsed Spenders,-1.8967,0.6859
16511,22,3,918.33,306.11,3.1354942159291497,1.3862943611198906,6.8236451438627554,5.727205989599789,1,High-Value Active Customers,0.4139,-0.3395
16513,5,4,874.59,218.65,1.791759469228055,1.6094379124341003,6.774897944843427,5.392035370421788,1,High-Value Active Customers,1.106,-1.1238
16515,52,5,1624.14,324.83,3.970291913552122,1.791759469228055,7.393349244898962,5.786375772960055,1,High-Value Active Customers,0.732,0.5522
16516,30,1,101.69999999999999,101.7,3.4339872044851463,0.6931471805599453,4.631812116934513,4.631812116934513,0,Low-Engagement / Lapsed Spenders,-1.3666,-1.2137
16517,277,1,162.7,162.7,5.627621113690637,0.6931471805599453,5.098035484377089,5.098035484377089,0,Low-Engagement / Lapsed Spenders,-1.9835,0.3467
16518,61,2,484.32,242.16,4.127134385045092,1.0986122886681096,6.1848084671836725,5.493719662880522,0,Low-Engagement / Lapsed Spenders,-0.5281,-0.0536
16519,25,2,215.07999999999998,107.54,3.258096538021482,1.0986122886681096,5.37564870948436,4.6871187686352584,0,Low-Engagement / Lapsed Spenders,-0.5798,-0.8992
16520,186,3,1046.57,348.86,5.231108616854587,1.3862943611198906,6.954228475339207,5.85753307446212,0,Low-Engagement / Lapsed Spenders,-0.3247,1.0365
16523,2,21,9418.470000000001,448.5,1.0986122886681096,3.091042453358316,9.150534102717932,6.108135853911675,1,High-Value Active Customers,3.8378,-0.1312
16525,2,26,13027.45,501.06,1.0986122886681096,3.295836866004329,9.474890706788237,6.218719634461905,1,High-Value Active Customers,4.1769,0.0652
16526,172,1,290.36,290.36,5.153291594497779,0.6931471805599453,5.674559615979298,5.674559615979298,0,Low-Engagement / Lapsed Spenders,-1.529,0.256
16527,81,1,228.06,228.06,4.406719247264253,0.6931471805599453,5.43398397796957,5.43398397796957,0,Low-Engagement / Lapsed Spenders,-1.3578,-0.3049
16528,4,1,244.41,244.41,1.6094379124341003,0.6931471805599453,5.502930281242811,5.502930281242811,0,Low-Engagement / Lapsed Spenders,-0.2566,-2.0531
16529,190,1,455.25,455.25,5.25227342804663,0.6931471805599453,6.123040904896701,6.123040904896701,0,Low-Engagement / Lapsed Spenders,-1.3541,0.4821
16531,22,7,1244.59,177.8,3.1354942159291497,2.0794415416798357,7.127364592228089,5.186267862739414,1,High-Value Active Customers,1.1851,0.0362
16532,18,3,6748.8,2249.6,2.9444389791664403,1.3862943611198906,8.81726815379798,7.718952126315896,1,High-Value Active Customers,1.4322,0.2654
16533,19,3,1082.81,360.94,2.995732273553991,1.3862943611198906,6.988237889884059,5.891478452232055,1,High-Value Active Customers,0.5453,-0.3682
16535,5,1,593.75,593.75,1.791759469228055,0.6931471805599453,6.388141149183067,6.388141149183067,0,Low-Engagement / Lapsed Spenders,0.0935,-1.6151
16536,110,1,548.12,548.12,4.709530201312334,0.6931471805599453,6.308316996859543,6.308316996859543,0,Low-Engagement / Lapsed Spenders,-1.0589,0.2055
16539,3,4,1388.81,347.2,1.3862943611198906,1.6094379124341003,7.236922326134238,5.8527770273340884,1,High-Value Active Customers,1.4799,-1.2126
16542,54,1,119.62,119.62,4.007333185232471,0.6931471805599453,4.792645108022841,4.792645108022841,0,Low-Engagement / Lapsed Spenders,-1.5094,-0.7917
16545,165,1,339.3,339.3,5.111987788356544,0.6931471805599453,5.82982758150686,5.82982758150686,0,Low-Engagement / Lapsed Spenders,-1.4396,0.2863
16546,291,2,787.15,393.58,5.676753802268282,1.0986122886681096,6.669688427072551,5.977821908066823,0,Low-Engagement / Lapsed Spenders,-0.8902,1.1053
16549,10,10,4034.9,403.49,2.3978952727983707,2.3978952727983707,8.302984604159606,6.0026270143140925,1,High-Value Active Customers,2.3124,0.1186
16550,109,5,2298.97,459.79,4.700480365792417,1.791759469228055,7.740651358353913,6.132942407757314,1,High-Value Active Customers,0.6178,1.1416
16551,96,3,922.12,307.37,4.574710978503383,1.3862943611198906,6.827759236886412,5.7313003606929405,0,Low-Engagement / Lapsed Spenders,-0.1339,0.5743
16552,243,2,379.73,189.86,5.497168225293202,1.0986122886681096,5.9420904624901825,5.251540174989108,0,Low-Engagement / Lapsed Spenders,-1.1666,0.7265
16553,163,12,5719.82,476.65,5.099866427824199,2.5649493574615367,8.651867430742618,6.168878246716018,1,High-Value Active Customers,1.5969,2.0224
16554,42,3,837.1,279.03,3.7612001156935624,1.3862943611198906,6.73113742510486,5.634896740287006,0,Low-Engagement / Lapsed Spenders,0.131,0.0234
16555,35,2,285.89,142.94,3.58351893845611,1.0986122886681096,5.659098867029561,4.9693965460796585,0,Low-Engagement / Lapsed Spenders,-0.5697,-0.5897
16556,67,7,3313.79,473.4,4.219507705176107,2.0794415416798357,8.106149552197078,6.162050847683516,1,High-Value Active Customers,1.2351,1.0799
16557,24,2,281.85,140.93,3.2188758248682006,1.0986122886681096,5.644916721789165,4.955333978311167,0,Low-Engagement / Lapsed Spenders,-0.4372,-0.826
16558,1,20,8338.49,416.92,0.6931471805599453,3.044522437723423,9.028757342403852,6.035290026648012,1,High-Value Active Customers,3.8929,-0.4504
16560,27,2,841.41,420.7,3.332204510175204,1.0986122886681096,6.736266831594512,6.044294160752514,0,Low-Engagement / Lapsed Spenders,0.037,-0.3567
16561,6,2,511.12,255.56,1.9459101490553132,1.0986122886681096,6.238558972577978,5.5473625553848995,1,High-Value Active Customers,0.3306,-1.4168
16563,54,1,1077.74,1077.74,4.007333185232471,0.6931471805599453,6.9835489723662585,6.9835489723662585,0,Low-Engagement / Lapsed Spenders,-0.4705,0.0062
16565,364,1,173.7,173.7,5.8998973535824915,0.6931471805599453,5.163070217140011,5.163070217140011,0,Low-Engagement / Lapsed Spenders,-2.0567,0.543
16566,15,5,614.66,122.93,2.772588722239781,1.791759469228055,6.422694863102173,4.819716890076783,1,High-Value Active Customers,0.7293,-0.5605
16567,194,2,865.6,432.8,5.272999558563747,1.0986122886681096,6.764577509305809,6.072583598392774,0,Low-Engagement / Lapsed Spenders,-0.691,0.8839
16569,3,1,124.2,124.2,1.3862943611198906,0.6931471805599453,4.829912458665998,4.829912458665998,0,Low-Engagement / Lapsed Spenders,-0.4905,-2.4397
16570,15,10,3738.4,373.84,2.772588722239781,2.3978952727983707,8.226680449731173,5.926499268255623,1,High-Value Active Customers,2.1331,0.3283
16571,27,3,1421.69,473.9,3.332204510175204,1.3862943611198906,7.260304724743686,6.163104255555076,1,High-Value Active Customers,0.5458,-0.0558
16572,127,3,1009.6,336.53,4.852030263919617,1.3862943611198906,6.918299492857808,5.82165439525109,0,Low-Engagement / Lapsed Spenders,-0.1969,0.7831
16573,85,2,663.61,331.8,4.454347296253507,1.0986122886681096,6.499200402451892,5.807541708947054,0,Low-Engagement / Lapsed Spenders,-0.5041,0.2683
16574,71,1,451.44,451.44,4.276666119016055,0.6931471805599453,6.11465515766318,6.11465515766318,0,Low-Engagement / Lapsed Spenders,-0.9854,-0.1395
16581,183,1,105.84,105.84,5.214935757608986,0.6931471805599453,4.67133238824176,4.67133238824176,0,Low-Engagement / Lapsed Spenders,-2.0282,-0.0703
16582,113,1,313.62,313.62,4.736198448394496,0.6931471805599453,5.751365561394358,5.751365561394358,0,Low-Engagement / Lapsed Spenders,-1.3332,0.0195
16583,374,1,233.45,233.45,5.926926025970411,0.6931471805599453,5.457242345535596,5.457242345535596,0,Low-Engagement / Lapsed Spenders,-1.9275,0.6673
16584,80,2,936.08,468.04,4.394449154672439,1.0986122886681096,6.842768657462584,6.150688052655959,0,Low-Engagement / Lapsed Spenders,-0.3183,0.3555
16586,249,1,463.95,463.95,5.521460917862246,0.6931471805599453,6.141929872924206,6.141929872924206,0,Low-Engagement / Lapsed Spenders,-1.448,0.6596
16587,232,1,225.15,225.15,5.4510384535657,0.6931471805599453,5.421198495923853,5.421198495923853,0,Low-Engagement / Lapsed Spenders,-1.7628,0.3524
16589,71,3,459.24,153.08,4.276666119016055,1.3862943611198906,6.131748092555038,5.037471948049816,0,Low-Engagement / Lapsed Spenders,-0.3501,0.1319
16591,69,1,213.5,213.5,4.248495242049359,0.6931471805599453,5.368309738368072,5.368309738368072,0,Low-Engagement / Lapsed Spenders,-1.3285,-0.4292
16592,4,16,4113.68,257.1,1.6094379124341003,2.833213344056216,8.322316345810338,5.553347106724568,1,High-Value Active Customers,3.0167,-0.2077
16593,51,3,330.03,110.01,3.9512437185814275,1.3862943611198906,5.802209005711098,4.709620287344555,0,Low-Engagement / Lapsed Spenders,-0.382,-0.1944
16594,75,1,181.09,181.09,4.330733340286331,0.6931471805599453,5.204501070343752,5.204501070343752,0,Low-Engagement / Lapsed Spenders,-1.4376,-0.4367
16595,61,1,360.16,360.16,4.127134385045092,0.6931471805599453,5.8893210734392785,5.8893210734392785,0,Low-Engagement / Lapsed Spenders,-1.0351,-0.3163
16596,16,2,250.15,125.08,2.833213344056216,1.0986122886681096,5.526050370196054,4.836916626109569,0,Low-Engagement / Lapsed Spenders,-0.3462,-1.1138
16597,4,1,90.04,90.04,1.6094379124341003,0.6931471805599453,4.511298970378021,4.511298970378021,0,Low-Engagement / Lapsed Spenders,-0.7268,-2.4143
16598,286,1,145.04999999999998,145.05,5.659482215759621,0.6931471805599453,4.98394902883375,4.9839490288337505,0,Low-Engagement / Lapsed Spenders,-2.0498,0.3253
16600,4,6,813.52,135.59,1.6094379124341003,1.9459101490553132,6.702598982682314,4.9169837380148005,1,High-Value Active Customers,1.4458,-1.137
16601,41,1,242.7,242.7,3.7376696182833684,0.6931471805599453,5.495937960631161,5.495937960631161,0,Low-Engagement / Lapsed Spenders,-1.0729,-0.7065
16602,36,1,528.08,528.08,3.6109179126442243,0.6931471805599453,6.271139649157846,6.271139649157846,0,Low-Engagement / Lapsed Spenders,-0.6569,-0.5045
16603,75,2,482.47,241.24,4.330733340286331,1.0986122886681096,6.180989265398516,5.489928970249084,0,Low-Engagement / Lapsed Spenders,-0.6077,0.0741
16607,18,14,3347.71,239.12,2.9444389791664403,2.70805020110221,8.116330476031974,5.481138798383642,1,High-Value Active Customers,2.2958,0.5157
16609,15,7,5493.46,784.78,2.772588722239781,2.0794415416798357,8.611495590853199,6.66667685503156,1,High-Value Active Customers,2.0274,0.3467
16610,219,1,75.66,75.66,5.393627546352361,0.6931471805599453,4.339380059952409,4.339380059952409,0,Low-Engagement / Lapsed Spenders,-2.2538,-0.078
16611,186,1,129.49,129.49,5.231108616854587,0.6931471805599453,4.871296595474155,4.871296595474155,0,Low-Engagement / Lapsed Spenders,-1.9396,0.0127
16612,33,4,1187.66,296.92,3.5263605246161616,1.6094379124341003,7.08058190121429,5.696824994088702,1,High-Value Active Customers,0.5883,0.0872
16613,70,1,618.59,618.59,4.2626798770413155,0.6931471805599453,6.429057968967668,6.429057968967668,0,Low-Engagement / Lapsed Spenders,-0.831,-0.0338
16614,183,1,506.19,506.19,5.214935757608986,0.6931471805599453,6.228885686840323,6.228885686840323,0,Low-Engagement / Lapsed Spenders,-1.2897,0.4969
16616,15,2,500.42,250.21,2.772588722239781,1.0986122886681096,6.2174440732414,5.526289242718887,0,Low-Engagement / Lapsed Spenders,0.0048,-0.9004
16617,236,1,151.85,151.85,5.4680601411351315,0.6931471805599453,5.029457048336844,5.029457048336844,0,Low-Engagement / Lapsed Spenders,-1.9551,0.2206
16618,31,5,2647.59,529.52,3.4657359027997265,1.791759469228055,7.881782701906185,6.273857657626152,1,High-Value Active Customers,1.1563,0.4103
16619,264,1,226.21,226.21,5.579729825986222,0.6931471805599453,5.425874699962912,5.425874699962912,0,Low-Engagement / Lapsed Spenders,-1.8098,0.4357
16620,4,2,178.96,89.48,1.6094379124341003,1.0986122886681096,5.192734603972972,4.505128831807865,0,Low-Engagement / Lapsed Spenders,-0.0368,-2.011
16621,52,4,813.48,203.37,3.970291913552122,1.6094379124341003,6.70254987279894,5.319932076520445,0,Low-Engagement / Lapsed Spenders,0.2395,0.2309
16623,246,1,129.45,129.45,5.5093883366279774,0.6931471805599453,4.870990011582737,4.870990011582737,0,Low-Engagement / Lapsed Spenders,-2.046,0.189
16624,81,2,810.5699999999999,405.28,4.406719247264253,1.0986122886681096,6.6989706432467875,6.0070425770713,0,Low-Engagement / Lapsed Spenders,-0.3911,0.3109
16625,275,1,333.08,333.08,5.62040086571715,0.6931471805599453,5.811380485254219,5.811380485254219,0,Low-Engagement / Lapsed Spenders,-1.6425,0.6019
16626,1,17,4413.1,259.59,0.6931471805599453,2.8903717578961645,8.392559241748096,5.562948290969064,1,High-Value Active Customers,3.4517,-0.7411
16627,79,1,322.8,322.8,4.382026634673881,0.6931471805599453,5.780126041243535,5.780126041243535,0,Low-Engagement / Lapsed Spenders,-1.1843,-0.1945
16628,30,5,2188.05,437.61,3.4339872044851463,1.791759469228055,7.691222938742128,6.083610635541477,1,High-Value Active Customers,1.0781,0.3208
16629,74,2,408.63,204.32,4.31748811353631,1.0986122886681096,6.01525431323072,5.324569737692102,0,Low-Engagement / Lapsed Spenders,-0.6812,0.0053
16633,17,6,2883.1,480.52,2.8903717578961645,1.9459101490553132,7.966968171867508,6.176947767239516,1,High-Value Active Customers,1.556,0.1355
16634,223,2,217.9,108.95,5.4116460518550396,1.0986122886681096,5.388615004528817,4.70002571700077,0,Low-Engagement / Lapsed Spenders,-1.3963,0.4707
16637,32,4,1154.47,288.62,3.4965075614664802,1.6094379124341003,7.052262466590724,5.668569718900456,1,High-Value Active Customers,0.5863,0.0579
16638,23,10,1680.72,168.07,3.1780538303479458,2.3978952727983707,7.427572358185583,5.130312830348875,1,High-Value Active Customers,1.5993,0.2943
16639,31,3,1257.51,419.17,3.4657359027997265,1.3862943611198906,7.137683760511223,6.040659391288174,1,High-Value Active Customers,0.4366,-0.0158
16641,106,1,231.10000000000002,231.1,4.672828834461906,0.6931471805599453,5.447168313280391,5.447168313280391,0,Low-Engagement / Lapsed Spenders,-1.4532,-0.1314
16642,5,2,688.33,344.16,1.791759469228055,1.0986122886681096,6.535720111358577,5.844008077640106,1,High-Value Active Customers,0.5304,-1.4063
16643,246,1,487.51,487.51,5.5093883366279774,0.6931471805599453,6.191359942102381,6.191359942102381,0,Low-Engagement / Lapsed Spenders,-1.4199,0.6699
16644,178,2,833.78,416.89,5.187385805840755,1.0986122886681096,6.72716821708184,6.035218239997905,0,Low-Engagement / Lapsed Spenders,-0.676,0.816
16647,170,2,214.06,107.03,5.14166355650266,1.0986122886681096,5.37091705896238,4.682408966328894,0,Low-Engagement / Lapsed Spenders,-1.3016,0.2931
16648,43,1,290.65999999999997,290.66,3.784189633918261,0.6931471805599453,5.675588740285419,5.675588740285419,0,Low-Engagement / Lapsed Spenders,-1.0055,-0.6116
16650,72,1,518.42,518.42,4.290459441148391,0.6931471805599453,6.252712804455737,6.252712804455737,0,Low-Engagement / Lapsed Spenders,-0.9252,-0.0805
16652,59,7,6773.97,967.71,4.0943445622221,2.0794415416798357,8.820990217693817,6.875965289492507,1,High-Value Active Customers,1.6219,1.2609
16653,16,2,1212.66,606.33,2.833213344056216,1.0986122886681096,7.101395866495808,6.409072300662528,1,High-Value Active Customers,0.4007,-0.5401
16654,141,4,601.27,150.32,4.955827057601261,1.6094379124341003,6.400705849743913,5.019396799764828,0,Low-Engagement / Lapsed Spenders,-0.2801,0.7457
16655,18,6,3789.52,631.59,2.9444389791664403,1.9459101490553132,8.240258491831206,6.449822502969178,1,High-Value Active Customers,1.6649,0.2693
16656,22,15,8625.8,575.05,3.1354942159291497,2.772588722239781,9.062628915777825,6.356194462484062,1,High-Value Active Customers,2.7299,1.0062
16657,10,4,874.43,218.61,2.3978952727983707,1.6094379124341003,6.774715194217569,5.391853245939202,1,High-Value Active Customers,0.8744,-0.7396
16658,368,1,123.24,123.24,5.910796644040527,0.6931471805599453,4.822215178840431,4.822215178840431,0,Low-Engagement / Lapsed Spenders,-2.2225,0.4257
16659,189,1,39.12,39.12,5.247024072160486,0.6931471805599453,3.691874963093735,3.691874963093735,0,Low-Engagement / Lapsed Spenders,-2.5049,-0.4067
16660,16,4,1267.6499999999999,316.91,2.833213344056216,1.6094379124341003,7.145708621949827,5.761768323854854,1,High-Value Active Customers,0.884,-0.3285
16665,362,1,135.39999999999998,135.4,5.8944028342648505,0.6931471805599453,4.915591745409362,4.915591745409362,0,Low-Engagement / Lapsed Spenders,-2.1719,0.4494
16666,19,1,118.98,118.98,2.995732273553991,0.6931471805599453,4.787325062224947,4.787325062224947,0,Low-Engagement / Lapsed Spenders,-1.1255,-1.4349
16667,68,2,567.1800000000001,283.59,4.23410650459726,1.0986122886681096,6.342438269926957,5.651049548003997,0,Low-Engagement / Lapsed Spenders,-0.4943,0.0716
16668,15,6,306.71999999999997,51.12,2.772588722239781,1.9459101490553132,5.729190278590734,3.953548752256644,1,High-Value Active Customers,0.5399,-0.7541
16669,24,3,1348.88,449.63,3.2188758248682006,1.3862943611198906,7.207770978592735,6.110646603678073,1,High-Value Active Customers,0.5642,-0.1468
16670,17,11,4095.9,372.35,2.8903717578961645,2.4849066497880004,8.317985869145499,5.922516317481711,1,High-Value Active Customers,2.2102,0.4695
16671,28,3,1692.27,564.09,3.367295829986474,1.3862943611198906,7.434416849630159,6.33698501049621,1,High-Value Active Customers,0.6149,0.0298
16672,2,20,8134.9400000000005,406.75,1.0986122886681096,3.044522437723423,9.004046563069934,6.010654241501124,1,High-Value Active Customers,3.7263,-0.2024
16674,55,2,304.24,152.12,4.02535169073515,1.0986122886681096,5.721098352421432,5.031221927704644,0,Low-Engagement / Lapsed Spenders,-0.7091,-0.287
16676,34,4,1592.1200000000001,398.03,3.5553480614894135,1.6094379124341003,7.373449636639775,5.989036602033314,1,High-Value Active Customers,0.7161,0.2122
16678,3,12,3109.99,259.17,1.3862943611198906,2.5649493574615367,8.042696282491956,5.561335263505108,1,High-Value Active Customers,2.7266,-0.5536
16679,366,1,129.75,129.75,5.905361848054571,0.6931471805599453,4.873287102945032,4.873287102945032,0,Low-Engagement / Lapsed Spenders,-2.1962,0.4409
16680,43,1,183.7,183.7,3.784189633918261,0.6931471805599453,5.218732887205194,5.218732887205194,0,Low-Engagement / Lapsed Spenders,-1.2221,-0.778
16681,73,6,1770.34,295.06,4.304065093204169,1.9459101490553132,7.479491601287773,5.6905621364853465,1,High-Value Active Customers,0.7848,0.8542
16682,5,5,1028.0,205.6,1.791759469228055,1.791759469228055,6.9363427358340495,5.330784556685538,1,High-Value Active Customers,1.3475,-0.9952
16684,4,28,66653.56,2380.48,1.6094379124341003,3.367295829986474,11.107278740370788,7.7754774221372065,1,High-Value Active Customers,4.8205,1.0109
16685,61,2,324.24,162.12,4.127134385045092,1.0986122886681096,5.784563371339637,5.0944861262662,0,Low-Engagement / Lapsed Spenders,-0.7179,-0.1994
16686,47,7,2959.88,422.84,3.8712010109078907,2.0794415416798357,7.993241800431319,6.0493560255237595,1,High-Value Active Customers,1.3146,0.818
16688,1,4,1260.86,315.21,0.6931471805599453,1.6094379124341003,7.1403421019236415,5.756406549828742,1,High-Value Active Customers,1.6989,-1.6871
16689,76,2,422.59999999999997,211.3,4.343805421853684,1.0986122886681096,6.048789613727251,5.35800036870921,0,Low-Engagement / Lapsed Spenders,-0.6754,0.0342
16690,72,2,225.57999999999998,112.79,4.290459441148391,1.0986122886681096,5.423098083445343,4.734354644368917,0,Low-Engagement / Lapsed Spenders,-0.9517,-0.2275
16692,256,2,1276.0,638.0,5.54907608489522,1.0986122886681096,7.152268856032539,6.459904454377535,0,Low-Engagement / Lapsed Spenders,-0.6126,1.2002
16693,69,2,477.86,238.93,4.248495242049359,1.0986122886681096,6.171408279115973,5.48034721413233,0,Low-Engagement / Lapsed Spenders,-0.5809,0.0184
16696,135,4,657.9000000000001,164.48,4.912654885736052,1.6094379124341003,6.490571777919774,5.108850341593211,0,Low-Engagement / Lapsed Spenders,-0.221,0.7511
16697,241,1,112.75,112.75,5.488937726156687,0.6931471805599453,4.7340030578310595,4.7340030578310595,0,Low-Engagement / Lapsed Spenders,-2.1031,0.1262
16698,227,2,1998.0,999.0,5.429345628954441,1.0986122886681096,7.6004023345004,6.907755278982137,0,Low-Engagement / Lapsed Spenders,-0.3544,1.2875
16700,9,13,5076.55,390.5,2.302585092994046,2.639057329615259,8.532584140771885,5.969985515430857,1,High-Value Active Customers,2.6759,0.2341
16701,9,13,5398.3,415.25,2.302585092994046,2.639057329615259,8.59402459452009,6.031286041294654,1,High-Value Active Customers,2.7051,0.2564
16705,1,20,14034.99,701.75,0.6931471805599453,3.044522437723423,9.549380024249162,6.555001209786641,1,High-Value Active Customers,4.1397,-0.2608
16706,37,3,531.35,177.12,3.6375861597263857,1.3862943611198906,6.277301167760616,5.182457480453501,0,Low-Engagement / Lapsed Spenders,-0.037,-0.2202
16708,46,1,656.63,656.63,3.8501476017100584,0.6931471805599453,6.488642463139346,6.488642463139346,0,Low-Engagement / Lapsed Spenders,-0.6452,-0.2737
16709,85,5,3029.87,605.97,4.454347296253507,1.791759469228055,8.016604986002726,6.408479366444382,1,High-Value Active Customers,0.8426,1.0861
16710,19,10,2467.99,246.8,2.995732273553991,2.3978952727983707,7.811564439114215,5.512621969195042,1,High-Value Active Customers,1.8511,0.3186
16711,3,5,1651.03,330.21,1.3862943611198906,1.791759469228055,7.4097601137223315,5.802752615292013,1,High-Value Active Customers,1.7269,-1.0799
16712,9,11,3611.31,328.3,2.302585092994046,2.4849066497880004,8.192102735881804,5.7969691893823185,1,High-Value Active Customers,2.375,0.0511
16713,19,15,6910.78,460.72,2.995732273553991,2.772588722239781,8.840982481273644,6.134958646746711,1,High-Value Active Customers,2.6782,0.8369
16714,219,3,1129.06,376.35,5.393627546352361,1.3862943611198906,7.030026007641905,5.9331731387308775,0,Low-Engagement / Lapsed Spenders,-0.3509,1.1671
16715,78,1,301.71999999999997,301.72,4.3694478524670215,0.6931471805599453,5.712808285863513,5.712808285863513,0,Low-Engagement / Lapsed Spenders,-1.2114,-0.227
16716,267,2,901.2,450.6,5.5909869805108565,1.0986122886681096,6.804836224974296,6.112796832275507,0,Low-Engagement / Lapsed Spenders,-0.7933,1.1002
16717,24,6,3843.08,640.51,3.2188758248682006,1.9459101490553132,8.25428958152815,6.463824772398729,1,High-Value Active Customers,1.5668,0.4484
16718,369,1,606.0500000000001,606.05,5.91350300563827,0.6931471805599453,6.408611159989984,6.408611159989984,0,Low-Engagement / Lapsed Spenders,-1.4713,1.0052
16719,15,7,1770.22,252.89,2.772588722239781,2.0794415416798357,7.479423853670205,5.536901102350124,1,High-Value Active Customers,1.4907,-0.0656
16720,26,1,152.95,152.95,3.295836866004329,0.6931471805599453,5.0366278743705095,5.0366278743705095,0,Low-Engagement / Lapsed Spenders,-1.1219,-1.1539
16721,262,1,292.47,292.47,5.572154032177765,0.6931471805599453,5.681775419393111,5.681775419393111,0,Low-Engagement / Lapsed Spenders,-1.6855,0.5241
16722,17,13,4730.81,363.91,2.8903717578961645,2.639057329615259,8.46206307213662,5.899650747835328,1,High-Value Active Customers,2.418,0.581
16723,91,2,576.4,288.2,4.5217885770490405,1.0986122886681096,6.358535267228834,5.66711849028461,0,Low-Engagement / Lapsed Spenders,-0.5965,0.2598
16725,302,7,758.27,108.32,5.713732805509369,2.0794415416798357,6.632357445363575,4.694279361059867,0,Low-Engagement / Lapsed Spenders,-0.0345,1.4904
16726,26,5,1358.74,271.75,3.295836866004329,1.791759469228055,7.215048783982959,5.60855562471318,1,High-Value Active Customers,0.9051,0.0598
16727,364,1,256.32,256.32,5.8998973535824915,0.6931471805599453,5.550320446542799,5.550320446542799,0,Low-Engagement / Lapsed Spenders,-1.8731,0.684
16728,46,4,1048.28,262.07,3.8501476017100584,1.6094379124341003,6.955859493656283,5.572420156459374,1,High-Value Active Customers,0.4055,0.247
16729,38,21,7205.33,343.11,3.6635616461296463,3.091042453358316,8.882715085430164,5.840961373700547,1,High-Value Active Customers,2.731,1.3972
16730,52,3,743.11,247.7,3.970291913552122,1.3862943611198906,6.612188873366803,5.516247350809359,0,Low-Engagement / Lapsed Spenders,-0.0053,0.1126
16732,32,1,603.75,603.75,3.4965075614664802,0.6931471805599453,6.404815149490137,6.404815149490137,0,Low-Engagement / Lapsed Spenders,-0.5498,-0.5284
16734,52,3,646.76,215.59,3.970291913552122,1.3862943611198906,6.473520257377859,5.3780061654494045,0,Low-Engagement / Lapsed Spenders,-0.071,0.0621
16735,79,5,2247.41,449.48,4.382026634673881,1.791759469228055,7.717978578725217,6.110313680946363,1,High-Value Active Customers,0.7287,0.9315
16737,53,1,417.59999999999997,417.6,3.9889840465642745,0.6931471805599453,6.036915810011899,6.0369158100119,0,Low-Engagement / Lapsed Spenders,-0.9124,-0.3502
16738,298,1,3.75,3.75,5.700443573390686,0.6931471805599453,1.55814461804655,1.55814461804655,0,Low-Engagement / Lapsed Spenders,-3.6898,-0.8964
16739,177,1,323.0,323.0,5.181783550292085,0.6931471805599453,5.780743515792329,5.780743515792329,0,Low-Engagement / Lapsed Spenders,-1.4895,0.3127
16742,47,1,464.9,464.9,3.8712010109078907,0.6931471805599453,6.143971018822751,6.143971018822751,0,Low-Engagement / Lapsed Spenders,-0.8166,-0.3858
16743,29,7,2213.13,316.16,3.4011973816621555,2.0794415416798357,7.702614828798631,5.759406378404198,1,High-Value Active Customers,1.3564,0.4142
16744,11,7,1291.91,184.56,2.4849066497880004,2.0794415416798357,7.164650770780832,5.223378279883543,1,High-Value Active Customers,1.4513,-0.3626
16745,87,17,7180.7,422.39,4.477336814478207,2.8903717578961645,8.87929140281919,6.048293740094025,1,High-Value Active Customers,2.237,1.8351
16746,5,18,6680.11,371.12,1.791759469228055,2.9444389791664403,8.807039420391044,5.919216382900358,1,High-Value Active Customers,3.2775,0.127
16747,38,2,836.06,418.03,3.6635616461296463,1.0986122886681096,6.729895752508072,6.037942516404394,0,Low-Engagement / Lapsed Spenders,-0.0926,-0.149
16748,18,5,1515.9,303.18,2.9444389791664403,1.791759469228055,7.324424057597627,5.717619631444222,1,High-Value Active Customers,1.0912,-0.1232
16750,45,5,623.93,124.79,3.828641396489095,1.791759469228055,6.437639643463933,4.834613849850781,1,High-Value Active Customers,0.333,0.1144
16751,31,1,1764.72,1764.72,3.4657359027997265,0.6931471805599453,7.476313818197086,7.476313818197086,0,Low-Engagement / Lapsed Spenders,-0.03,-0.1576
16752,373,1,207.5,207.5,5.924255797414532,0.6931471805599453,5.339939041238856,5.339939041238856,0,Low-Engagement / Lapsed Spenders,-1.9821,0.6228
16753,58,1,223.92000000000002,223.92,4.07753744390572,0.6931471805599453,5.415744783424001,5.415744783424001,0,Low-Engagement / Lapsed Spenders,-1.2407,-0.5203
16754,372,1,2002.4,2002.4,5.921578419643816,0.6931471805599453,7.602601016177664,7.602601016177664,0,Low-Engagement / Lapsed Spenders,-0.9082,1.4452
16755,114,3,1475.43,491.81,4.74493212836325,1.3862943611198906,7.2973822906459604,6.200123704221218,0,Low-Engagement / Lapsed Spenders,0.0237,0.8533
16756,215,1,239.4,239.4,5.375278407684165,0.6931471805599453,5.4823042026610525,5.4823042026610525,0,Low-Engagement / Lapsed Spenders,-1.7049,0.3267
16757,319,1,106.83000000000001,106.83,5.768320995793772,0.6931471805599453,4.680555912893981,4.680555912893981,0,Low-Engagement / Lapsed Spenders,-2.2352,0.2838
16758,65,1,369.34000000000003,369.34,4.189654742026425,0.6931471805599453,5.91442150260967,5.91442150260967,0,Low-Engagement / Lapsed Spenders,-1.0471,-0.2676
16759,8,3,789.79,263.26,2.1972245773362196,1.3862943611198906,6.673032445794151,5.576933466986071,1,High-Value Active Customers,0.7009,-0.9892
16761,97,1,316.62,316.62,4.584967478670572,0.6931471805599453,5.760855699682501,5.760855699682501,0,Low-Engagement / Lapsed Spenders,-1.2709,-0.0729
16762,20,3,1207.24,402.41,3.044522437723423,1.3862943611198906,7.096920034258086,5.999953414503889,1,High-Value Active Customers,0.5782,-0.2977
16763,199,1,611.85,611.85,5.298317366548036,0.6931471805599453,6.418120207787174,6.418120207787174,0,Low-Engagement / Lapsed Spenders,-1.2318,0.6187
16764,4,13,2790.9500000000003,214.69,1.6094379124341003,2.639057329615259,7.934495555412452,5.3738421916342825,1,High-Value Active Customers,2.6571,-0.4232
16765,294,1,34.0,34.0,5.68697535633982,0.6931471805599453,3.5553480614894135,3.5553480614894135,0,Low-Engagement / Lapsed Spenders,-2.7377,-0.1775
16766,273,2,1145.6,572.8,5.6131281063880705,1.0986122886681096,7.044556320474283,6.352280903547264,0,Low-Engagement / Lapsed Spenders,-0.6881,1.2015
16767,31,11,5575.56,506.87,3.4657359027997265,2.4849066497880004,8.626327377813633,6.230225509317268,1,High-Value Active Customers,2.1366,0.9466
16768,48,3,478.09000000000003,159.36,3.8918202981106265,1.3862943611198906,6.17188847120203,5.077421287774306,0,Low-Engagement / Lapsed Spenders,-0.1841,-0.0975
16769,260,1,361.54,361.54,5.564520407322694,0.6931471805599453,5.893134813034773,5.893134813034773,0,Low-Engagement / Lapsed Spenders,-1.5824,0.5963
16770,58,5,757.1,151.42,4.07753744390572,1.791759469228055,6.630815303062258,5.026639868237972,1,High-Value Active Customers,0.3295,0.3425
16771,33,5,2242.61,448.52,3.5263605246161616,1.791759469228055,7.715841454746731,6.108180346803943,1,High-Value Active Customers,1.0545,0.3883
16773,57,1,171.59,171.59,4.060443010546419,0.6931471805599453,5.150918839543312,5.150918839543312,0,Low-Engagement / Lapsed Spenders,-1.3598,-0.6275
16774,68,4,661.52,165.38,4.23410650459726,1.6094379124341003,6.496050746083953,5.114274328855742,0,Low-Engagement / Lapsed Spenders,0.0408,0.3229
16775,10,11,1691.51,153.77,2.3978952727983707,2.4849066497880004,7.433967913188473,5.041940143924668,1,High-Value Active Customers,1.9791,-0.1646
16776,60,1,371.54,371.54,4.110873864173311,0.6931471805599453,5.920344414604856,5.920344414604856,0,Low-Engagement / Lapsed Spenders,-1.0142,-0.3153
16777,80,2,222.62,111.31,4.394449154672439,1.0986122886681096,5.409948182719222,4.721262904974945,0,Low-Engagement / Lapsed Spenders,-0.9977,-0.1664
16778,74,2,245.94,122.97,4.31748811353631,1.0986122886681096,5.509145392139597,4.8200396008500555,0,Low-Engagement / Lapsed Spenders,-0.9212,-0.179
16779,2,22,10611.720000000001,482.35,1.0986122886681096,3.1354942159291497,9.26980856067564,6.180741028910615,1,High-Value Active Customers,3.9346,-0.0708
16780,100,2,422.24,211.12,4.61512051684126,1.0986122886681096,6.047939394035961,5.357152152268929,0,Low-Engagement / Lapsed Spenders,-0.7794,0.2059
16781,372,1,311.25,311.25,5.921578419643816,0.6931471805599453,5.743804149005687,5.743804149005687,0,Low-Engagement / Lapsed Spenders,-1.7896,0.7682
16782,10,13,2267.9500000000003,174.46,2.3978952727983707,2.639057329615259,7.727072448397774,5.167411096700238,1,High-Value Active Customers,2.2576,0.0011
16784,20,1,107.6,107.6,3.044522437723423,0.6931471805599453,4.687671407499835,4.687671407499835,0,Low-Engagement / Lapsed Spenders,-1.1913,-1.4403
16788,123,2,594.39,297.2,4.820281565605037,1.0986122886681096,6.3892166530089884,5.697764402330638,0,Low-Engagement / Lapsed Spenders,-0.696,0.4602
16789,8,1,80.8,80.8,2.1972245773362196,0.6931471805599453,4.404277243608702,4.404277243608702,0,Low-Engagement / Lapsed Spenders,-1.0021,-2.0806
16790,4,6,1545.6200000000001,257.6,1.6094379124341003,1.9459101490553132,7.343827183683202,5.555282466337757,1,High-Value Active Customers,1.7499,-0.9035
16791,29,7,1705.78,243.68,3.4011973816621555,2.0794415416798357,7.442363833410647,5.499951234374364,1,High-Value Active Customers,1.233,0.3194
16792,282,2,110.38000000000001,55.19,5.645446897643238,1.0986122886681096,4.7129477781615225,4.028738805124107,0,Low-Engagement / Lapsed Spenders,-1.806,0.3728
16793,57,1,243.84,243.84,4.060443010546419,0.6931471805599453,5.500604935982869,5.500604935982869,0,Low-Engagement / Lapsed Spenders,-1.194,-0.5002
16794,1,10,1196.5,119.65,0.6931471805599453,2.3978952727983707,7.08799132928507,4.792893792071041,1,High-Value Active Customers,2.3876,-1.4046
16795,365,1,414.88,414.88,5.902633333401366,0.6931471805599453,6.030396757109769,6.030396757109769,0,Low-Engagement / Lapsed Spenders,-1.6465,0.8606
16796,89,1,305.62,305.62,4.499809670330265,0.6931471805599453,5.725609195882308,5.725609195882308,0,Low-Engagement / Lapsed Spenders,-1.2551,-0.1397
16800,11,1,1162.65,1162.65,2.4849066497880004,0.6931471805599453,7.0593168957906745,7.0593168957906745,0,Low-Engagement / Lapsed Spenders,0.147,-0.9313
16801,163,4,1594.23,398.56,5.099866427824199,1.6094379124341003,7.374773205449993,5.990363941663949,0,Low-Engagement / Lapsed Spenders,0.1267,1.1918
16803,65,1,332.3,332.3,4.189654742026425,0.6931471805599453,5.809042985313694,5.809042985313694,0,Low-Engagement / Lapsed Spenders,-1.0971,-0.3059
16804,23,3,536.99,179.0,3.1780538303479458,1.3862943611198906,6.287839972628443,5.19295685089021,0,Low-Engagement / Lapsed Spenders,0.1436,-0.5077
16805,174,2,460.59,230.3,5.1647859739235145,1.0986122886681096,6.134677051181064,5.443715569237393,0,Low-Engagement / Lapsed Spenders,-0.9483,0.5859
16806,103,4,762.16,190.54,4.6443908991413725,1.6094379124341003,6.63746770785911,5.2550966640934735,0,Low-Engagement / Lapsed Spenders,-0.0489,0.6345
16807,143,3,1121.59,373.86,4.969813299576001,1.3862943611198906,7.02339379457603,5.9265526229308385,0,Low-Engagement / Lapsed Spenders,-0.1921,0.896
16808,99,2,288.42,144.21,4.605170185988092,1.0986122886681096,5.667878920309847,4.978180970542646,0,Low-Engagement / Lapsed Spenders,-0.9559,0.0612
16809,23,5,914.69,182.94,3.1780538303479458,1.791759469228055,6.81967787944687,5.214609617474552,1,High-Value Active Customers,0.7626,-0.1589
16810,192,1,309.54,309.54,5.262690188904886,0.6931471805599453,5.738312717553024,5.738312717553024,0,Low-Engagement / Lapsed Spenders,-1.5405,0.3485
16811,5,2,547.07,273.54,1.791759469228055,1.0986122886681096,6.3064030160165885,5.615096969823513,1,High-Value Active Customers,0.4216,-1.4898
16812,361,1,479.35,479.35,5.891644211825771,0.6931471805599453,6.174515004855747,6.174515004855747,0,Low-Engagement / Lapsed Spenders,-1.5739,0.9061
16813,8,10,1652.18,165.22,2.1972245773362196,2.3978952727983707,7.410455984814581,5.11331221212488,1,High-Value Active Customers,1.9659,-0.3337
16814,14,21,6416.7,305.56,2.70805020110221,3.091042453358316,8.766815077043479,5.7254134947824955,1,High-Value Active Customers,3.0411,0.7493
16816,103,4,417.06,104.26,4.6443908991413725,1.6094379124341003,6.035624962893636,4.656433479925633,0,Low-Engagement / Lapsed Spenders,-0.3342,0.4154
16817,3,9,1604.75,178.31,1.3862943611198906,2.302585092994046,7.381346216137902,5.1891161515042725,1,High-Value Active Customers,2.1756,-0.8948
16818,11,11,3349.57,304.51,2.4849066497880004,2.4849066497880004,8.116885759599102,5.721982511300152,1,High-Value Active Customers,2.2697,0.1393
16820,96,1,497.61,497.61,4.574710978503383,0.6931471805599453,6.211824227045576,6.211824227045576,0,Low-Engagement / Lapsed Spenders,-1.0532,0.0849
16823,227,1,358.38,358.38,5.429345628954441,0.6931471805599453,5.8843803244983075,5.8843803244983075,0,Low-Engagement / Lapsed Spenders,-1.5349,0.5074
16824,16,2,460.64,230.32,2.833213344056216,1.0986122886681096,6.134785366552204,5.443802033290018,0,Low-Engagement / Lapsed Spenders,-0.0576,-0.8921
16825,39,2,775.1800000000001,387.59,3.6888794541139363,1.0986122886681096,6.654384452047831,5.9625248032102744,0,Low-Engagement / Lapsed Spenders,-0.1381,-0.1604
16826,51,1,341.7,341.7,3.9512437185814275,0.6931471805599453,5.836855428880563,5.836855428880563,0,Low-Engagement / Lapsed Spenders,-0.9928,-0.4469
16828,93,2,128.5,64.25,4.543294782270004,1.0986122886681096,4.863680881139593,4.178226046202803,0,Low-Engagement / Lapsed Spenders,-1.3135,-0.271
16829,157,1,197.22,197.22,5.062595033026967,0.6931471805599453,5.289377524978562,5.289377524978562,0,Low-Engagement / Lapsed Spenders,-1.6769,0.0582
16830,39,1,325.91,325.91,3.6888794541139363,0.6931471805599453,5.789684903656904,5.789684903656904,0,Low-Engagement / Lapsed Spenders,-0.915,-0.6305
16832,184,3,199.15,66.38,5.220355825078325,1.3862943611198906,5.299067085438582,4.2103482379784065,0,Low-Engagement / Lapsed Spenders,-1.1054,0.4269
16833,1,4,1106.53,276.63,0.6931471805599453,1.6094379124341003,7.0098875895885335,5.626289291957863,1,High-Value Active Customers,1.6371,-1.7347
16834,228,1,413.46,413.46,5.43372200355424,0.6931471805599453,6.026976468109342,6.026976468109342,0,Low-Engagement / Lapsed Spenders,-1.469,0.5621
16835,128,2,180.85,90.42,4.859812404361672,1.0986122886681096,5.2031821714329975,4.515464272903598,0,Low-Engagement / Lapsed Spenders,-1.2735,0.0533
16836,40,2,251.87,125.94,3.713572066704308,1.0986122886681096,5.5328755226775,4.843714533878324,0,Low-Engagement / Lapsed Spenders,-0.6793,-0.5532
16837,31,11,3170.98,288.27,3.4657359027997265,2.4849066497880004,8.062111277564622,5.667360508022234,1,High-Value Active Customers,1.8691,0.7411
16838,197,2,588.85,294.42,5.288267030694535,1.0986122886681096,6.3798682672878515,5.688398072612454,0,Low-Engagement / Lapsed Spenders,-0.8792,0.7535
16839,9,34,16594.35,488.07,2.302585092994046,3.5553480614894135,9.716877814621636,6.192505628514245,1,High-Value Active Customers,4.0666,1.0159
16841,37,6,1869.82,311.64,3.6375861597263857,1.9459101490553132,7.534132116408228,5.7450523688544175,1,High-Value Active Customers,1.0653,0.4516
16842,101,3,1264.19,421.4,4.624972813284271,1.3862943611198906,7.142977587511544,6.045952732392052,0,Low-Engagement / Lapsed Spenders,-0.0037,0.721
16843,43,16,10196.57,637.29,3.784189633918261,2.833213344056216,9.22990473559571,6.4587927255248445,1,High-Value Active Customers,2.6163,1.5015
16846,50,1,214.32,214.32,3.9318256327243257,0.6931471805599453,5.372125293692757,5.372125293692757,0,Low-Engagement / Lapsed Spenders,-1.2058,-0.6285
16847,43,1,193.44,193.44,3.784189633918261,0.6931471805599453,5.270123632177254,5.270123632177254,0,Low-Engagement / Lapsed Spenders,-1.1977,-0.7593
16848,53,1,281.42,281.42,3.9889840465642745,0.6931471805599453,5.643395324641106,5.643395324641106,0,Low-Engagement / Lapsed Spenders,-1.099,-0.4935
16849,187,1,124.57,124.57,5.236441962829949,0.6931471805599453,4.8328633720008725,4.8328633720008725,0,Low-Engagement / Lapsed Spenders,-1.9598,0.0021
16850,334,1,332.41,332.41,5.814130531825066,0.6931471805599453,5.809372963868082,5.809372963868082,0,Low-Engagement / Lapsed Spenders,-1.7175,0.724
16851,4,3,342.45,114.15,1.6094379124341003,1.3862943611198906,5.83904154065989,4.746235626266694,1,High-Value Active Customers,0.53,-1.6656
16852,10,2,144.91000000000003,72.46,2.3978952727983707,1.0986122886681096,4.982989993275932,4.296741040391521,0,Low-Engagement / Lapsed Spenders,-0.4374,-1.5876
16855,24,2,328.4,164.2,3.2188758248682006,1.0986122886681096,5.79727281774354,5.107156861086878,0,Low-Engagement / Lapsed Spenders,-0.3649,-0.7705
16856,15,1,35.400000000000006,35.4,2.772588722239781,0.6931471805599453,3.594568774642695,3.594568774642695,0,Low-Engagement / Lapsed Spenders,-1.6058,-2.0108
16858,369,1,375.69000000000005,375.69,5.91350300563827,0.6931471805599453,5.931422568022302,5.931422568022302,0,Low-Engagement / Lapsed Spenders,-1.6976,0.8314
16859,145,2,747.81,373.9,4.983606621708336,1.0986122886681096,6.618485279775063,5.926659323741866,0,Low-Engagement / Lapsed Spenders,-0.6497,0.6473
16861,60,2,173.76,86.88,4.110873864173311,1.0986122886681096,5.163413604083235,4.47597224751641,0,Low-Engagement / Lapsed Spenders,-1.0062,-0.4359
16863,31,2,502.8,251.4,3.4657359027997265,1.0986122886681096,6.22217936391851,5.5310151306670585,0,Low-Engagement / Lapsed Spenders,-0.2578,-0.4593
16866,141,3,207.73999999999998,69.25,4.955827057601261,1.3862943611198906,5.341089458391906,4.2520603082138555,0,Low-Engagement / Lapsed Spenders,-0.9844,0.2745
16869,23,4,817.12,204.28,3.1780538303479458,1.6094379124341003,6.707009025109966,5.324374900867326,1,High-Value Active Customers,0.5442,-0.2697
16871,22,6,2812.34,468.72,3.1354942159291497,1.9459101490553132,7.942127668587332,6.15213677249688,1,High-Value Active Customers,1.4506,0.2819
16872,77,3,680.02,226.67,4.356708826689592,1.3862943611198906,6.523591674293888,5.4278972120839315,0,Low-Engagement / Lapsed Spenders,-0.1949,0.3253
16873,5,6,7123.62,1187.27,1.791759469228055,1.9459101490553132,8.871311670381246,7.080253746827329,1,High-Value Active Customers,2.4045,-0.2316
16875,67,5,2095.53,419.11,4.219507705176107,1.791759469228055,7.648038876071995,6.040516581748254,1,High-Value Active Customers,0.7576,0.803
16877,12,6,846.62,141.1,2.5649493574615367,1.9459101490553132,6.742432422151628,4.956531035103055,1,High-Value Active Customers,1.0997,-0.5167
16878,84,1,13.3,13.3,4.442651256490317,0.6931471805599453,2.6602595372658615,2.6602595372658615,0,Low-Engagement / Lapsed Spenders,-2.6867,-1.2924
16880,31,7,1491.43,213.06,3.4657359027997265,2.0794415416798357,7.308160942994333,5.366256349556229,1,High-Value Active Customers,1.1447,0.3114
16881,67,1,432.0,432.0,4.219507705176107,0.6931471805599453,6.07073772800249,6.07073772800249,0,Low-Engagement / Lapsed Spenders,-0.9844,-0.1917
16882,67,3,705.12,235.04,4.219507705176107,1.3862943611198906,6.559785194721083,5.464001282188968,0,Low-Engagement / Lapsed Spenders,-0.1253,0.2516
16883,187,2,272.48,136.24,5.236441962829949,1.0986122886681096,5.611228493045593,4.921731217990249,0,Low-Engagement / Lapsed Spenders,-1.2239,0.4407
16884,38,2,429.84000000000003,214.92,3.6635616461296463,1.0986122886681096,6.0657367914825695,5.374907968709749,0,Low-Engagement / Lapsed Spenders,-0.4075,-0.3909
16885,15,3,450.41,150.14,2.772588722239781,1.3862943611198906,6.112376017438897,5.018206559592573,0,Low-Engagement / Lapsed Spenders,0.2153,-0.8287
16887,35,1,192.32999999999998,192.33,3.58351893845611,0.6931471805599453,5.264398573344411,5.264398573344411,0,Low-Engagement / Lapsed Spenders,-1.1238,-0.8886
16889,195,3,1578.67,526.22,5.278114659230518,1.3862943611198906,7.364971243447073,6.267617918735807,0,Low-Engagement / Lapsed Spenders,-0.1479,1.2159
16891,2,5,742.43,148.49,1.0986122886681096,1.791759469228055,6.6112746121740065,5.007229500961423,1,High-Value Active Customers,1.4582,-1.553
16892,1,5,518.19,103.64,0.6931471805599453,1.791759469228055,6.25226990480378,4.650525887708889,1,High-Value Active Customers,1.4428,-1.9408
16893,367,1,145.93,145.93,5.908082938168931,0.6931471805599453,4.989956282887855,4.989956282887855,0,Low-Engagement / Lapsed Spenders,-2.1419,0.4851
16895,65,1,202.27,202.27,4.189654742026425,0.6931471805599453,5.31453514457087,5.31453514457087,0,Low-Engagement / Lapsed Spenders,-1.3316,-0.486
16897,299,2,289.78,144.89,5.703782474656201,1.0986122886681096,5.672566967503279,4.982852913083804,0,Low-Engagement / Lapsed Spenders,-1.3733,0.7593
16898,26,3,501.03,167.01,3.295836866004329,1.3862943611198906,6.218659878862289,5.124023501441311,0,Low-Engagement / Lapsed Spenders,0.0658,-0.4582
16899,8,6,1271.06,211.84,2.1972245773362196,1.9459101490553132,7.148392912598927,5.360540709728169,1,High-Value Active Customers,1.4327,-0.602
16900,17,3,887.11,295.7,2.8903717578961645,1.3862943611198906,6.789095609194309,5.692721527296776,1,High-Value Active Customers,0.4911,-0.5075
16902,116,1,1706.88,1706.88,4.762173934797756,0.6931471805599453,7.443008114269093,7.443008114269093,0,Low-Engagement / Lapsed Spenders,-0.541,0.6521
16903,29,1,363.2,363.2,3.4011973816621555,0.6931471805599453,5.897703167293508,5.897703167293508,0,Low-Engagement / Lapsed Spenders,-0.7539,-0.7735
16904,4,16,3653.75,228.36,1.6094379124341003,2.833213344056216,8.203782970391725,5.435292821575114,1,High-Value Active Customers,2.9605,-0.2508
16905,5,7,3037.6,433.94,1.791759469228055,2.0794415416798357,8.019152162009666,6.075208090540841,1,High-Value Active Customers,2.1212,-0.4908
16906,82,4,559.59,139.9,4.418840607796598,1.6094379124341003,6.328989800540907,4.948050418904635,0,Low-Engagement / Lapsed Spenders,-0.109,0.3792
16907,29,5,928.76,185.75,3.4011973816621555,1.791759469228055,6.834926488326795,5.229770824012927,1,High-Value Active Customers,0.6846,-0.0119
16909,72,1,379.14,379.14,4.290459441148391,0.6931471805599453,5.940539605922692,5.940539605922692,0,Low-Engagement / Lapsed Spenders,-1.0732,-0.1941
16910,4,8,1508.96,188.62,1.6094379124341003,2.1972245773362196,7.3198384393918765,5.2450220694898135,1,High-Value Active Customers,1.9659,-0.8161
16912,29,11,2555.58,232.33,3.4011973816621555,2.4849066497880004,7.846425706813547,5.452453760558967,1,High-Value Active Customers,1.7914,0.6216
16913,290,1,113.44,113.44,5.673323267171493,0.6931471805599453,4.74005066818191,4.74005066818191,0,Low-Engagement / Lapsed Spenders,-2.1707,0.2453
16914,36,1,183.76,183.76,3.6109179126442243,0.6931471805599453,5.2190576855624045,5.2190576855624045,0,Low-Engagement / Lapsed Spenders,-1.1558,-0.8877
16915,9,6,621.6800000000001,103.61,2.302585092994046,1.9459101490553132,6.4340327431676485,4.650239149355669,1,High-Value Active Customers,1.0537,-0.7954
16916,24,2,562.41,281.2,3.2188758248682006,1.0986122886681096,6.334007604663525,5.642616039418714,0,Low-Engagement / Lapsed Spenders,-0.1104,-0.5751
16917,277,1,391.52,391.52,5.627621113690637,0.6931471805599453,5.972587491338293,5.972587491338293,0,Low-Engagement / Lapsed Spenders,-1.5688,0.6652
16918,50,6,1068.82,178.14,3.9318256327243257,1.9459101490553132,6.975245689005592,5.1881676230470495,1,High-Value Active Customers,0.6879,0.4346
16919,156,11,2592.25,235.66,5.056245805348308,2.4849066497880004,7.8606671943119375,5.466624511956413,1,High-Value Active Customers,1.166,1.676
16921,61,1,154.18,154.18,4.127134385045092,0.6931471805599453,5.044585733465803,5.044585733465803,0,Low-Engagement / Lapsed Spenders,-1.4357,-0.624
16923,12,19,7069.08,372.06,2.5649493574615367,2.995732273553991,8.863627074243855,5.921739264616416,1,High-Value Active Customers,3.0554,0.6574
16924,21,3,829.89,276.63,3.091042453358316,1.3862943611198906,6.722497415455896,5.626289291957863,1,High-Value Active Customers,0.3829,-0.4046
16926,371,1,230.25,230.25,5.918893854273146,0.6931471805599453,5.443499376392535,5.443499376392535,0,Low-Engagement / Lapsed Spenders,-1.931,0.6572
16927,116,3,543.05,181.02,4.762173934797756,1.3862943611198906,6.299041154397021,5.20411657114921,0,Low-Engagement / Lapsed Spenders,-0.4562,0.5006
16928,80,17,2814.7,165.57,4.394449154672439,2.8903717578961645,7.942966177511865,5.115415641489016,1,High-Value Active Customers,1.8247,1.4416
16929,4,7,1295.39,185.06,1.6094379124341003,2.0794415416798357,7.167338757569021,5.226069202340413,1,High-Value Active Customers,1.787,-0.9167
16930,26,3,378.89,126.3,3.295836866004329,1.3862943611198906,5.9398817371306265,4.846546505563361,0,Low-Engagement / Lapsed Spenders,-0.0664,-0.5598
16931,5,21,4554.87,216.9,1.791759469228055,3.091042453358316,8.424171790358395,5.384036241950574,1,High-Value Active Customers,3.2286,0.0436
16932,53,1,150.23000000000002,150.23,3.9889840465642745,0.6931471805599453,5.018801856762649,5.018801856762649,0,Low-Engagement / Lapsed Spenders,-1.3951,-0.721
16933,1,2,563.23,281.62,0.6931471805599453,1.0986122886681096,6.335461969788099,5.6441032391546,1,High-Value Active Customers,0.8551,-2.1757
16934,55,2,931.03,465.52,4.02535169073515,1.0986122886681096,6.837365003008744,6.145300891822849,0,Low-Engagement / Lapsed Spenders,-0.1798,0.1195
16936,26,1,261.9,261.9,3.295836866004329,0.6931471805599453,5.571773731735836,5.571773731735836,0,Low-Engagement / Lapsed Spenders,-0.8681,-0.959
16938,9,4,2711.6800000000003,677.92,2.302585092994046,1.6094379124341003,7.905692355094029,6.52050330029333,1,High-Value Active Customers,1.447,-0.3881
16940,52,3,3049.88,1016.63,3.970291913552122,1.3862943611198906,8.023185352576407,6.925231673283373,1,High-Value Active Customers,0.6638,0.6265
16942,13,9,1904.99,211.67,2.639057329615259,2.302585092994046,7.5527568376106675,5.359741668535036,1,High-Value Active Customers,1.7784,-0.0382
16943,212,3,816.73,272.24,5.3612921657094255,1.3862943611198906,6.706532208766916,5.6103505298636485,0,Low-Engagement / Lapsed Spenders,-0.4919,1.0288
16945,22,19,4345.5,228.71,3.1354942159291497,2.995732273553991,8.377126202519118,5.436817643793142,1,High-Value Active Customers,2.6068,0.8419
16947,236,1,406.48,406.48,5.4680601411351315,0.6931471805599453,6.009991851721866,6.009991851721866,0,Low-Engagement / Lapsed Spenders,-1.4902,0.5777
16948,139,3,435.02,145.01,4.941642422609304,1.3862943611198906,6.0776881138566,4.983675112513472,0,Low-Engagement / Lapsed Spenders,-0.6298,0.5338
16949,4,6,1286.27,214.38,1.6094379124341003,1.9459101490553132,7.160278975803028,5.372403909900735,1,High-Value Active Customers,1.6628,-0.9703
16950,57,3,1178.56,392.85,4.060443010546419,1.3862943611198906,7.072896766566239,5.975970126149333,0,Low-Engagement / Lapsed Spenders,0.1787,0.3376
16951,135,3,1277.75,425.92,4.912654885736052,1.3862943611198906,7.153638317265837,6.056596642045764,0,Low-Engagement / Lapsed Spenders,-0.1085,0.9072
16952,109,2,167.61,83.8,4.700480365792417,1.0986122886681096,5.127588355789889,4.440295542797857,0,Low-Engagement / Lapsed Spenders,-1.2484,-0.0752
16953,30,1,20.8,20.8,3.4339872044851463,0.6931471805599453,3.0819099697950434,3.0819099697950434,0,Low-Engagement / Lapsed Spenders,-2.1015,-1.7782
16954,1,9,2085.08,231.68,0.6931471805599453,2.302585092994046,7.643041985736175,5.449664119042561,1,High-Value Active Customers,2.5645,-1.2389
16955,185,4,518.67,129.67,5.225746673713202,1.6094379124341003,6.25319399473728,4.872675061001055,0,Low-Engagement / Lapsed Spenders,-0.4532,0.8631
16956,18,1,308.74,308.74,2.9444389791664403,0.6931471805599453,5.735733235888028,5.735733235888028,0,Low-Engagement / Lapsed Spenders,-0.6562,-1.122
16957,239,2,416.64,208.32,5.480638923341991,1.0986122886681096,6.03461981742191,5.343864181504007,0,Low-Engagement / Lapsed Spenders,-1.1164,0.7497
16959,87,1,117.35000000000001,117.35,4.477336814478207,0.6931471805599453,4.773646335959993,4.7736463359599925,0,Low-Engagement / Lapsed Spenders,-1.6979,-0.5007
16960,39,3,507.05,169.02,3.6888794541139363,1.3862943611198906,6.2305798679318904,5.135916077189213,0,Low-Engagement / Lapsed Spenders,-0.0787,-0.2047
16961,116,1,234.17,234.17,4.762173934797756,0.6931471805599453,5.46030865686874,5.46030865686874,0,Low-Engagement / Lapsed Spenders,-1.4811,-0.07
16963,187,1,110.55000000000001,110.55,5.236441962829949,0.6931471805599453,4.714472920878541,4.714472920878541,0,Low-Engagement / Lapsed Spenders,-2.016,-0.041
16965,227,1,201.19,201.19,5.429345628954441,0.6931471805599453,5.309207849379209,5.309207849379209,0,Low-Engagement / Lapsed Spenders,-1.8076,0.2979
16966,8,7,2154.97,307.85,2.1972245773362196,2.0794415416798357,7.675996017275306,5.732855722141908,1,High-Value Active Customers,1.8037,-0.3588
16967,189,1,319.02,319.02,5.247024072160486,0.6931471805599453,5.768383493840728,5.768383493840728,0,Low-Engagement / Lapsed Spenders,-1.5203,0.3496
16968,4,2,439.43,219.72,1.6094379124341003,1.0986122886681096,6.087751522419478,5.39689492990903,1,High-Value Active Customers,0.3876,-1.685
16969,39,3,650.41,216.8,3.6888794541139363,1.3862943611198906,6.479139244274806,5.38357721049886,0,Low-Engagement / Lapsed Spenders,0.0391,-0.1142
16971,38,1,357.21,357.21,3.6635616461296463,0.6931471805599453,5.881119406601529,5.881119406601529,0,Low-Engagement / Lapsed Spenders,-0.8619,-0.6132
16976,267,1,251.51999999999998,251.52,5.5909869805108565,0.6931471805599453,5.5314904534994245,5.5314904534994245,0,Low-Engagement / Lapsed Spenders,-1.764,0.4813
16978,78,1,344.33,344.33,4.3694478524670215,0.6931471805599453,5.84450048159508,5.84450048159508,0,Low-Engagement / Lapsed Spenders,-1.149,-0.179
16979,4,6,1852.0,308.67,1.6094379124341003,1.9459101490553132,7.52456122628536,5.735507214350442,1,High-Value Active Customers,1.8356,-0.8376
16980,255,2,1028.46,514.23,5.545177444479562,1.0986122886681096,6.936789671900485,6.244613402908518,0,Low-Engagement / Lapsed Spenders,-0.7133,1.1192
16982,61,1,384.06,384.06,4.127134385045092,0.6931471805599453,5.95339916630119,5.95339916630119,0,Low-Engagement / Lapsed Spenders,-1.0048,-0.293
16983,13,7,1905.87,272.27,2.639057329615259,2.0794415416798357,7.5532184333763785,5.610460317424828,1,High-Value Active Customers,1.5767,-0.1234
16984,88,2,4459.52,2229.76,4.48863636973214,1.0986122886681096,8.40302063014605,7.710097613567479,1,High-Value Active Customers,0.3855,0.9834
16985,17,10,5464.12,546.41,2.8903717578961645,2.3978952727983707,8.606141358283566,6.305198064616554,1,High-Value Active Customers,2.2681,0.5412
16986,30,2,1873.2,936.6,3.4339872044851463,1.0986122886681096,7.535937180689723,6.843323418822748,1,High-Value Active Customers,0.3773,-0.0009
16987,3,7,1616.8,230.97,1.3862943611198906,2.0794415416798357,7.388822480583852,5.446608052960179,1,High-Value Active Customers,1.9773,-0.9774
16988,5,1,126.12,126.12,1.791759469228055,0.6931471805599453,4.845131522228461,4.845131522228461,0,Low-Engagement / Lapsed Spenders,-0.6381,-2.1771
16989,7,6,1133.25,188.88,2.0794415416798357,1.9459101490553132,7.033726918544073,5.246392293683117,1,High-Value Active Customers,1.4233,-0.7184
16990,219,1,179.0,179.0,5.393627546352361,0.6931471805599453,5.19295685089021,5.19295685089021,0,Low-Engagement / Lapsed Spenders,-1.8491,0.2329
16992,11,5,1614.31,322.86,2.4849066497880004,1.791759469228055,7.38728216770102,5.780311323645325,1,High-Value Active Customers,1.2965,-0.3916
16996,30,6,1456.96,242.83,3.4339872044851463,1.9459101490553132,7.284793477350012,5.49647126115864,1,High-Value Active Customers,1.0249,0.2317
16997,288,3,702.0,234.0,5.666426688112432,1.3862943611198906,6.555356891810665,5.459585514144159,0,Low-Engagement / Lapsed Spenders,-0.6801,1.1672
16998,150,4,295.0,73.75,5.017279836814924,1.6094379124341003,5.69035945432406,4.314149212270796,0,Low-Engagement / Lapsed Spenders,-0.6404,0.526
16999,23,2,484.82,242.41,3.1780538303479458,1.0986122886681096,6.185838184926078,5.494747264343823,0,Low-Engagement / Lapsed Spenders,-0.1651,-0.6549
17001,1,11,3989.57,362.69,0.6931471805599453,2.4849066497880004,8.291689356823657,5.896301856426602,1,High-Value Active Customers,3.037,-0.9329
17002,86,3,1493.73,497.91,4.465908118654584,1.3862943611198906,7.309700867507591,6.212425718763125,0,Low-Engagement / Lapsed Spenders,0.1361,0.6809
17004,46,2,1312.1399999999999,656.07,3.8501476017100584,1.0986122886681096,7.180176494665863,6.487790557710171,0,Low-Engagement / Lapsed Spenders,0.0496,0.1333
17006,5,4,781.78,195.44,1.791759469228055,1.6094379124341003,6.6628516858853635,5.280357041171044,1,High-Value Active Customers,1.0529,-1.1646
17007,51,6,889.9300000000001,148.32,3.9512437185814275,1.9459101490553132,6.7922658609726465,5.006091654046383,1,High-Value Active Customers,0.5938,0.3802
17010,18,1,195.36,195.36,2.9444389791664403,0.6931471805599453,5.279949709189852,5.279949709189852,0,Low-Engagement / Lapsed Spenders,-0.8723,-1.288
17011,30,1,270.9,270.9,3.4339872044851463,0.6931471805599453,5.605434351638425,5.605434351638425,0,Low-Engagement / Lapsed Spenders,-0.905,-0.8591
17014,8,3,583.4300000000001,194.48,2.1972245773362196,1.3862943611198906,6.370637013261223,5.275458072401954,1,High-Value Active Customers,0.5575,-1.0993
17015,29,3,1838.6100000000001,612.87,3.4011973816621555,1.3862943611198906,7.5173088716153345,6.419783179345583,1,High-Value Active Customers,0.6413,0.0815
17017,3,20,8694.26,434.71,1.3862943611198906,3.044522437723423,9.070533328583988,6.076976884432196,1,High-Value Active Customers,3.6479,0.0042
17018,41,2,920.1,460.05,3.7376696182833684,1.0986122886681096,6.82556860799419,6.1335064969851505,0,Low-Engagement / Lapsed Spenders,-0.0755,-0.0671
17019,11,4,1258.08,314.52,2.4849066497880004,1.6094379124341003,7.138136574519652,5.7542220714142704,1,High-Value Active Customers,1.0134,-0.5521
17022,31,1,71.0,71.0,3.4657359027997265,0.6931471805599453,4.276666119016055,4.276666119016055,0,Low-Engagement / Lapsed Spenders,-1.5471,-1.323
17024,45,3,95.85,31.95,3.828641396489095,1.3862943611198906,4.573163389853005,3.4949912609485163,0,Low-Engagement / Lapsed Spenders,-0.918,-0.7198
17025,61,3,357.77,119.26,4.127134385045092,1.3862943611198906,5.882681514648826,4.789656065611423,0,Low-Engagement / Lapsed Spenders,-0.4111,-0.0536
17026,185,2,154.82999999999998,77.41,5.225746673713202,1.0986122886681096,5.048765669457523,4.361951470242831,0,Low-Engagement / Lapsed Spenders,-1.4865,0.2291
17027,79,6,877.5600000000001,146.26,4.382026634673881,1.9459101490553132,6.778284203530562,4.992199731940571,1,High-Value Active Customers,0.4226,0.6482
17029,111,2,716.0,358.0,4.718498871295094,1.0986122886681096,6.57507584059962,5.883322388488279,0,Low-Engagement / Lapsed Spenders,-0.569,0.4634
17030,64,1,146.87,146.87,4.174387269895637,0.6931471805599453,4.996333509385396,4.996333509385396,0,Low-Engagement / Lapsed Spenders,-1.4766,-0.6116
17031,12,2,380.35,190.18,2.5649493574615367,1.0986122886681096,5.943717588610248,5.253215392635616,0,Low-Engagement / Lapsed Spenders,-0.0457,-1.1318
17033,86,3,1030.14,343.38,4.465908118654584,1.3862943611198906,6.9384202652929305,5.841745698858039,0,Low-Engagement / Lapsed Spenders,-0.0399,0.5457
17034,16,3,745.52,248.51,2.833213344056216,1.3862943611198906,6.615422408314929,5.519498994548706,1,High-Value Active Customers,0.4306,-0.607
17035,246,2,433.53000000000003,216.76,5.5093883366279774,1.0986122886681096,6.07426498720113,5.383393538903156,0,Low-Engagement / Lapsed Spenders,-1.1086,0.7824
17037,88,1,1267.32,1267.32,4.48863636973214,0.6931471805599453,7.145448469088846,7.145448469088846,0,Low-Engagement / Lapsed Spenders,-0.5776,0.3703
17038,30,1,112.4,112.4,3.4339872044851463,0.6931471805599453,4.730921391293652,4.730921391293652,0,Low-Engagement / Lapsed Spenders,-1.3196,-1.1776
17040,138,1,449.73,449.73,4.9344739331306915,0.6931471805599453,6.110868490605405,6.110868490605405,0,Low-Engagement / Lapsed Spenders,-1.2385,0.2762
17041,27,3,1071.49,357.16,3.332204510175204,1.3862943611198906,6.977738326749379,5.8809798139327105,1,High-Value Active Customers,0.4118,-0.1587
17042,3,5,1036.58,207.32,1.3862943611198906,1.791759469228055,6.944646357565886,5.339075359020204,1,High-Value Active Customers,1.5063,-1.2493
17043,32,4,1735.18,433.8,3.4965075614664802,1.6094379124341003,7.459442576481153,6.0748861552470546,1,High-Value Active Customers,0.7794,0.2062
17044,25,1,948.48,948.48,3.258096538021482,0.6931471805599453,6.855914466312751,6.855914466312751,0,Low-Engagement / Lapsed Spenders,-0.2449,-0.5152
17045,113,3,339.44,113.15,4.736198448394496,1.3862943611198906,5.83023889860876,4.737513372975805,0,Low-Engagement / Lapsed Spenders,-0.6686,0.3134
17046,157,1,642.02,642.02,5.062595033026967,0.6931471805599453,6.466175827952961,6.466175827952961,0,Low-Engagement / Lapsed Spenders,-1.119,0.4868
17047,85,3,1100.9,366.97,4.454347296253507,1.3862943611198906,7.004791241493732,5.908001413106723,0,Low-Engagement / Lapsed Spenders,-0.004,0.5625
17048,118,3,925.35,308.45,4.77912349311153,1.3862943611198906,6.831252132996021,5.73479652818537,0,Low-Engagement / Lapsed Spenders,-0.2104,0.7052
17049,3,9,5655.03,628.34,1.3862943611198906,2.302585092994046,8.64047751166418,6.444671651201568,1,High-Value Active Customers,2.7727,-0.4362
17050,96,6,3185.64,530.94,4.574710978503383,1.9459101490553132,8.066722349141488,6.276530701026394,1,High-Value Active Customers,0.9599,1.2396
17051,194,1,240.89000000000001,240.89,5.272999558563747,0.6931471805599453,5.48848307736504,5.48848307736504,0,Low-Engagement / Lapsed Spenders,-1.6629,0.2641
17052,28,1,399.09,399.09,3.367295829986474,0.6931471805599453,5.9916895217992785,5.9916895217992785,0,Low-Engagement / Lapsed Spenders,-0.6963,-0.7607
17053,131,1,498.48,498.48,4.882801922586371,0.6931471805599453,6.213567557246944,6.213567557246944,0,Low-Engagement / Lapsed Spenders,-1.1701,0.2808
17054,28,5,1356.33,271.27,3.367295829986474,1.791759469228055,7.213274813763555,5.6067942210065205,1,High-Value Active Customers,0.877,0.1044
17058,82,3,1179.89,393.3,4.418840607796598,1.3862943611198906,7.074023670453844,5.977112040883582,0,Low-Engagement / Lapsed Spenders,0.0424,0.5652
17059,30,5,3080.39,616.08,3.4339872044851463,1.791759469228055,8.033136072864288,6.424998675143739,1,High-Value Active Customers,1.2402,0.4453
17060,266,1,234.24,234.24,5.58724865840025,0.6931471805599453,5.460606269591755,5.460606269591755,0,Low-Engagement / Lapsed Spenders,-1.7962,0.4531
17061,74,11,5232.2300000000005,475.66,4.31748811353631,2.4849066497880004,8.56278395725042,6.166803448474052,1,High-Value Active Customers,1.7811,1.4634
17062,314,4,533.33,133.33,5.752572638825633,1.6094379124341003,6.281013625618804,4.900299459074922,0,Low-Engagement / Lapsed Spenders,-0.6412,1.2072
17063,21,7,1461.14,208.73,3.091042453358316,2.0794415416798357,7.287656394959027,5.345820989192004,1,High-Value Active Customers,1.2781,0.0664
17064,59,3,855.45,285.15,4.0943445622221,1.3862943611198906,6.752795938943994,5.656516148855111,0,Low-Engagement / Lapsed Spenders,0.014,0.2425
17068,12,21,4552.14,216.77,2.5649493574615367,3.091042453358316,8.423572383818774,5.383439459964859,1,High-Value Active Customers,2.933,0.5336
17069,28,9,2709.7000000000003,301.08,3.367295829986474,2.302585092994046,7.904962183102404,5.710691882957136,1,High-Value Active Customers,1.6672,0.5517
17070,114,1,304.24,304.24,4.74493212836325,0.6931471805599453,5.721098352421432,5.721098352421432,0,Low-Engagement / Lapsed Spenders,-1.3509,0.014
17071,28,9,2429.03,269.89,3.367295829986474,2.302585092994046,7.795658881937399,5.601712834419309,1,High-Value Active Customers,1.6153,0.5119
17073,18,4,1446.09,361.52,2.9444389791664403,1.6094379124341003,7.277309922347601,5.893079645186581,1,High-Value Active Customers,0.9039,-0.2101
17075,18,4,834.12,208.53,2.9444389791664403,1.6094379124341003,6.727575427100043,5.344866927201017,1,High-Value Active Customers,0.6432,-0.4103
17076,36,3,841.0799999999999,280.36,3.6109179126442243,1.3862943611198906,6.735875021605469,5.639634988165727,0,Low-Engagement / Lapsed Spenders,0.1907,-0.0701
17078,36,2,378.2,189.1,3.6109179126442243,1.0986122886681096,5.938063770380866,5.247550249494384,0,Low-Engagement / Lapsed Spenders,-0.4479,-0.4707
17079,78,1,118.80000000000001,118.8,4.3694478524670215,0.6931471805599453,4.785823685681349,4.785823685681349,0,Low-Engagement / Lapsed Spenders,-1.6509,-0.5646
17080,22,2,287.62,143.81,3.1354942159291497,1.0986122886681096,5.665110944007932,4.975422538340511,0,Low-Engagement / Lapsed Spenders,-0.3958,-0.8715
17081,25,2,288.91,144.46,3.258096538021482,1.0986122886681096,5.669570529986012,4.979901134726394,0,Low-Engagement / Lapsed Spenders,-0.4405,-0.7922
17082,33,2,2003.85,1001.92,3.5263605246161616,1.0986122886681096,7.603324523974459,6.910671024063034,1,High-Value Active Customers,0.374,0.0822
17083,109,3,1405.78,468.59,4.700480365792417,1.3862943611198906,7.249058683836842,6.151859973568241,0,Low-Engagement / Lapsed Spenders,0.0178,0.8075
17084,35,2,2747.9900000000002,1374.0,3.58351893845611,1.0986122886681096,7.918988850472198,7.226209010100671,1,High-Value Active Customers,0.5018,0.2334
17085,123,5,1562.4,312.48,4.820281565605037,1.791759469228055,7.35461821578623,5.747735562184664,1,High-Value Active Customers,0.389,1.077
17086,7,6,2050.08,341.68,2.0794415416798357,1.9459101490553132,7.626121762674929,5.836797067095843,1,High-Value Active Customers,1.7042,-0.5027
17088,28,4,1991.01,497.75,3.367295829986474,1.6094379124341003,7.596899458212264,6.212104968204073,1,High-Value Active Customers,0.8939,0.1744
17090,4,7,1974.65,282.09,1.6094379124341003,2.0794415416798357,7.588652737113165,5.645764868286627,1,High-Value Active Customers,1.9868,-0.7632
17091,3,9,3827.76,425.31,1.3862943611198906,2.302585092994046,8.250296269962053,6.055166781154964,1,High-Value Active Customers,2.5876,-0.5783
17092,50,4,1774.03,443.51,3.9318256327243257,1.6094379124341003,7.48157260317514,6.0969725518887525,1,High-Value Active Customers,0.6236,0.4903
17094,322,1,302.0,302.0,5.777652323222656,0.6931471805599453,5.713732805509369,5.713732805509369,0,Low-Engagement / Lapsed Spenders,-1.7489,0.666
17095,23,3,1324.16,441.39,3.1780538303479458,1.3862943611198906,7.18928848584704,6.092191845974351,1,High-Value Active Customers,0.571,-0.1794
17096,15,4,1022.13,255.53,2.772588722239781,1.6094379124341003,6.930621835101851,5.547245616835974,1,High-Value Active Customers,0.8052,-0.4453
17097,2,8,954.42,119.3,1.0986122886681096,2.1972245773362196,6.862151034377116,4.789988622980633,1,High-Value Active Customers,1.944,-1.3066
17100,18,2,971.74,485.87,2.9444389791664403,1.0986122886681096,6.880116831678181,6.1879971469959,0,Low-Engagement / Lapsed Spenders,0.2533,-0.5501
17101,10,4,1621.73,405.43,2.3978952727983707,1.6094379124341003,7.391865195080271,6.007411712437429,1,High-Value Active Customers,1.167,-0.5148
17102,262,1,25.5,25.5,5.572154032177765,0.6931471805599453,3.2771447329921766,3.2771447329921766,0,Low-Engagement / Lapsed Spenders,-2.8257,-0.3517
17105,159,2,665.78,332.89,5.075173815233827,1.0986122886681096,6.50246015642561,5.810811597414573,0,Low-Engagement / Lapsed Spenders,-0.7397,0.6631
17107,33,6,10797.48,1799.58,3.5263605246161616,1.9459101490553132,9.287160662466663,7.495864114204047,1,High-Value Active Customers,1.939,1.0195
17109,29,6,881.29,146.88,3.4011973816621555,1.9459101490553132,6.782520800150454,4.996401134068432,1,High-Value Active Customers,0.7993,0.028
17110,165,1,163.29999999999998,163.3,5.111987788356544,0.6931471805599453,5.101694025043222,5.101694025043223,0,Low-Engagement / Lapsed Spenders,-1.7848,0.0211
17111,47,1,231.61,231.61,3.8712010109078907,0.6931471805599453,5.449363231421816,5.449363231421816,0,Low-Engagement / Lapsed Spenders,-1.146,-0.6388
17114,6,8,801.12,100.14,1.9459101490553132,2.1972245773362196,6.687258222608833,4.616505695651837,1,High-Value Active Customers,1.5374,-0.8331
17115,8,3,837.5,279.17,2.1972245773362196,1.3862943611198906,6.731614581263264,5.635396561789737,1,High-Value Active Customers,0.7287,-0.9679
17117,288,1,116.19999999999999,116.2,5.666426688112432,0.6931471805599453,4.763881877142913,4.763881877142913,0,Low-Engagement / Lapsed Spenders,-2.1568,0.2496
17118,318,1,157.02,157.02,5.765191102784844,0.6931471805599453,5.062721607294587,5.062721607294587,0,Low-Engagement / Lapsed Spenders,-2.0528,0.421
17119,3,2,606.91,303.46,1.3862943611198906,1.0986122886681096,6.410026844693401,5.718539715631108,1,High-Value Active Customers,0.6256,-1.7091
17120,233,1,307.46,307.46,5.455321115357702,0.6931471805599453,5.731592175295468,5.731592175295468,0,Low-Engagement / Lapsed Spenders,-1.6173,0.4682
17122,119,1,138.32,138.32,4.787491742782046,0.6931471805599453,4.9367734454978,4.9367734454978,0,Low-Engagement / Lapsed Spenders,-1.739,-0.2446
17123,162,1,345.29999999999995,345.3,5.093750200806762,0.6931471805599453,5.847305451408376,5.847305451408376,0,Low-Engagement / Lapsed Spenders,-1.4243,0.2811
17124,185,1,294.24,294.24,5.225746673713202,0.6931471805599453,5.687788584901852,5.687788584901852,0,Low-Engagement / Lapsed Spenders,-1.5504,0.3067
17125,50,1,230.5,230.5,3.9318256327243257,0.6931471805599453,5.444579873526289,5.444579873526289,0,Low-Engagement / Lapsed Spenders,-1.1714,-0.6021
17126,152,5,989.45,197.89,5.030437921392435,1.791759469228055,6.89815938530869,5.2927519080751555,0,Low-Engagement / Lapsed Spenders,0.0922,1.044
17128,335,1,157.09,157.09,5.817111159963204,0.6931471805599453,5.063164491108096,5.063164491108096,0,Low-Engagement / Lapsed Spenders,-2.0724,0.4541
17131,5,5,2463.17,492.63,1.791759469228055,1.791759469228055,7.8096103157799615,6.201786248702134,1,High-Value Active Customers,1.7616,-0.6772
17133,16,7,4892.240000000001,698.89,2.833213344056216,2.0794415416798357,8.495609939749013,6.55092317983803,1,High-Value Active Customers,1.9493,0.3429
17134,107,2,413.2,206.6,4.68213122712422,1.0986122886681096,6.026348948961484,5.335613151291733,0,Low-Engagement / Lapsed Spenders,-0.8153,0.2405
17135,16,7,1139.73,162.82,2.833213344056216,2.0794415416798357,7.039423687328594,5.098768264087456,1,High-Value Active Customers,1.2589,-0.1874
17138,276,1,380.5,380.5,5.6240175061873385,0.6931471805599453,5.9441108507245115,5.9441108507245115,0,Low-Engagement / Lapsed Spenders,-1.581,0.6525
17139,16,12,10650.77,887.56,2.833213344056216,2.5649493574615367,9.273481354511448,6.789602174858865,1,High-Value Active Customers,2.7575,0.8119
17140,247,1,454.12,454.12,5.5134287461649825,0.6931471805599453,6.1205611204423915,6.1205611204423915,0,Low-Engagement / Lapsed Spenders,-1.4551,0.6467
17142,239,1,579.0,579.0,5.480638923341991,0.6931471805599453,6.363028103540465,6.363028103540465,0,Low-Engagement / Lapsed Spenders,-1.3276,0.7142
17144,1,2,984.57,492.28,0.6931471805599453,1.0986122886681096,6.893220154004312,6.20107696413784,1,High-Value Active Customers,1.1195,-1.9725
17146,106,3,749.78,249.93,4.672828834461906,1.3862943611198906,6.621112666105018,5.525174015774129,0,Low-Engagement / Lapsed Spenders,-0.2694,0.5613
17147,23,4,1714.59,428.65,3.1780538303479458,1.6094379124341003,7.447512323761201,6.062970923759232,1,High-Value Active Customers,0.8954,0.0
17148,52,1,124.88,124.88,3.970291913552122,0.6931471805599453,4.835329072196206,4.835329072196206,0,Low-Engagement / Lapsed Spenders,-1.475,-0.7996
17152,195,3,1689.5,563.17,5.278114659230518,1.3862943611198906,7.43277962214794,6.335355624520363,0,Low-Engagement / Lapsed Spenders,-0.1158,1.2406
17153,24,1,213.78,213.78,3.2188758248682006,0.6931471805599453,5.369614248430071,5.369614248430071,0,Low-Engagement / Lapsed Spenders,-0.9346,-1.0814
17154,75,1,329.34,329.34,4.330733340286331,0.6931471805599453,5.800122427092944,5.800122427092944,0,Low-Engagement / Lapsed Spenders,-1.1552,-0.2198
17155,18,2,251.70000000000002,125.85,2.9444389791664403,1.0986122886681096,5.532203014394149,4.843005286045291,0,Low-Engagement / Lapsed Spenders,-0.3858,-1.0411
17157,8,2,319.0,159.5,2.1972245773362196,1.0986122886681096,5.768320995793772,5.07829394257007,0,Low-Engagement / Lapsed Spenders,0.0116,-1.4287
17158,32,3,1266.97,422.32,3.4965075614664802,1.3862943611198906,7.145172475411292,6.0481283942255235,1,High-Value Active Customers,0.4284,0.0064
17159,22,3,1538.88,512.96,3.1354942159291497,1.3862943611198906,7.33945977029367,6.24214544141528,1,High-Value Active Customers,0.6585,-0.1517
17160,31,6,3518.03,586.34,3.4657359027997265,1.9459101490553132,8.165940662434437,6.375603868501394,1,High-Value Active Customers,1.4306,0.5727
17162,29,10,1715.46,171.55,3.4011973816621555,2.3978952727983707,7.448019309392898,5.150687049544013,1,High-Value Active Customers,1.5238,0.4432
17163,22,2,293.1,146.55,3.1354942159291497,1.0986122886681096,5.68391984555995,4.994167101388949,0,Low-Engagement / Lapsed Spenders,-0.3868,-0.8647
17164,33,7,2467.35,352.48,3.5263605246161616,2.0794415416798357,7.811305190205457,5.867826906649804,1,High-Value Active Customers,1.3601,0.5331
17165,284,1,158.68,158.68,5.652489180268651,0.6931471805599453,5.073171812563154,5.073171812563154,0,Low-Engagement / Lapsed Spenders,-2.0048,0.3534
17166,39,2,206.34,103.17,3.6888794541139363,1.0986122886681096,5.334359957894966,4.646024179996357,0,Low-Engagement / Lapsed Spenders,-0.764,-0.6412
17169,58,2,835.78,417.89,4.07753744390572,1.0986122886681096,6.729561192451421,6.037608355622213,0,Low-Engagement / Lapsed Spenders,-0.2509,0.1133
17171,289,1,224.91,224.91,5.66988092298052,0.6931471805599453,5.420136689869131,5.420136689869131,0,Low-Engagement / Lapsed Spenders,-1.8469,0.4908
17172,79,1,317.76,317.76,4.382026634673881,0.6931471805599453,5.764438468529548,5.764438468529548,0,Low-Engagement / Lapsed Spenders,-1.1917,-0.2002
17173,5,8,3766.6,470.82,1.791759469228055,2.1972245773362196,8.234193472948663,6.156597556918686,1,High-Value Active Customers,2.3298,-0.3675
17174,218,1,59.9,59.9,5.389071729816501,0.6931471805599453,4.109233174715851,4.109233174715851,0,Low-Engagement / Lapsed Spenders,-2.3612,-0.1647
17175,44,4,1443.69,360.92,3.8066624897703196,1.6094379124341003,7.275650044659092,5.891423192927756,1,High-Value Active Customers,0.5737,0.3359
17176,202,1,306.13,306.13,5.313205979041787,0.6931471805599453,5.7272711107251055,5.7272711107251055,0,Low-Engagement / Lapsed Spenders,-1.5651,0.3765
17179,178,3,711.79,237.26,5.187385805840755,1.3862943611198906,6.569186846877494,5.473362514371215,0,Low-Engagement / Lapsed Spenders,-0.4906,0.8685
17180,56,4,783.97,195.99,4.04305126783455,1.6094379124341003,6.665645500491627,5.283152966028264,0,Low-Engagement / Lapsed Spenders,0.1942,0.2636
17181,57,2,239.92000000000002,119.96,4.060443010546419,1.0986122886681096,5.4844649281755204,4.795459912431223,0,Low-Engagement / Lapsed Spenders,-0.8347,-0.351
17183,8,6,3347.31,557.88,2.1972245773362196,1.9459101490553132,8.116211019915529,6.325934781058522,1,High-Value Active Customers,1.8916,-0.2495
17186,47,2,144.0,72.0,3.8712010109078907,1.0986122886681096,4.976733742420574,4.290459441148391,0,Low-Engagement / Lapsed Spenders,-1.0032,-0.6559
17187,227,1,203.95,203.95,5.429345628954441,0.6931471805599453,5.322766046950346,5.322766046950346,0,Low-Engagement / Lapsed Spenders,-1.8012,0.3028
17188,11,7,2474.23,353.46,2.4849066497880004,2.0794415416798357,7.814088599978061,5.870595504626993,1,High-Value Active Customers,1.7592,-0.1261
17189,106,2,383.75,191.88,4.672828834461906,1.0986122886681096,5.952593772718989,5.262068233872916,0,Low-Engagement / Lapsed Spenders,-0.8467,0.2077
17190,59,2,444.74,222.37,4.0943445622221,1.0986122886681096,6.09973582239177,5.408829589345466,0,Low-Engagement / Lapsed Spenders,-0.556,-0.1054
17191,28,7,2093.68,299.1,3.367295829986474,2.0794415416798357,7.647156076059518,5.704115752446322,1,High-Value Active Customers,1.343,0.3725
17193,36,7,1699.3000000000002,242.76,3.6109179126442243,2.0794415416798357,7.43855998506344,5.496184134677454,1,High-Value Active Customers,1.151,0.4509
17194,274,2,262.62,131.31,5.616771097666572,1.0986122886681096,5.57450867228432,4.88514765405432,0,Low-Engagement / Lapsed Spenders,-1.3866,0.6684
17197,30,1,1013.01,1013.01,3.4339872044851463,0.6931471805599453,6.921668046035439,6.921668046035439,0,Low-Engagement / Lapsed Spenders,-0.2809,-0.3798
17198,24,3,692.22,230.74,3.2188758248682006,1.3862943611198906,6.541347409127499,5.445616053568917,0,Low-Engagement / Lapsed Spenders,0.2482,-0.3895
17201,54,1,289.78,289.78,4.007333185232471,0.6931471805599453,5.672566967503279,5.672566967503279,0,Low-Engagement / Lapsed Spenders,-1.0921,-0.4712
17203,36,6,3560.08,593.35,3.6109179126442243,1.9459101490553132,8.17781914862498,6.387468371426634,1,High-Value Active Customers,1.3807,0.6691
17204,175,4,1564.56,391.14,5.170483995038151,1.6094379124341003,7.355998866445309,5.971618918887276,0,Low-Engagement / Lapsed Spenders,0.0909,1.2297
17205,54,1,384.08,384.08,4.007333185232471,0.6931471805599453,5.953451104909766,5.953451104909766,0,Low-Engagement / Lapsed Spenders,-0.959,-0.3689
17206,53,1,204.24,204.24,3.9889840465642745,0.6931471805599453,5.324180026073764,5.324180026073764,0,Low-Engagement / Lapsed Spenders,-1.2503,-0.6097
17211,27,8,2317.2200000000003,289.65,3.332204510175204,2.1972245773362196,7.748554928800743,5.67211979414736,1,High-Value Active Customers,1.5111,0.4322
17212,253,1,226.85,226.85,5.537334267018537,0.6931471805599453,5.428687517709892,5.428687517709892,0,Low-Engagement / Lapsed Spenders,-1.7922,0.4099
17213,40,7,2781.23,397.32,3.713572066704308,2.0794415416798357,7.931008043401064,5.987255702333927,1,High-Value Active Customers,1.3453,0.6954
17214,60,6,1059.1200000000001,176.52,4.110873864173311,1.9459101490553132,6.966137388245792,5.179083278624338,1,High-Value Active Customers,0.6152,0.5447
17217,234,1,113.5,113.5,5.459585514144159,0.6931471805599453,4.740574822994295,4.740574822994295,0,Low-Engagement / Lapsed Spenders,-2.0888,0.11
17218,4,10,1951.97,195.2,1.6094379124341003,2.3978952727983707,7.577106569775595,5.279134547131263,1,High-Value Active Customers,2.2695,-0.6456
17219,32,1,114.23,114.23,3.4965075614664802,0.6931471805599453,4.746930131025923,4.746930131025923,0,Low-Engagement / Lapsed Spenders,-1.3359,-1.1322
17220,24,14,3187.55,227.68,3.2188758248682006,2.70805020110221,8.067321546987245,5.432323646395771,1,High-Value Active Customers,2.1677,0.6719
17221,7,2,334.48,167.24,2.0794415416798357,1.0986122886681096,5.815562342116211,5.1253915313944445,0,Low-Engagement / Lapsed Spenders,0.079,-1.4862
17222,65,1,328.65,328.65,4.189654742026425,0.6931471805599453,5.798031485559308,5.798031485559308,0,Low-Engagement / Lapsed Spenders,-1.1023,-0.31
17223,310,2,416.89,208.44,5.739792912179234,1.0986122886681096,6.035218239997905,5.34443730216159,0,Low-Engagement / Lapsed Spenders,-1.2151,0.9142
17226,309,1,393.49,393.49,5.736572297479192,0.6931471805599453,5.977593791422191,5.977593791422191,0,Low-Engagement / Lapsed Spenders,-1.6081,0.7361
17227,19,6,939.32,156.55,2.995732273553991,1.9459101490553132,6.84622024286434,5.0597428682032835,1,High-Value Active Customers,0.9844,-0.2059
17228,16,8,1906.09,238.26,2.833213344056216,2.1972245773362196,7.553333799033199,5.477550826742758,1,High-Value Active Customers,1.6091,0.0448
17229,96,2,318.76,159.38,4.574710978503383,1.0986122886681096,5.767570714403068,5.0775459993788825,0,Low-Engagement / Lapsed Spenders,-0.8969,0.0782
17230,264,8,3638.41,454.8,5.579729825986222,2.1972245773362196,8.199576859581033,6.122054116811584,1,High-Value Active Customers,0.8664,2.0213
17231,12,10,3124.72,312.47,2.5649493574615367,2.3978952727983707,8.047419935632497,5.747703661714129,1,High-Value Active Customers,2.1274,0.1314
17232,3,2,417.77,208.88,1.3862943611198906,1.0986122886681096,6.037321843192776,5.346535938818511,1,High-Value Active Customers,0.4489,-1.8449
17233,35,1,190.88,190.88,3.58351893845611,0.6931471805599453,5.256870176633863,5.256870176633863,0,Low-Engagement / Lapsed Spenders,-1.1274,-0.8913
17234,183,1,149.89000000000001,149.89,5.214935757608986,0.6931471805599453,5.0165510945255605,5.01655109452556,0,Low-Engagement / Lapsed Spenders,-1.8645,0.0554
17235,25,2,550.06,275.03,3.258096538021482,1.0986122886681096,6.311843696146471,5.620509555462379,0,Low-Engagement / Lapsed Spenders,-0.1359,-0.5583
17236,13,6,916.13,152.69,2.639057329615259,1.9459101490553132,6.821249228838842,5.034937586619221,1,High-Value Active Customers,1.1088,-0.4411
17237,11,2,314.69,157.34,2.4849066497880004,1.0986122886681096,5.754760719420831,5.064744619743288,0,Low-Engagement / Lapsed Spenders,-0.1047,-1.2513
17238,3,17,3719.1,218.77,1.3862943611198906,2.8903717578961645,8.221505828626315,5.392581544938119,1,High-Value Active Customers,3.1059,-0.364
17239,313,1,382.5,382.5,5.749392985908253,0.6931471805599453,5.949339620807311,5.949339620807311,0,Low-Engagement / Lapsed Spenders,-1.6264,0.7339
17242,108,2,1135.04,567.52,4.6913478822291435,1.0986122886681096,7.0353038099288,6.343036492870811,0,Low-Engagement / Lapsed Spenders,-0.3404,0.6138
17243,1,26,8540.05,328.46,0.6931471805599453,3.295836866004329,9.052639230044456,5.797454950518836,1,High-Value Active Customers,4.1316,-0.3456
17244,53,1,954.9,954.9,3.9889840465642745,0.6931471805599453,6.862653305069717,6.862653305069717,0,Low-Engagement / Lapsed Spenders,-0.5209,-0.0494
17245,205,1,171.45,171.45,5.327876168789581,0.6931471805599453,5.15010733938285,5.15010733938285,0,Low-Engagement / Lapsed Spenders,-1.8443,0.1756
17247,15,1,280.09000000000003,280.09,2.772588722239781,0.6931471805599453,5.6386749027510605,5.63867490275106,0,Low-Engagement / Lapsed Spenders,-0.6365,-1.2663
17248,120,1,318.65,318.65,4.795790545596741,0.6931471805599453,5.767226647212736,5.767226647212736,0,Low-Engagement / Lapsed Spenders,-1.3485,0.0631
17250,4,2,381.97,190.98,1.6094379124341003,1.0986122886681096,5.947956657131048,5.257391199935391,1,High-Value Active Customers,0.3213,-1.7359
17251,363,1,269.83,269.83,5.8971538676367405,0.6931471805599453,5.601491317767735,5.601491317767735,0,Low-Engagement / Lapsed Spenders,-1.8478,0.7009
17252,117,2,348.91,174.46,4.770684624465665,1.0986122886681096,5.857675978559423,5.167411096700238,0,Low-Engagement / Lapsed Spenders,-0.9291,0.2352
17253,18,1,178.26,178.26,2.9444389791664403,0.6931471805599453,5.188837265929216,5.188837265929216,0,Low-Engagement / Lapsed Spenders,-0.9155,-1.3212
17254,5,2,271.19,135.6,1.791759469228055,1.0986122886681096,5.606500351849647,4.91705694713669,0,Low-Engagement / Lapsed Spenders,0.0898,-1.7447
17255,41,2,291.48,145.74,3.7376696182833684,1.0986122886681096,5.678396288265786,4.9886623132858485,0,Low-Engagement / Lapsed Spenders,-0.6195,-0.485
17256,107,2,240.0,120.0,4.68213122712422,1.0986122886681096,5.484796933490655,4.795790545596741,0,Low-Engagement / Lapsed Spenders,-1.0721,0.0433
17259,148,2,581.23,290.62,5.003946305945459,1.0986122886681096,6.366865558668267,5.6754515848881395,0,Low-Engagement / Lapsed Spenders,-0.7768,0.5685
17262,52,5,1253.3600000000001,250.67,3.970291913552122,1.791759469228055,7.134380761332616,5.528118705526313,1,High-Value Active Customers,0.6092,0.4579
17263,208,1,63.440000000000005,63.44,5.342334251964811,0.6931471805599453,4.165734558308774,4.165734558308774,0,Low-Engagement / Lapsed Spenders,-2.3166,-0.1737
17265,139,2,550.01,275.0,4.941642422609304,1.0986122886681096,6.311752957808554,5.62040086571715,0,Low-Engagement / Lapsed Spenders,-0.7791,0.509
17266,2,3,296.58,98.86,1.0986122886681096,1.3862943611198906,5.695683096399551,4.603769205072464,1,High-Value Active Customers,0.6571,-2.0416
17267,127,2,317.2,158.6,4.852030263919617,1.0986122886681096,5.762680115903686,5.072670685015709,0,Low-Engagement / Lapsed Spenders,-1.0052,0.2522
17268,108,4,763.64,190.91,4.6913478822291435,1.6094379124341003,6.639405134829848,5.257026512130156,0,Low-Engagement / Lapsed Spenders,-0.0659,0.665
17272,42,4,2148.63,537.16,3.7612001156935624,1.6094379124341003,7.673051013288749,6.28815591371735,1,High-Value Active Customers,0.7795,0.4518
17274,35,1,107.82,107.82,3.58351893845611,0.6931471805599453,4.689695141057779,4.689695141057779,0,Low-Engagement / Lapsed Spenders,-1.3963,-1.0979
17277,228,2,1065.3500000000001,532.68,5.43372200355424,1.0986122886681096,6.9719968810436015,6.27979640840126,0,Low-Engagement / Lapsed Spenders,-0.654,1.0614
17278,241,1,246.04,246.04,5.488937726156687,0.6931471805599453,5.509550266836412,5.509550266836412,0,Low-Engagement / Lapsed Spenders,-1.7354,0.4086
17279,58,1,187.82999999999998,187.83,4.07753744390572,0.6931471805599453,5.240847139393487,5.240847139393487,0,Low-Engagement / Lapsed Spenders,-1.3237,-0.584
17282,130,3,1685.46,561.82,4.875197323201151,1.3862943611198906,7.430386936461763,6.332959861211525,0,Low-Engagement / Lapsed Spenders,0.037,0.9843
17284,60,6,1647.48,274.58,4.110873864173311,1.9459101490553132,7.407608930196758,5.618877967565757,1,High-Value Active Customers,0.8246,0.7055
17286,22,1,151.37,151.37,3.1354942159291497,0.6931471805599453,5.026311773481264,5.026311773481264,0,Low-Engagement / Lapsed Spenders,-1.0655,-1.2593
17287,26,7,1049.06,149.87,3.295836866004329,2.0794415416798357,6.956602584376121,5.016418538851983,1,High-Value Active Customers,1.0429,0.0757
17288,9,7,1417.63,202.52,2.302585092994046,2.0794415416798357,7.257446896154699,5.3157642801517575,1,High-Value Active Customers,1.5649,-0.4444
17289,32,3,931.02,310.34,3.4965075614664802,1.3862943611198906,6.837354273682813,5.740885562607703,0,Low-Engagement / Lapsed Spenders,0.2825,-0.1057
17290,4,2,513.01,256.5,1.6094379124341003,1.0986122886681096,6.242242720518832,5.551019720103791,1,High-Value Active Customers,0.4608,-1.6288
17291,308,1,550.8000000000001,550.8,5.733341276897746,0.6931471805599453,6.313185661783185,6.313185661783185,0,Low-Engagement / Lapsed Spenders,-1.4477,0.8563
17293,8,9,1854.06,206.01,2.1972245773362196,2.302585092994046,7.525672319531924,5.332767101277263,1,High-Value Active Customers,1.9343,-0.3282
17295,29,3,547.0,182.33,3.4011973816621555,1.3862943611198906,6.306275286948016,5.211287807574934,0,Low-Engagement / Lapsed Spenders,0.0671,-0.3595
17297,17,1,128.18,128.18,2.8903717578961645,0.6931471805599453,4.861206780604327,4.861206780604327,0,Low-Engagement / Lapsed Spenders,-1.0502,-1.4748
17298,101,2,498.42,249.21,4.624972813284271,1.0986122886681096,6.21344742510144,5.52230056525969,0,Low-Engagement / Lapsed Spenders,-0.7047,0.2724
17299,12,4,656.61,164.15,2.5649493574615367,1.6094379124341003,6.4886120504389995,5.1068541518367985,1,High-Value Active Customers,0.6749,-0.7379
17301,21,1,163.24,163.24,3.091042453358316,0.6931471805599453,5.101328772710678,5.101328772710678,0,Low-Engagement / Lapsed Spenders,-1.013,-1.2601
17302,15,5,1135.63,227.13,2.772588722239781,1.791759469228055,7.035823023024634,5.429915641904784,1,High-Value Active Customers,1.02,-0.3372
17303,361,1,250.04,250.04,5.891644211825771,0.6931471805599453,5.525612288984722,5.525612288984722,0,Low-Engagement / Lapsed Spenders,-1.8816,0.6698
17306,11,19,8631.31,454.28,2.4849066497880004,2.995732273553991,9.063267419175418,6.120912614294868,1,High-Value Active Customers,3.1807,0.6793
17309,95,1,82.75,82.75,4.564348191467836,0.6931471805599453,4.427836170705175,4.427836170705175,0,Low-Engagement / Lapsed Spenders,-1.8951,-0.5715
17311,78,2,1384.85,692.42,4.3694478524670215,1.0986122886681096,7.234068948784864,6.5416358762154045,0,Low-Engagement / Lapsed Spenders,-0.1232,0.4821
17312,139,3,644.3,214.77,4.941642422609304,1.3862943611198906,6.469715324941794,5.374213025551294,0,Low-Engagement / Lapsed Spenders,-0.4439,0.6765
17313,31,1,2328.84,2328.84,3.4657359027997265,0.6931471805599453,7.7535548746739895,7.7535548746739895,0,Low-Engagement / Lapsed Spenders,0.1015,-0.0567
17314,25,8,2527.92,315.99,3.258096538021482,2.1972245773362196,7.835547613113086,5.758870227638378,1,High-Value Active Customers,1.5806,0.4169
17315,2,38,6281.23,165.3,1.0986122886681096,3.6635616461296463,8.745480291972145,5.113793386198882,1,High-Value Active Customers,4.1638,-0.0598
17317,46,3,2600.34,866.78,3.8501476017100584,1.3862943611198906,7.863781975859922,6.765938226313695,1,High-Value Active Customers,0.6341,0.4923
17320,100,3,1200.6200000000001,400.21,4.61512051684126,1.3862943611198906,7.091425925345387,5.994484981001479,0,Low-Engagement / Lapsed Spenders,-0.0244,0.696
17321,8,2,657.16,328.58,2.1972245773362196,1.0986122886681096,6.489448062860675,5.797819116582584,1,High-Value Active Customers,0.3535,-1.1661
17323,15,7,906.52,129.5,2.772588722239781,2.0794415416798357,6.810715604463653,4.871373226762748,1,High-Value Active Customers,1.1736,-0.3092
17324,18,4,986.48,246.62,2.9444389791664403,1.6094379124341003,6.895156243405622,5.511895312992546,1,High-Value Active Customers,0.7227,-0.3493
17325,280,1,96.8,96.8,5.638354669333745,0.6931471805599453,4.582924577040772,4.582924577040772,0,Low-Engagement / Lapsed Spenders,-2.2319,0.1659
17329,14,2,523.11,261.56,2.70805020110221,1.0986122886681096,6.261701585954275,5.570479627341781,0,Low-Engagement / Lapsed Spenders,0.0504,-0.9252
17330,23,2,363.9,181.95,3.1780538303479458,1.0986122886681096,5.899623343442402,5.209212891465215,0,Low-Engagement / Lapsed Spenders,-0.3008,-0.7591
17331,124,1,175.2,175.2,4.8283137373023015,0.6931471805599453,5.171619713502079,5.171619713502079,0,Low-Engagement / Lapsed Spenders,-1.6433,-0.1332
17333,86,1,494.25,494.25,4.465908118654584,0.6931471805599453,6.20506268557866,6.20506268557866,0,Low-Engagement / Lapsed Spenders,-1.0148,0.0134
17334,302,2,307.02,153.51,5.713732805509369,1.0986122886681096,5.73016471593032,5.040258819162327,0,Low-Engagement / Lapsed Spenders,-1.3498,0.7866
17337,151,4,1981.06,495.26,5.0238805208462765,1.6094379124341003,7.591891986883801,6.2070999829318705,0,Low-Engagement / Lapsed Spenders,0.2587,1.2227
17338,17,8,6493.54,811.69,2.8903717578961645,2.1972245773362196,8.778717102886036,6.700349733019989,1,High-Value Active Customers,2.1683,0.5273
17339,94,2,243.36,121.68,4.553876891600541,1.0986122886681096,5.498642547781566,4.809579339246051,0,Low-Engagement / Lapsed Spenders,-1.0165,-0.033
17340,30,11,12353.29,1123.03,3.4339872044851463,2.4849066497880004,9.421758650158734,7.024675720488913,1,High-Value Active Customers,2.5259,1.2162
17341,157,3,682.29,227.43,5.062595033026967,1.3862943611198906,6.5269193668194045,5.431229817667778,0,Low-Engagement / Lapsed Spenders,-0.463,0.774
17343,355,1,193.64,193.64,5.87493073085203,0.6931471805599453,5.271151698475267,5.271151698475267,0,Low-Engagement / Lapsed Spenders,-1.9959,0.5665
17344,46,1,157.62,157.62,3.8501476017100584,0.6931471805599453,5.066511404655174,5.066511404655174,0,Low-Engagement / Lapsed Spenders,-1.3195,-0.7916
17345,15,4,519.6899999999999,129.92,2.772588722239781,1.6094379124341003,6.255154855067978,4.87458644963298,1,High-Value Active Customers,0.4849,-0.6913
17346,4,15,2622.88,174.86,1.6094379124341003,2.772588722239781,7.872409417310936,5.169688223950856,1,High-Value Active Customers,2.7485,-0.3947
17347,86,1,228.96,228.96,4.465908118654584,0.6931471805599453,5.43790538075509,5.43790538075509,0,Low-Engagement / Lapsed Spenders,-1.3786,-0.266
17348,15,5,1156.6,231.32,2.772588722239781,1.791759469228055,7.054104175317274,5.448115731636431,1,High-Value Active Customers,1.0287,-0.3306
17349,179,1,98.25,98.25,5.19295685089021,0.6931471805599453,4.5976419195673,4.5976419195673,0,Low-Engagement / Lapsed Spenders,-2.0547,-0.1111
17350,8,4,1281.32,320.33,2.1972245773362196,1.6094379124341003,7.156426216317626,5.772468632444648,1,High-Value Active Customers,1.132,-0.7278
17351,36,3,587.15,195.72,3.6109179126442243,1.3862943611198906,6.37698201740645,5.281781397907937,0,Low-Engagement / Lapsed Spenders,0.0205,-0.2008
17353,129,2,1740.0,870.0,4.867534450455582,1.0986122886681096,7.462214939768189,6.769641976852503,0,Low-Engagement / Lapsed Spenders,-0.2053,0.881
17354,51,1,1393.06,1393.06,3.9512437185814275,0.6931471805599453,7.239975632001093,7.239975632001093,0,Low-Engagement / Lapsed Spenders,-0.3275,0.0641
17356,312,1,178.22,178.22,5.746203190540153,0.6931471805599453,5.188614101456073,5.188614101456073,0,Low-Engagement / Lapsed Spenders,-1.9859,0.4548
17357,24,2,384.39,192.2,3.2188758248682006,1.0986122886681096,5.954255808575653,5.263725921778418,0,Low-Engagement / Lapsed Spenders,-0.2905,-0.7134
17358,303,2,360.81,180.4,5.717027701406222,1.0986122886681096,5.891119212159107,5.200704537681037,0,Low-Engagement / Lapsed Spenders,-1.2747,0.8473
17359,11,1,127.86,127.86,2.4849066497880004,0.6931471805599453,4.858726543710496,4.858726543710496,0,Low-Engagement / Lapsed Spenders,-0.8965,-1.7328
17360,17,3,568.24,189.41,2.8903717578961645,1.3862943611198906,6.344302137815459,5.249179641986489,0,Low-Engagement / Lapsed Spenders,0.2802,-0.6695
17361,49,3,488.2,162.73,3.912023005428146,1.3862943611198906,6.192771403813017,5.098218729651401,0,Low-Engagement / Lapsed Spenders,-0.1819,-0.077
17362,239,2,312.23,156.12,5.480638923341991,1.0986122886681096,5.746937744970129,5.0570098446061555,0,Low-Engagement / Lapsed Spenders,-1.2528,0.6449
17364,1,11,4462.68,405.7,0.6931471805599453,2.4849066497880004,8.40372881690387,6.008075812913178,1,High-Value Active Customers,3.0902,-0.8921
17365,13,8,4767.36,595.92,2.639057329615259,2.1972245773362196,8.469757709250656,6.391783101063267,1,High-Value Active Customers,2.1178,0.2555
17367,238,1,167.55,167.55,5.476463551931511,0.6931471805599453,5.12723244168007,5.12723244168007,0,Low-Engagement / Lapsed Spenders,-1.9119,0.2615
17368,23,8,1878.87,234.86,3.1780538303479458,2.1972245773362196,7.538957904496927,5.463238408661824,1,High-Value Active Customers,1.4706,0.2582
17370,73,4,446.18,111.54,4.304065093204169,1.6094379124341003,6.102961198121657,4.723308714005133,0,Low-Engagement / Lapsed Spenders,-0.1723,0.2241
17371,17,3,418.4,139.47,2.8903717578961645,1.3862943611198906,6.03882511846782,4.944993942842818,0,Low-Engagement / Lapsed Spenders,0.1354,-0.7808
17372,41,8,1337.18,167.15,3.7376696182833684,2.1972245773362196,7.199065760787922,5.124856438186279,1,High-Value Active Customers,1.0956,0.4891
17373,40,4,646.92,161.73,3.713572066704308,1.6094379124341003,6.473767231940735,5.092092385672523,0,Low-Engagement / Lapsed Spenders,0.2291,-0.0152
17374,219,2,495.77,247.88,5.393627546352361,1.0986122886681096,6.208127142322502,5.516970852589382,0,Low-Engagement / Lapsed Spenders,-1.0009,0.7577
17375,199,3,400.1,133.37,5.298317366548036,1.3862943611198906,5.9942107727760074,4.9005971888873185,0,Low-Engagement / Lapsed Spenders,-0.8056,0.7295
17376,71,2,203.2,101.6,4.276666119016055,1.0986122886681096,5.319099905730565,4.630837932736669,0,Low-Engagement / Lapsed Spenders,-0.9957,-0.2741
17377,24,20,4058.32,202.92,3.2188758248682006,3.044522437723423,8.30877075088342,5.31772776006786,1,High-Value Active Customers,2.5867,0.8885
17379,11,1,389.71999999999997,389.72,2.4849066497880004,0.6931471805599453,5.96799119092234,5.96799119092234,0,Low-Engagement / Lapsed Spenders,-0.3705,-1.3288
17381,9,29,20275.61,699.16,2.302585092994046,3.4011973816621555,9.917223283969056,6.551308880353507,1,High-Value Active Customers,4.0221,1.0299
17382,65,1,65.4,65.4,4.189654742026425,0.6931471805599453,4.1956970564823886,4.1956970564823886,0,Low-Engagement / Lapsed Spenders,-1.8621,-0.8935
17383,4,1,193.39000000000001,193.39,1.6094379124341003,0.6931471805599453,5.269866450374021,5.269866450374021,0,Low-Engagement / Lapsed Spenders,-0.3671,-2.138
17384,19,2,336.4,168.2,2.995732273553991,1.0986122886681096,5.821269170111868,5.1310814471721224,0,Low-Engagement / Lapsed Spenders,-0.2683,-0.9033
17385,15,1,256.11,256.11,2.772588722239781,0.6931471805599453,5.549504008886889,5.549504008886889,0,Low-Engagement / Lapsed Spenders,-0.6788,-1.2988
17386,8,6,2686.42,447.74,2.1972245773362196,1.9459101490553132,7.896336904550998,6.106443655431631,1,High-Value Active Customers,1.7873,-0.3296
17387,20,2,746.81,373.4,3.044522437723423,1.0986122886681096,6.617148935013109,5.9253247446034365,0,Low-Engagement / Lapsed Spenders,0.0904,-0.5825
17388,78,4,1259.56,314.89,4.3694478524670215,1.6094379124341003,7.13931134565379,5.7553940517197795,0,Low-Engagement / Lapsed Spenders,0.2941,0.643
17389,1,34,31833.68,936.28,0.6931471805599453,3.5553480614894135,10.36831154057086,6.842982063639369,1,High-Value Active Customers,4.9903,0.2329
17391,164,2,508.8,254.4,5.10594547390058,1.0986122886681096,6.234018491942015,5.542830943598439,0,Low-Engagement / Lapsed Spenders,-0.8787,0.5848
17392,307,2,417.27,208.64,5.730099782973575,1.0986122886681096,6.036127157014171,5.345391773933965,0,Low-Engagement / Lapsed Spenders,-1.211,0.9084
17394,219,1,203.86999999999998,203.87,5.393627546352361,0.6931471805599453,5.3223756316411075,5.3223756316411075,0,Low-Engagement / Lapsed Spenders,-1.7878,0.2801
17396,39,8,7330.8,916.35,3.6888794541139363,2.1972245773362196,8.899976330900701,6.821489078824729,1,High-Value Active Customers,1.9208,1.0777
17397,22,2,681.41,340.7,3.1354942159291497,1.0986122886681096,6.52563065023188,5.833933159121246,0,Low-Engagement / Lapsed Spenders,0.0123,-0.5581
17398,115,3,653.38,217.79,4.7535901911063645,1.3862943611198906,6.483688222474311,5.388112365664251,0,Low-Engagement / Lapsed Spenders,-0.3654,0.5624
17400,126,5,2097.84,419.57,4.844187086458591,1.791759469228055,7.649140090140571,6.041610934048554,1,High-Value Active Customers,0.5195,1.1994
17402,5,13,2633.85,202.6,1.791759469228055,2.639057329615259,7.8765815333589115,5.316157284676367,1,High-Value Active Customers,2.56,-0.3287
17403,36,1,263.92,263.92,3.6109179126442243,0.6931471805599453,5.579427893616779,5.579427893616779,0,Low-Engagement / Lapsed Spenders,-0.9849,-0.7564
17404,4,15,31906.82,2127.12,1.6094379124341003,2.772588722239781,10.370606399796605,7.662994239849067,1,High-Value Active Customers,3.9331,0.5151
17405,1,3,1031.41,343.8,0.6931471805599453,1.3862943611198906,6.9396511539657,5.842964538789538,1,High-Value Active Customers,1.4019,-1.8456
17406,333,3,2184.42,728.14,5.8111409929767,1.3862943611198906,7.689563308737489,6.591865757466337,0,Low-Engagement / Lapsed Spenders,-0.1976,1.672
17408,163,1,32.65,32.65,5.099866427824199,0.6931471805599453,3.5160130560907366,3.5160130560907366,0,Low-Engagement / Lapsed Spenders,-2.532,-0.5641
17409,185,2,771.85,385.92,5.225746673713202,1.0986122886681096,6.6500849805983275,5.958217953314346,0,Low-Engagement / Lapsed Spenders,-0.7272,0.8123
17410,16,5,1214.72,242.94,2.833213344056216,1.791759469228055,7.1030917728535865,5.496922293415092,1,High-Value Active Customers,1.0287,-0.2743
17411,12,3,778.94,259.65,2.5649493574615367,1.3862943611198906,6.659216993647982,5.563178511214115,1,High-Value Active Customers,0.5539,-0.7611
17412,3,7,1258.06,179.72,1.3862943611198906,2.0794415416798357,7.138120689779327,5.196948872159748,1,High-Value Active Customers,1.8584,-1.0688
17414,44,2,778.0,389.0,3.8066624897703196,1.0986122886681096,6.658011045870748,5.966146739123692,0,Low-Engagement / Lapsed Spenders,-0.1813,-0.0844
17415,80,1,507.84,507.84,4.394449154672439,0.6931471805599453,6.23213362528801,6.23213362528801,0,Low-Engagement / Lapsed Spenders,-0.9747,-0.022
17416,30,7,6893.42,984.77,3.4339872044851463,2.0794415416798357,8.838467667762448,6.893423061671874,1,High-Value Active Customers,1.8824,0.8486
17418,42,2,463.46000000000004,231.73,3.7612001156935624,1.0986122886681096,6.1408754404446775,5.449878983356574,0,Low-Engagement / Lapsed Spenders,-0.4092,-0.3016
17419,11,12,4226.57,352.21,2.4849066497880004,2.5649493574615367,8.349382638885205,5.8670627808997935,1,High-Value Active Customers,2.4524,0.2546
17420,50,3,598.83,199.61,3.9318256327243257,1.3862943611198906,6.3966462817363405,5.3013627247339965,0,Low-Engagement / Lapsed Spenders,-0.0928,0.0098
17422,16,6,1979.37,329.9,2.833213344056216,1.9459101490553132,7.591038974917671,5.801816214927566,1,High-Value Active Customers,1.3996,-0.0376
17423,46,2,698.41,349.2,3.8501476017100584,1.0986122886681096,6.550237122496749,5.8585044198517515,0,Low-Engagement / Lapsed Spenders,-0.2491,-0.0961
17425,19,2,759.17,379.58,2.995732273553991,1.0986122886681096,6.63354209247732,5.941696404873861,0,Low-Engagement / Lapsed Spenders,0.1168,-0.6074
17426,8,6,5037.26,839.54,2.1972245773362196,1.9459101490553132,8.524816063361785,6.734044542436077,1,High-Value Active Customers,2.0853,-0.1007
17427,72,1,100.8,100.8,4.290459441148391,0.6931471805599453,4.623010104116422,4.623010104116422,0,Low-Engagement / Lapsed Spenders,-1.698,-0.674
17428,1,28,17256.85,616.32,0.6931471805599453,3.367295829986474,9.756022391409203,6.425387528032631,1,High-Value Active Customers,4.5298,-0.0621
17429,128,3,524.9200000000001,174.97,4.859812404361672,1.3862943611198906,6.265149109915909,5.17031352596367,0,Low-Engagement / Lapsed Spenders,-0.5096,0.5502
17430,33,2,265.76,132.88,3.5263605246161616,1.0986122886681096,5.586349377764106,4.8969438763431254,0,Low-Engagement / Lapsed Spenders,-0.5824,-0.6524
17431,313,1,403.3,403.3,5.749392985908253,0.6931471805599453,6.002157176646725,6.002157176646725,0,Low-Engagement / Lapsed Spenders,-1.6013,0.7532
17432,18,2,365.76,182.88,2.9444389791664403,1.0986122886681096,5.9047076831817,5.214283370938027,0,Low-Engagement / Lapsed Spenders,-0.2092,-0.9054
17433,88,1,303.15999999999997,303.16,4.48863636973214,0.6931471805599453,5.7175538787401186,5.717553878740119,0,Low-Engagement / Lapsed Spenders,-1.2547,-0.1497
17434,2,7,2373.82,339.12,1.0986122886681096,2.0794415416798357,7.77267692412289,5.829298496517592,1,High-Value Active Customers,2.2692,-1.02
17436,2,2,216.29999999999998,108.15,1.0986122886681096,1.0986122886681096,5.381278887262384,4.692723082995953,0,Low-Engagement / Lapsed Spenders,0.2478,-2.2662
17438,254,1,388.45000000000005,388.45,5.541263545158426,0.6931471805599453,5.9647354873659575,5.9647354873659575,0,Low-Engagement / Lapsed Spenders,-1.5396,0.6076
17440,157,3,186.42000000000002,62.14,5.062595033026967,1.3862943611198906,5.233352087695677,4.145354483129846,0,Low-Engagement / Lapsed Spenders,-1.0763,0.3029
17442,37,6,2248.56,374.76,3.6375861597263857,1.9459101490553132,7.7184899205194295,5.92895064171874,1,High-Value Active Customers,1.1528,0.5187
17443,220,1,534.24,534.24,5.3981627015177525,0.6931471805599453,6.282715244436788,6.282715244436788,0,Low-Engagement / Lapsed Spenders,-1.3341,0.6327
17444,148,3,2940.04,980.01,5.003946305945459,1.3862943611198906,7.9865185392775535,6.8885826531933265,0,Low-Engagement / Lapsed Spenders,0.2515,1.2685
17446,177,2,120.9,60.45,5.181783550292085,1.0986122886681096,4.803201036487226,4.118223836012044,0,Low-Engagement / Lapsed Spenders,-1.5861,0.1118
17447,40,2,541.53,270.76,3.713572066704308,1.0986122886681096,6.296243383424822,5.604919323852329,0,Low-Engagement / Lapsed Spenders,-0.3173,-0.2752
17449,2,7,2519.21,359.89,1.0986122886681096,2.0794415416798357,7.832097510366773,5.8885732027583435,1,High-Value Active Customers,2.2973,-0.9984
17450,8,46,194390.79,4225.89,2.1972245773362196,3.8501476017100584,12.17763093760637,8.349221777043889,1,High-Value Active Customers,5.5404,1.9581
17451,1,7,1721.4,245.91,0.6931471805599453,2.0794415416798357,7.451473946050154,5.5090238977585635,1,High-Value Active Customers,2.2717,-1.394
17453,18,2,486.71999999999997,243.36,2.9444389791664403,1.0986122886681096,6.189741470692064,5.498642547781566,0,Low-Engagement / Lapsed Spenders,-0.074,-0.8016
17454,192,4,517.53,129.38,5.262690188904886,1.6094379124341003,6.25099788520506,4.870453263496393,0,Low-Engagement / Lapsed Spenders,-0.4683,0.8858
17455,204,1,131.7,131.7,5.3230099791384085,0.6931471805599453,4.888090941338162,4.888090941338162,0,Low-Engagement / Lapsed Spenders,-1.9667,0.0771
17456,365,1,249.86,249.86,5.902633333401366,0.6931471805599453,5.524895014596528,5.524895014596528,0,Low-Engagement / Lapsed Spenders,-1.8862,0.6765
17457,127,5,1737.7,347.54,4.852030263919617,1.791759469228055,7.460892986533744,5.853753001232496,1,High-Value Active Customers,0.4272,1.1358
17458,15,1,316.5,316.5,2.772588722239781,0.6931471805599453,5.760477818332746,5.760477818332746,0,Low-Engagement / Lapsed Spenders,-0.5788,-1.222
17459,43,2,657.3,328.65,3.784189633918261,1.0986122886681096,6.489660754473831,5.798031485559308,0,Low-Engagement / Lapsed Spenders,-0.2526,-0.16
17460,94,6,622.4300000000001,103.74,4.553876891600541,1.9459101490553132,6.435236489370733,4.651481088851342,0,Low-Engagement / Lapsed Spenders,0.1943,0.6322
17461,23,3,735.82,245.27,3.1780538303479458,1.3862943611198906,6.602343628980947,5.506428495028285,1,High-Value Active Customers,0.2927,-0.3932
17462,60,2,675.69,337.84,4.110873864173311,1.0986122886681096,6.517213265531828,5.82552801956335,0,Low-Engagement / Lapsed Spenders,-0.3643,0.0571
17463,16,5,1875.86,375.17,2.833213344056216,1.791759469228055,7.537355446697666,5.930041168870556,1,High-Value Active Customers,1.2347,-0.1161
17464,158,1,289.96000000000004,289.96,5.0689042022202315,0.6931471805599453,5.673185800678734,5.673185800678733,0,Low-Engagement / Lapsed Spenders,-1.4974,0.202
17466,10,2,763.28,381.64,2.3978952727983707,1.0986122886681096,6.638934214171274,5.947094599372042,1,High-Value Active Customers,0.3478,-0.9845
17468,10,2,137.0,68.5,2.3978952727983707,1.0986122886681096,4.927253685157205,4.241326752570746,0,Low-Engagement / Lapsed Spenders,-0.4639,-1.6079
17469,16,5,1870.97,374.19,2.833213344056216,1.791759469228055,7.5347466312681,5.927432564324861,1,High-Value Active Customers,1.2334,-0.1171
17470,45,5,1125.07,225.01,3.828641396489095,1.791759469228055,7.02648897373005,5.420579246080992,1,High-Value Active Customers,0.6122,0.3288
17472,191,3,697.54,232.51,5.2574953720277815,1.3862943611198906,6.548992442626483,5.453224902744384,0,Low-Engagement / Lapsed Spenders,-0.5269,0.9056
17475,79,1,194.37,194.37,4.382026634673881,0.6931471805599453,5.274895196603544,5.274895196603544,0,Low-Engagement / Lapsed Spenders,-1.4238,-0.3785
17480,78,1,511.82,511.82,4.3694478524670215,0.6931471805599453,6.239924906405982,6.239924906405982,0,Low-Engagement / Lapsed Spenders,-0.9615,-0.035
17481,4,4,1255.59,313.9,1.6094379124341003,1.6094379124341003,7.136156981955326,5.752255128106979,1,High-Value Active Customers,1.3469,-1.1078
17483,65,3,414.04,138.01,4.189654742026425,1.3862943611198906,6.028374901128079,4.934545872989001,0,Low-Engagement / Lapsed Spenders,-0.3659,0.0391
17486,261,1,396.87,396.87,5.568344503761097,0.6931471805599453,5.986125318762377,5.986125318762377,0,Low-Engagement / Lapsed Spenders,-1.5398,0.6326
17489,59,2,376.64,188.32,4.0943445622221,1.0986122886681096,5.933941360864316,5.243438705038047,0,Low-Engagement / Lapsed Spenders,-0.6346,-0.1658
17490,1,7,2092.32,298.9,0.6931471805599453,2.0794415416798357,7.646506601347098,5.703449085754963,1,High-Value Active Customers,2.3642,-1.323
17491,1,10,3558.87,355.89,0.6931471805599453,2.3978952727983707,8.177479306325386,5.877427611050617,1,High-Value Active Customers,2.9041,-1.0078
17492,248,1,374.57,374.57,5.517452896464707,0.6931471805599453,5.92844487193968,5.92844487193968,0,Low-Engagement / Lapsed Spenders,-1.5477,0.5793
17495,8,2,497.56,248.78,2.1972245773362196,1.0986122886681096,6.211723943242329,5.520580530434939,0,Low-Engagement / Lapsed Spenders,0.2218,-1.2673
17496,359,1,271.05,271.05,5.886104031450156,0.6931471805599453,5.605985872931934,5.605985872931934,0,Low-Engagement / Lapsed Spenders,-1.8414,0.6955
17498,76,1,272.22,272.22,4.343805421853684,0.6931471805599453,5.610277331459341,5.610277331459341,0,Low-Engagement / Lapsed Spenders,-1.2502,-0.2806
17499,290,1,622.88,622.88,5.673323267171493,0.6931471805599453,6.435958042183625,6.435958042183625,0,Low-Engagement / Lapsed Spenders,-1.3666,0.8629
17500,17,3,1138.0,379.33,2.8903717578961645,1.3862943611198906,7.037905963447182,5.941039296913667,1,High-Value Active Customers,0.6091,-0.4169
17501,221,2,288.6,144.3,5.402677381872279,1.0986122886681096,5.668500660511562,4.9788005705762375,0,Low-Engagement / Lapsed Spenders,-1.2602,0.567
17502,9,4,689.1,172.28,2.302585092994046,1.6094379124341003,6.536836514626557,5.15490878325268,1,High-Value Active Customers,0.798,-0.8867
17503,3,2,558.96,279.48,1.3862943611198906,1.0986122886681096,6.327865352606625,5.636502421172924,1,High-Value Active Customers,0.5867,-1.739
17504,206,9,2997.0299999999997,333.0,5.332718793265369,2.302585092994046,8.00571068528359,5.8111409929767,1,High-Value Active Customers,0.9641,1.8344
17505,162,2,1145.84,572.92,5.093750200806762,1.0986122886681096,7.0447656130660885,6.352490013783973,0,Low-Engagement / Lapsed Spenders,-0.4896,0.8724
17506,76,1,302.2,302.2,4.343805421853684,0.6931471805599453,5.714392653768217,5.714392653768217,0,Low-Engagement / Lapsed Spenders,-1.2008,-0.2427
17507,262,2,605.58,302.79,5.572154032177765,1.0986122886681096,6.407836624054821,5.716336673227553,0,Low-Engagement / Lapsed Spenders,-0.9744,0.9437
17508,281,1,387.31,387.31,5.641907070938114,0.6931471805599453,5.961803989689555,5.961803989689555,0,Low-Engagement / Lapsed Spenders,-1.5794,0.6703
17509,58,8,6083.64,760.46,4.07753744390572,2.1972245773362196,8.713522841798035,6.635237643050128,1,High-Value Active Customers,1.6839,1.2561
17510,25,1,308.48,308.48,3.258096538021482,0.6931471805599453,5.7348934696812535,5.7348934696812535,0,Low-Engagement / Lapsed Spenders,-0.7764,-0.9235
17511,3,31,91062.38,2937.5,1.3862943611198906,3.4657359027997265,11.419311026583387,7.985654526052705,1,High-Value Active Customers,5.1427,1.0208
17512,29,10,2924.9900000000002,292.5,3.4011973816621555,2.3978952727983707,7.981388163939233,5.681877639268151,1,High-Value Active Customers,1.7767,0.6375
17513,72,1,513.2,513.2,4.290459441148391,0.6931471805599453,6.2426122948317895,6.2426122948317895,0,Low-Engagement / Lapsed Spenders,-0.93,-0.0841
17514,128,1,208.65,208.65,4.859812404361672,0.6931471805599453,5.345439473616771,5.345439473616771,0,Low-Engagement / Lapsed Spenders,-1.5729,-0.05
17515,31,4,639.02,159.76,3.4657359027997265,1.6094379124341003,6.461499425865447,5.079912569581,1,High-Value Active Customers,0.3179,-0.1767
17516,15,5,764.88,152.98,2.772588722239781,1.791759469228055,6.641025499505004,5.0368227238499035,1,High-Value Active Customers,0.8328,-0.481
17517,309,1,153.94,153.94,5.736572297479192,0.6931471805599453,5.043037945203756,5.043037945203756,0,Low-Engagement / Lapsed Spenders,-2.0512,0.3957
17519,17,6,1844.02,307.34,2.8903717578961645,1.9459101490553132,7.520245396524275,5.731203070232193,1,High-Value Active Customers,1.3442,-0.0272
17520,54,1,546.81,546.81,4.007333185232471,0.6931471805599453,6.305928511499892,6.305928511499892,0,Low-Engagement / Lapsed Spenders,-0.7918,-0.2406
17521,30,3,723.2099999999999,241.07,3.4339872044851463,1.3862943611198906,6.585081405576444,5.489226940528525,0,Low-Engagement / Lapsed Spenders,0.1867,-0.2372
17522,2,5,1070.71,214.14,1.0986122886681096,1.791759469228055,6.977010782644906,5.371288979003859,1,High-Value Active Customers,1.6316,-1.4198
17523,11,4,652.74,163.18,2.4849066497880004,1.6094379124341003,6.48270971889503,5.10096338692012,1,High-Value Active Customers,0.7027,-0.7908
17524,361,1,145.0,145.0,5.891644211825771,0.6931471805599453,4.983606621708336,4.983606621708336,0,Low-Engagement / Lapsed Spenders,-2.1386,0.4724
17525,360,1,422.70000000000005,422.7,5.8888779583328805,0.6931471805599453,6.049025657632514,6.049025657632513,0,Low-Engagement / Lapsed Spenders,-1.6324,0.8587
17526,5,4,1195.8999999999999,298.97,1.791759469228055,1.6094379124341003,7.087490159879325,5.703682469655868,1,High-Value Active Customers,1.2542,-1.0099
17527,54,4,939.37,234.84,4.007333185232471,1.6094379124341003,6.8462734148384685,5.463153609000972,0,Low-Engagement / Lapsed Spenders,0.2935,0.3067
17528,1,8,3628.5,453.56,0.6931471805599453,2.1972245773362196,8.196850176724896,6.119329918105878,1,High-Value Active Customers,2.7317,-1.0775
17530,1,10,2367.12,236.71,0.6931471805599453,2.3978952727983707,7.769851670395603,5.471051443317165,1,High-Value Active Customers,2.7109,-1.1563
17531,190,1,296.7,296.7,5.25227342804663,0.6931471805599453,5.69608626802173,5.69608626802173,0,Low-Engagement / Lapsed Spenders,-1.5566,0.3266
17534,54,1,223.36,223.36,4.007333185232471,0.6931471805599453,5.413251904640136,5.413251904640136,0,Low-Engagement / Lapsed Spenders,-1.2151,-0.5657
17535,280,1,164.4,164.4,5.638354669333745,0.6931471805599453,5.108366782589591,5.108366782589591,0,Low-Engagement / Lapsed Spenders,-1.9827,0.3573
17536,177,1,76.5,76.5,5.181783550292085,0.6931471805599453,4.350277936359301,4.350277936359301,0,Low-Engagement / Lapsed Spenders,-2.1678,-0.2083
17537,30,2,887.67,443.84,3.4339872044851463,1.0986122886681096,6.789725963001244,6.097714666950641,0,Low-Engagement / Lapsed Spenders,0.0235,-0.2727
17538,26,1,98.42,98.42,3.295836866004329,0.6931471805599453,4.599353300666527,4.599353300666527,0,Low-Engagement / Lapsed Spenders,-1.3292,-1.3131
17540,25,2,578.9,289.45,3.258096538021482,1.0986122886681096,6.362855674882395,5.671431444438541,0,Low-Engagement / Lapsed Spenders,-0.1117,-0.5397
17542,270,1,170.75,170.75,5.602118820879701,0.6931471805599453,5.146039931102459,5.146039931102459,0,Low-Engagement / Lapsed Spenders,-1.951,0.348
17545,43,3,642.32,214.11,3.784189633918261,1.3862943611198906,6.466642267627447,5.371149525197707,0,Low-Engagement / Lapsed Spenders,-0.0032,-0.0583
17548,234,1,103.3,103.3,5.459585514144159,0.6931471805599453,4.647271362006727,4.647271362006727,0,Low-Engagement / Lapsed Spenders,-2.1331,0.076
17549,24,2,148.86,74.43,3.2188758248682006,1.0986122886681096,5.0097015249361645,4.323205073865539,0,Low-Engagement / Lapsed Spenders,-0.7384,-1.0574
17550,197,3,267.16,89.05,5.288267030694535,1.3862943611198906,5.591583817293718,4.500365071621965,0,Low-Engagement / Lapsed Spenders,-0.9927,0.5765
17551,359,1,290.34,290.34,5.886104031450156,0.6931471805599453,5.674490970020802,5.674490970020802,0,Low-Engagement / Lapsed Spenders,-1.8089,0.7205
17552,60,4,930.41,232.6,4.110873864173311,1.6094379124341003,6.836699567016301,5.453610250954072,0,Low-Engagement / Lapsed Spenders,0.2494,0.3689
17553,130,1,1487.6,1487.6,4.875197323201151,0.6931471805599453,7.305591359925811,7.305591359925811,0,Low-Engagement / Lapsed Spenders,-0.6494,0.6737
17554,1,5,1952.45,390.49,0.6931471805599453,1.791759469228055,7.577352319081822,5.9699599723204715,1,High-Value Active Customers,2.0711,-1.4582
17555,20,2,480.31,240.16,3.044522437723423,1.0986122886681096,6.176511553155347,5.485460613621205,0,Low-Engagement / Lapsed Spenders,-0.1185,-0.7429
17556,206,1,157.9,157.9,5.332718793265369,0.6931471805599453,5.0682750735426705,5.0682750735426705,0,Low-Engagement / Lapsed Spenders,-1.885,0.1489
17557,14,3,541.46,180.49,2.70805020110221,1.3862943611198906,6.29611434997733,5.20120055576831,1,High-Value Active Customers,0.327,-0.8026
17560,95,4,854.95,213.74,4.564348191467836,1.6094379124341003,6.7522119632207875,5.3694279940059895,0,Low-Engagement / Lapsed Spenders,0.0361,0.6256
17561,19,1,165.12,165.12,2.995732273553991,0.6931471805599453,5.1127104187625525,5.1127104187625525,0,Low-Engagement / Lapsed Spenders,-0.9712,-1.3164
17562,14,7,1122.38,160.34,2.70805020110221,2.0794415416798357,7.024097276842117,5.083513939508828,1,High-Value Active Customers,1.2994,-0.2724
17564,24,3,454.01,151.34,3.2188758248682006,1.3862943611198906,6.120319396731415,5.026114864944642,0,Low-Engagement / Lapsed Spenders,0.0485,-0.5428
17566,8,2,869.77,434.88,2.1972245773362196,1.0986122886681096,6.769377877687473,6.077366976108685,1,High-Value Active Customers,0.4863,-1.0642
17567,7,8,4331.48,541.43,2.0794415416798357,2.1972245773362196,8.373895405306746,6.296059044831172,1,High-Value Active Customers,2.2861,-0.1342
17569,332,1,344.14,344.14,5.808142489980444,0.6931471805599453,5.843950131819433,5.843950131819433,0,Low-Engagement / Lapsed Spenders,-1.6988,0.7328
17571,50,4,1425.67,356.42,3.9318256327243257,1.6094379124341003,7.263098336353601,5.8789115608686515,1,High-Value Active Customers,0.52,0.4107
17572,71,4,226.75000000000003,56.69,4.276666119016055,1.6094379124341003,5.428248536140067,4.055083848268798,0,Low-Engagement / Lapsed Spenders,-0.4818,-0.039
17573,29,3,380.6,126.87,3.4011973816621555,1.3862943611198906,5.944372939574132,4.851014122823077,0,Low-Engagement / Lapsed Spenders,-0.1045,-0.4913
17574,243,1,185.65,185.65,5.497168225293202,0.6931471805599453,5.229235205360593,5.229235205360593,0,Low-Engagement / Lapsed Spenders,-1.8715,0.3118
17576,8,19,3564.83,187.62,2.1972245773362196,2.995732273553991,8.179152124824576,5.239734409115739,1,High-Value Active Customers,2.8713,0.175
17578,218,1,143.45999999999998,143.46,5.389071729816501,0.6931471805599453,4.973002652622701,4.973002652622701,0,Low-Engagement / Lapsed Spenders,-1.9517,0.1499
17579,5,3,448.90000000000003,149.63,1.791759469228055,1.3862943611198906,6.109025335847127,5.014826498714724,1,High-Value Active Customers,0.5883,-1.4517
17580,253,3,215.72,71.91,5.537334267018537,1.3862943611198906,5.37860619777684,4.289225803818339,0,Low-Engagement / Lapsed Spenders,-1.1888,0.6568
17581,1,25,11025.24,441.01,0.6931471805599453,3.258096538021482,9.308033165645913,6.091332506256158,1,High-Value Active Customers,4.2186,-0.267
17582,236,1,175.27,175.27,5.4680601411351315,0.6931471805599453,5.1720169104318625,5.1720169104318625,0,Low-Engagement / Lapsed Spenders,-1.8875,0.2725
17584,7,2,1242.3,621.15,2.0794415416798357,1.0986122886681096,7.125524413958892,6.43318122122164,1,High-Value Active Customers,0.7001,-1.0091
17585,109,4,1116.68,279.17,4.700480365792417,1.6094379124341003,7.019010387342232,5.635396561789737,0,Low-Engagement / Lapsed Spenders,0.1106,0.8091
17588,100,3,1240.2,413.4,4.61512051684126,1.3862943611198906,7.123833932574225,6.026831690945273,0,Low-Engagement / Lapsed Spenders,-0.009,0.7078
17589,60,4,2404.17,601.04,4.110873864173311,1.6094379124341003,7.785375866112405,6.400323888284162,1,High-Value Active Customers,0.6992,0.7144
17590,2,3,1468.02,489.34,1.0986122886681096,1.3862943611198906,7.292350790785078,6.195099028033966,1,High-Value Active Customers,1.4142,-1.4601
17591,73,7,2203.67,314.81,4.304065093204169,2.0794415416798357,7.698333116816846,5.755140766931343,1,High-Value Active Customers,1.0094,0.985
17593,4,5,3923.86,784.77,1.6094379124341003,1.791759469228055,8.275085960790554,6.6666641287422275,1,High-Value Active Customers,2.0519,-0.6232
17594,85,2,993.18,496.59,4.454347296253507,1.0986122886681096,6.901918276781504,6.209776444760011,0,Low-Engagement / Lapsed Spenders,-0.3131,0.415
17595,12,2,386.69,193.34,2.5649493574615367,1.0986122886681096,5.960206051205209,5.269609202411293,0,Low-Engagement / Lapsed Spenders,-0.0379,-1.1257
17596,23,7,2806.69,400.96,3.1780538303479458,2.0794415416798357,7.9401173601909,5.996352581180758,1,High-Value Active Customers,1.5542,0.3592
17597,214,1,2044.3700000000001,2044.37,5.3706380281276624,0.6931471805599453,7.623333981206562,7.623333981206562,0,Low-Engagement / Lapsed Spenders,-0.688,1.1035
17600,18,1,161.67000000000002,161.67,2.9444389791664403,0.6931471805599453,5.091723608778362,5.091723608778362,0,Low-Engagement / Lapsed Spenders,-0.9615,-1.3566
17601,239,1,116.00999999999999,116.01,5.480638923341991,0.6931471805599453,4.7622594012308666,4.7622594012308666,0,Low-Engagement / Lapsed Spenders,-2.0866,0.1312
17602,2,6,5054.42,842.4,1.0986122886681096,1.9459101490553132,8.52821621405653,6.73744134131246,1,High-Value Active Customers,2.5066,-0.7959
17603,78,1,394.72,394.72,4.3694478524670215,0.6931471805599453,5.980706890455022,5.980706890455022,0,Low-Engagement / Lapsed Spenders,-1.0844,-0.1294
17604,217,2,309.36,154.68,5.384495062789089,1.0986122886681096,5.737732914025749,5.047802618437695,0,Low-Engagement / Lapsed Spenders,-1.2204,0.5806
17608,33,2,191.99,96.0,3.5263605246161616,1.0986122886681096,5.2626383740910185,4.574710978503383,0,Low-Engagement / Lapsed Spenders,-0.7359,-0.7703
17609,41,5,1105.78,221.16,3.7376696182833684,1.791759469228055,7.00921017763747,5.403397842998544,1,High-Value Active Customers,0.6387,0.2649
17611,7,15,3961.12,264.07,2.0794415416798357,2.772588722239781,8.2845345145333,5.5799939420479,1,High-Value Active Customers,2.7644,0.0533
17612,53,6,2048.45,341.41,3.9889840465642745,1.9459101490553132,7.625326743452606,5.836008849448588,1,High-Value Active Customers,0.9743,0.7076
17613,23,14,4544.55,324.61,3.1780538303479458,2.70805020110221,8.421904011391415,5.785700346187478,1,High-Value Active Customers,2.3515,0.7751
17614,57,1,386.32,386.32,4.060443010546419,0.6931471805599453,5.959251224743331,5.959251224743331,0,Low-Engagement / Lapsed Spenders,-0.9765,-0.3331
17615,130,3,329.6,109.87,4.875197323201151,1.3862943611198906,5.8009091853869235,4.70835834378426,0,Low-Engagement / Lapsed Spenders,-0.7356,0.3908
17616,174,3,571.1999999999999,190.4,5.1647859739235145,1.3862943611198906,6.3494885806160095,5.254365479018854,0,Low-Engagement / Lapsed Spenders,-0.5861,0.7742
17618,6,3,930.28,310.09,1.9459101490553132,1.3862943611198906,6.836559983939986,5.740082259381818,1,High-Value Active Customers,0.8744,-1.089
17619,312,1,214.37,214.37,5.746203190540153,0.6931471805599453,5.372357479256501,5.372357479256501,0,Low-Engagement / Lapsed Spenders,-1.8987,0.5218
17620,60,1,81.44,81.44,4.110873864173311,0.6931471805599453,4.412070756022258,4.412070756022258,0,Low-Engagement / Lapsed Spenders,-1.7294,-0.8647
17621,21,3,1379.9,459.97,3.091042453358316,1.3862943611198906,7.230490739491305,6.13333296495721,1,High-Value Active Customers,0.6238,-0.2196
17623,33,1,527.0500000000001,527.05,3.5263605246161616,0.6931471805599453,6.269190976192483,6.269190976192483,0,Low-Engagement / Lapsed Spenders,-0.6255,-0.5588
17624,15,2,843.48,421.74,2.772588722239781,1.0986122886681096,6.7387210533149595,6.046757332856691,0,Low-Engagement / Lapsed Spenders,0.2519,-0.7106
17625,18,4,2020.4,505.1,2.9444389791664403,1.6094379124341003,7.611545619640562,6.226734278220032,1,High-Value Active Customers,1.0624,-0.0883
17628,81,1,75.75,75.75,4.406719247264253,0.6931471805599453,4.340553386467307,4.340553386467307,0,Low-Engagement / Lapsed Spenders,-1.8763,-0.7032
17629,6,8,1814.12,226.76,1.9459101490553132,2.1972245773362196,7.503906860215884,5.4282924429697825,1,High-Value Active Customers,1.9246,-0.5357
17630,170,2,503.59999999999997,251.8,5.14166355650266,1.0986122886681096,6.223766036206957,5.532598662272703,0,Low-Engagement / Lapsed Spenders,-0.8972,0.6037
17631,2,3,528.33,176.11,1.0986122886681096,1.3862943611198906,6.271612055889925,5.176771008468541,1,High-Value Active Customers,0.9302,-1.8319
17633,31,4,1324.84,331.21,3.4657359027997265,1.6094379124341003,7.189801499815289,5.805767299074111,1,High-Value Active Customers,0.6633,0.0885
17634,36,9,2358.59,262.07,3.6109179126442243,2.302585092994046,7.766243154113498,5.572420156459374,1,High-Value Active Customers,1.5083,0.6556
17636,19,1,285.56,285.56,2.995732273553991,0.6931471805599453,5.657947938312402,5.657947938312402,0,Low-Engagement / Lapsed Spenders,-0.7127,-1.1178
17637,31,2,547.0600000000001,273.53,3.4657359027997265,1.0986122886681096,6.3063847700056215,5.615060544595396,0,Low-Engagement / Lapsed Spenders,-0.2178,-0.4286
17639,276,1,108.5,108.5,5.6240175061873385,0.6931471805599453,4.695924549256556,4.695924549256556,0,Low-Engagement / Lapsed Spenders,-2.1728,0.198
17640,87,1,621.66,621.66,4.477336814478207,0.6931471805599453,6.434000623425246,6.434000623425246,0,Low-Engagement / Lapsed Spenders,-0.9107,0.104
17642,120,2,712.29,356.14,4.795790545596741,1.0986122886681096,6.569888069839022,5.878127861768979,0,Low-Engagement / Lapsed Spenders,-0.601,0.5105
17643,373,1,101.55,101.55,5.924255797414532,0.6931471805599453,4.63035048451839,4.63035048451839,0,Low-Engagement / Lapsed Spenders,-2.3186,0.3644
17644,1,11,2895.64,263.24,0.6931471805599453,2.4849066497880004,7.971306723565063,5.576857781082534,1,High-Value Active Customers,2.8851,-1.0496
17646,219,3,1008.39,336.13,5.393627546352361,1.3862943611198906,6.917101466981717,5.820468612643942,0,Low-Engagement / Lapsed Spenders,-0.4044,1.126
17647,65,1,133.06,133.06,4.189654742026425,0.6931471805599453,4.8982874609298115,4.8982874609298115,0,Low-Engagement / Lapsed Spenders,-1.5289,-0.6376
17648,61,4,1797.5,449.38,4.127134385045092,1.6094379124341003,7.494708263135679,6.110091670866193,1,High-Value Active Customers,0.5552,0.6189
17649,138,1,868.49,868.49,4.9344739331306915,0.6931471805599453,6.767906832865638,6.767906832865638,0,Low-Engagement / Lapsed Spenders,-0.927,0.5154
17650,21,1,166.08,166.08,3.091042453358316,0.6931471805599453,5.118472739628975,5.118472739628975,0,Low-Engagement / Lapsed Spenders,-1.0049,-1.2539
17651,12,10,3945.0,394.5,2.5649493574615367,2.3978952727983707,8.28045768658256,5.980150787207709,1,High-Value Active Customers,2.2379,0.2163
17652,25,12,4867.72,405.64,3.258096538021482,2.5649493574615367,8.490586347854247,6.007928273138647,1,High-Value Active Customers,2.224,0.7961
17653,37,4,1207.56,301.89,3.6375861597263857,1.6094379124341003,7.09718484723547,5.7133697032921065,1,High-Value Active Customers,0.5537,0.1637
17654,277,1,117.55,117.55,5.627621113690637,0.6931471805599453,4.775334812511415,4.775334812511415,0,Low-Engagement / Lapsed Spenders,-2.1365,0.2292
17655,11,7,2638.94,376.99,2.4849066497880004,2.0794415416798357,7.878511468609366,5.934867740243193,1,High-Value Active Customers,1.7898,-0.1026
17656,73,5,1674.69,334.94,4.304065093204169,1.791759469228055,7.4239802997335635,5.816932572588857,1,High-Value Active Customers,0.619,0.775
17658,26,2,595.42,297.71,3.295836866004329,1.0986122886681096,6.39094511686889,5.699473203068102,0,Low-Engagement / Lapsed Spenders,-0.1128,-0.5055
17659,17,12,2999.46,249.96,2.8903717578961645,2.5649493574615367,8.006520889229225,5.525293563882423,1,High-Value Active Customers,2.1349,0.3867
17660,141,1,178.75,178.75,4.955827057601261,0.6931471805599453,5.191566996601156,5.191566996601156,0,Low-Engagement / Lapsed Spenders,-1.6825,-0.0451
17663,26,7,1802.91,257.56,3.295836866004329,2.0794415416798357,7.4977118102428095,5.55512777533273,1,High-Value Active Customers,1.2994,0.2727
17664,19,2,604.64,302.32,2.995732273553991,1.0986122886681096,6.406285750140171,5.714788353832735,0,Low-Engagement / Lapsed Spenders,0.0091,-0.6902
17666,4,2,728.16,364.08,1.6094379124341003,1.0986122886681096,6.591893186664721,5.900116507648677,1,High-Value Active Customers,0.6266,-1.5014
17667,66,5,2055.51,411.1,4.204692619390966,1.791759469228055,7.628765650289339,6.021266038344772,1,High-Value Active Customers,0.7541,0.7866
17668,1,2,347.75,173.88,0.6931471805599453,1.0986122886681096,5.854355333135575,5.164100024428229,1,High-Value Active Customers,0.6269,-2.3509
17669,43,7,3406.7200000000003,486.67,3.784189633918261,2.0794415416798357,8.133798724949507,6.189638947598647,1,High-Value Active Customers,1.4145,0.814
17670,228,1,205.7,205.7,5.43372200355424,0.6931471805599453,5.331268466687723,5.331268466687723,0,Low-Engagement / Lapsed Spenders,-1.7989,0.3087
17671,16,4,1572.71,393.18,2.833213344056216,1.6094379124341003,7.361191168037922,5.976807657764349,1,High-Value Active Customers,0.9861,-0.25
17672,50,2,3178.17,1589.08,3.9318256327243257,1.0986122886681096,8.064375435416844,7.371539608413956,1,High-Value Active Customers,0.4377,0.5071
17673,2,6,1594.97,265.83,1.0986122886681096,1.9459101490553132,7.375236980840607,5.586611751498252,1,High-Value Active Customers,1.9599,-1.2158
17674,74,2,551.04,275.52,4.31748811353631,1.0986122886681096,6.313620507419839,5.622283151077064,0,Low-Engagement / Lapsed Spenders,-0.5398,0.114
17675,1,31,20374.28,657.23,0.6931471805599453,3.4657359027997265,9.922077680345927,6.489554414321968,1,High-Value Active Customers,4.6976,0.0361
17676,4,6,1371.18,228.53,1.6094379124341003,1.9459101490553132,7.224155995015752,5.4360337399118706,1,High-Value Active Customers,1.6931,-0.947
17677,2,30,16345.38,544.85,1.0986122886681096,3.4339872044851463,9.701761745083482,6.302344212726279,1,High-Value Active Customers,4.4095,0.2007
17678,264,1,298.11,298.11,5.579729825986222,0.6931471805599453,5.700811398711247,5.700811398711247,0,Low-Engagement / Lapsed Spenders,-1.6794,0.5359
17679,53,2,1992.1100000000001,996.06,3.9889840465642745,1.0986122886681096,7.597451511865824,6.904810948692687,0,Low-Engagement / Lapsed Spenders,0.1944,0.3733
17680,24,1,184.4,184.4,3.2188758248682006,0.6931471805599453,5.2225156531317545,5.2225156531317545,0,Low-Engagement / Lapsed Spenders,-1.0044,-1.135
17682,10,6,2474.33,412.39,2.3978952727983707,1.9459101490553132,7.814128999448025,6.024391457308263,1,High-Value Active Customers,1.6717,-0.2323
17684,44,1,239.41,239.41,3.8066624897703196,0.6931471805599453,5.482345799133678,5.482345799133678,0,Low-Engagement / Lapsed Spenders,-1.1057,-0.6677
17685,17,7,3155.83,450.83,2.8903717578961645,2.0794415416798357,8.057323638517671,6.113306002891867,1,High-Value Active Customers,1.7197,0.2195
17686,7,7,5739.46,819.92,2.0794415416798357,2.0794415416798357,8.655294625475447,6.7104256625609064,1,High-Value Active Customers,2.313,-0.0768
17690,30,15,4726.8,315.12,3.4339872044851463,2.772588722239781,8.461215257006781,5.756121888336774,1,High-Value Active Customers,2.3307,0.9764
17691,358,2,290.40000000000003,145.2,5.883322388488279,1.0986122886681096,5.674696893761104,4.984975547315678,0,Low-Engagement / Lapsed Spenders,-1.4409,0.8739
17692,127,4,740.9399999999999,185.24,4.852030263919617,1.6094379124341003,6.6092683773641365,5.227036164543073,0,Low-Engagement / Lapsed Spenders,-0.1416,0.7559
17693,137,1,200.47,200.47,4.927253685157205,0.6931471805599453,5.305640486927818,5.305640486927818,0,Low-Engagement / Lapsed Spenders,-1.6175,-0.0217
17694,142,1,283.12,283.12,4.962844630259907,0.6931471805599453,5.649396684129609,5.649396684129609,0,Low-Engagement / Lapsed Spenders,-1.4681,0.1261
17695,132,2,765.34,382.67,4.890349128221754,1.0986122886681096,6.641625935491769,5.949782808113339,0,Low-Engagement / Lapsed Spenders,-0.6031,0.5966
17696,38,8,2285.71,285.71,3.6635616461296463,2.1972245773362196,7.734869382309582,5.658471251946198,1,High-Value Active Customers,1.378,0.6373
17697,236,1,338.95,338.95,5.4680601411351315,0.6931471805599453,5.828798547972468,5.828798547972468,0,Low-Engagement / Lapsed Spenders,-1.5761,0.5117
17698,261,1,154.95,154.95,5.568344503761097,0.6931471805599453,5.049535443053812,5.049535443053812,0,Low-Engagement / Lapsed Spenders,-1.9839,0.2914
17700,17,4,2534.64,633.66,2.8903717578961645,1.6094379124341003,7.838201349644471,6.453089422426351,1,High-Value Active Customers,1.1905,-0.0401
17701,253,1,417.95,417.95,5.537334267018537,0.6931471805599453,6.037751581059295,6.037751581059295,0,Low-Engagement / Lapsed Spenders,-1.5035,0.6317
17702,30,4,1824.37,456.09,3.4339872044851463,1.6094379124341003,7.509537985193698,6.124880308047419,1,High-Value Active Customers,0.827,0.1848
17703,35,3,798.74,266.25,3.58351893845611,1.3862943611198906,6.684286674843982,5.588184549905154,0,Low-Engagement / Lapsed Spenders,0.1767,-0.1063
17704,169,2,885.19,442.6,5.135798437050262,1.0986122886681096,6.7869313745672155,6.094923255476212,0,Low-Engagement / Lapsed Spenders,-0.6279,0.8051
17705,3,9,1823.52,202.61,1.3862943611198906,2.302585092994046,7.5090722177237925,5.316206399383777,1,High-Value Active Customers,2.2362,-0.8483
17706,4,17,10504.49,617.91,1.6094379124341003,2.8903717578961645,9.259653256646303,6.427959866313925,1,High-Value Active Customers,3.5129,0.1556
17707,185,2,152.4,76.2,5.225746673713202,1.0986122886681096,5.0330488889331555,4.3463994570307305,0,Low-Engagement / Lapsed Spenders,-1.4939,0.2234
17708,188,2,263.33,131.66,5.241747015059643,1.0986122886681096,5.577198322546748,4.88778946409741,0,Low-Engagement / Lapsed Spenders,-1.242,0.4317
17709,170,1,137.45,137.45,5.14166355650266,0.6931471805599453,4.9305092496169705,4.9305092496169705,0,Low-Engagement / Lapsed Spenders,-1.8773,-0.0224
17711,11,2,385.1,192.55,2.4849066497880004,1.0986122886681096,5.956096403270191,5.265535877023657,0,Low-Engagement / Lapsed Spenders,-0.0093,-1.178
17712,45,1,522.91,522.91,3.828641396489095,0.6931471805599453,6.261319913844147,6.261319913844147,0,Low-Engagement / Lapsed Spenders,-0.7447,-0.3701
17714,321,1,153.0,153.0,5.7745515455444085,0.6931471805599453,5.0369526024136295,5.0369526024136295,0,Low-Engagement / Lapsed Spenders,-2.0686,0.4176
17715,201,1,326.4,326.4,5.308267697401205,0.6931471805599453,5.791182664937034,5.791182664937034,0,Low-Engagement / Lapsed Spenders,-1.5329,0.3967
17716,23,11,5655.99,514.18,3.1780538303479458,2.4849066497880004,8.640647227620185,6.244516354160856,1,High-Value Active Customers,2.2533,0.7694
17718,232,1,139.35,139.35,5.4510384535657,0.6931471805599453,4.9441393028078915,4.9441393028078915,0,Low-Engagement / Lapsed Spenders,-1.989,0.1787
17719,38,15,5396.04,359.74,3.6635616461296463,2.772588722239781,8.593605934116098,5.8881574772420535,1,High-Value Active Customers,2.3058,1.1701
17720,26,4,1195.94,298.98,3.295836866004329,1.6094379124341003,7.087523578988375,5.703715805767214,1,High-Value Active Customers,0.6797,-0.0564
17722,96,4,2424.04,606.01,4.574710978503383,1.6094379124341003,7.793603298080906,6.408545265388375,1,High-Value Active Customers,0.5259,1.0114
17723,127,6,3276.4000000000005,546.07,4.852030263919617,1.9459101490553132,8.094805704112124,6.304576764983967,1,High-Value Active Customers,0.8673,1.4257
17724,71,3,1033.0,344.33,4.276666119016055,1.3862943611198906,6.9411900550683745,5.84450048159508,0,Low-Engagement / Lapsed Spenders,0.0337,0.4267
17725,16,11,3439.08,312.64,2.833213344056216,2.4849066497880004,8.143250005910986,5.748245831362722,1,High-Value Active Customers,2.1491,0.3697
17727,15,1,1060.25,1060.25,2.772588722239781,0.6931471805599453,6.967202737625557,6.967202737625557,0,Low-Engagement / Lapsed Spenders,-0.0066,-0.7825
17728,4,3,2876.01,958.67,1.6094379124341003,1.3862943611198906,7.964506839388399,6.8665894753663075,1,High-Value Active Customers,1.5378,-0.8915
17730,3,13,5298.4800000000005,407.58,1.3862943611198906,2.639057329615259,8.575363981519251,6.012687733559507,1,High-Value Active Customers,3.0462,-0.3312
17731,79,4,1240.11,310.03,4.382026634673881,1.6094379124341003,7.123761419471479,5.739889370549484,0,Low-Engagement / Lapsed Spenders,0.2819,0.6453
17732,373,1,303.97,303.97,5.924255797414532,0.6931471805599453,5.7202134111139475,5.7202134111139475,0,Low-Engagement / Lapsed Spenders,-1.8018,0.7613
17733,39,2,692.19,346.1,3.6888794541139363,1.0986122886681096,6.541304131886272,5.849612922867741,0,Low-Engagement / Lapsed Spenders,-0.1917,-0.2016
17734,54,3,700.63,233.54,4.007333185232471,1.3862943611198906,6.553406199550885,5.457626149032919,0,Low-Engagement / Lapsed Spenders,-0.0473,0.1147
17735,2,19,13110.02,690.0,1.0986122886681096,2.995732273553991,9.481208376934894,6.53813982376767,1,High-Value Active Customers,3.9084,-0.0473
17736,9,3,377.44,125.81,2.302585092994046,1.3862943611198906,5.936057539836243,4.842689903246808,1,High-Value Active Customers,0.3112,-1.1908
17737,9,2,168.24,84.12,2.302585092994046,1.0986122886681096,5.131317825851867,4.444062025593334,0,Low-Engagement / Lapsed Spenders,-0.3307,-1.594
17738,19,4,1879.05,469.76,2.995732273553991,1.6094379124341003,7.539053651215015,6.154348410009462,1,High-Value Active Customers,1.0084,-0.0822
17739,12,7,2791.35,398.76,2.5649493574615367,2.0794415416798357,7.934638814191774,5.990864367035949,1,High-Value Active Customers,1.7858,-0.0315
17742,113,2,355.11,177.56,4.736198448394496,1.0986122886681096,5.875239671888878,5.184924679192946,0,Low-Engagement / Lapsed Spenders,-0.9076,0.2197
17744,4,6,2322.4,387.07,1.6094379124341003,1.9459101490553132,7.750786909079374,5.961185735722053,1,High-Value Active Customers,1.9428,-0.7552
17746,240,1,110.25,110.25,5.484796933490655,0.6931471805599453,4.711779921046349,4.711779921046349,0,Low-Engagement / Lapsed Spenders,-2.1121,0.1155
17747,113,1,71.4,71.4,4.736198448394496,0.6931471805599453,4.282206299391671,4.282206299391671,0,Low-Engagement / Lapsed Spenders,-2.0298,-0.5155
17749,178,2,674.52,337.26,5.187385805840755,1.0986122886681096,6.515482764659955,5.823814830545896,0,Low-Engagement / Lapsed Spenders,-0.7764,0.7389
17750,5,9,1710.45,190.05,1.791759469228055,2.302585092994046,7.445096243403855,5.252535173892909,1,High-Value Active Customers,2.051,-0.6146
17752,359,1,80.64,80.64,5.886104031450156,0.6931471805599453,4.402319337941644,4.402319337941644,0,Low-Engagement / Lapsed Spenders,-2.4121,0.2572
17754,1,5,1664.65,332.93,0.6931471805599453,1.791759469228055,7.417970716622433,5.810931390173244,1,High-Value Active Customers,1.9955,-1.5163
17757,1,30,5593.39,186.45,0.6931471805599453,3.4339872044851463,8.629519588886271,5.233512143181921,1,High-Value Active Customers,4.056,-0.4468
17758,19,8,3408.2000000000003,426.02,2.995732273553991,2.1972245773362196,8.134232938648143,6.056830850539234,1,High-Value Active Customers,1.8225,0.3594
17759,17,3,819.96,273.32,2.8903717578961645,1.3862943611198906,6.7104743871936545,5.614295308154665,1,High-Value Active Customers,0.4539,-0.5362
17760,22,2,287.59,143.79,3.1354942159291497,1.0986122886681096,5.665006995704794,4.97528441679333,0,Low-Engagement / Lapsed Spenders,-0.3958,-0.8716
17761,33,1,712.78,712.78,3.5263605246161616,0.6931471805599453,6.570574791610563,6.570574791610563,0,Low-Engagement / Lapsed Spenders,-0.4826,-0.4491
17763,263,1,15.0,15.0,5.575949103146316,0.6931471805599453,2.772588722239781,2.772588722239781,0,Low-Engagement / Lapsed Spenders,-3.0664,-0.533
17764,51,2,772.55,386.28,3.9512437185814275,1.0986122886681096,6.650990309165078,5.959147945631439,0,Low-Engagement / Lapsed Spenders,-0.2399,0.0047
17765,159,3,367.63,122.54,5.075173815233827,1.3862943611198906,5.909793430963424,4.816564990267753,0,Low-Engagement / Lapsed Spenders,-0.7604,0.5573
17767,15,1,271.2,271.2,2.772588722239781,0.6931471805599453,5.6065370902173655,5.6065370902173655,0,Low-Engagement / Lapsed Spenders,-0.6518,-1.278
17768,8,3,2081.9,693.97,2.1972245773362196,1.3862943611198906,7.641516432427338,6.54386867916551,1,High-Value Active Customers,1.1601,-0.6365
17769,13,10,3957.43,395.74,2.639057329615259,2.3978952727983707,8.283602760989174,5.983281154299963,1,High-Value Active Customers,2.2111,0.2644
17770,199,5,1143.27,228.65,5.298317366548036,1.791759469228055,7.042522158078838,5.436556410771803,0,Low-Engagement / Lapsed Spenders,0.0584,1.2664
17771,57,2,245.81,122.9,4.060443010546419,1.0986122886681096,5.508618809848949,4.819474788635096,0,Low-Engagement / Lapsed Spenders,-0.8233,-0.3422
17772,11,2,173.45,86.72,2.4849066497880004,1.0986122886681096,5.161638167632783,4.474149923549687,0,Low-Engagement / Lapsed Spenders,-0.386,-1.4673
17774,97,4,1213.73,303.43,4.584967478670572,1.6094379124341003,7.10227710885741,5.718441175664861,0,Low-Engagement / Lapsed Spenders,0.1942,0.7662
17775,255,1,56.4,56.4,5.545177444479562,0.6931471805599453,4.050044303325521,4.050044303325521,0,Low-Engagement / Lapsed Spenders,-2.4489,-0.0873
17777,25,3,647.56,215.85,3.258096538021482,1.3862943611198906,6.4747545206794515,5.379205870281375,0,Low-Engagement / Lapsed Spenders,0.2016,-0.3889
17779,21,3,650.32,216.77,3.091042453358316,1.3862943611198906,6.479001072896019,5.383439459964859,0,Low-Engagement / Lapsed Spenders,0.2675,-0.4932
17781,159,2,188.02,94.01,5.075173815233827,1.0986122886681096,5.24185282956691,4.553982149218658,0,Low-Engagement / Lapsed Spenders,-1.3374,0.2039
17783,72,2,283.47,141.74,4.290459441148391,1.0986122886681096,5.650627799851681,4.961024793542921,0,Low-Engagement / Lapsed Spenders,-0.8438,-0.1446
17785,53,1,131.94,131.94,3.9889840465642745,0.6931471805599453,4.889897898613436,4.889897898613436,0,Low-Engagement / Lapsed Spenders,-1.4562,-0.7679
17786,85,2,266.85,133.43,4.454347296253507,1.0986122886681096,5.590427122326969,4.901043617466161,0,Low-Engagement / Lapsed Spenders,-0.935,-0.0627
17787,153,4,1817.54,454.38,5.0369526024136295,1.6094379124341003,7.505789260335805,6.121132235230019,0,Low-Engagement / Lapsed Spenders,0.2129,1.1997
17788,74,2,1117.9,558.95,4.31748811353631,1.0986122886681096,7.020101338813675,6.327847494028703,0,Low-Engagement / Lapsed Spenders,-0.2048,0.3713
17789,281,1,225.9,225.9,5.641907070938114,0.6931471805599453,5.424509391785796,5.424509391785796,0,Low-Engagement / Lapsed Spenders,-1.8342,0.4746
17790,27,14,1964.3,140.31,3.332204510175204,2.70805020110221,7.58340018440594,4.950956058594655,1,High-Value Active Customers,1.895,0.5675
17791,30,1,106.1,106.1,3.4339872044851463,0.6931471805599453,4.673762977453703,4.673762977453703,0,Low-Engagement / Lapsed Spenders,-1.3467,-1.1985
17793,25,1,300.34,300.34,3.258096538021482,0.6931471805599453,5.708239195373142,5.708239195373142,0,Low-Engagement / Lapsed Spenders,-0.789,-0.9332
17795,180,2,342.83,171.42,5.198497031265826,1.0986122886681096,5.840147349176718,5.1499333607817785,0,Low-Engagement / Lapsed Spenders,-1.1008,0.5
17796,40,4,690.0,172.5,3.713572066704308,1.6094379124341003,6.53813982376767,5.156177599386914,0,Low-Engagement / Lapsed Spenders,0.2596,0.0083
17797,22,3,780.43,260.14,3.1354942159291497,1.3862943611198906,6.6611255745126075,5.5650566619798925,1,High-Value Active Customers,0.3368,-0.3987
17799,22,10,3039.17,303.92,3.1354942159291497,2.3978952727983707,8.019668713889375,5.720049447120073,1,High-Value Active Customers,1.8963,0.483
17800,37,9,1187.21,131.91,3.6375861597263857,2.302585092994046,7.080203251977793,4.889672207433241,1,High-Value Active Customers,1.1729,0.4227
17802,82,3,1285.04,428.35,4.418840607796598,1.3862943611198906,7.159323008512906,6.0622724371184935,0,Low-Engagement / Lapsed Spenders,0.0828,0.5963
17805,74,1,512.31,512.31,4.31748811353631,0.6931471805599453,6.240879951161022,6.240879951161022,0,Low-Engagement / Lapsed Spenders,-0.9412,-0.0676
17806,11,1,546.04,546.04,2.4849066497880004,0.6931471805599453,6.304521925890991,6.304521925890991,0,Low-Engagement / Lapsed Spenders,-0.2109,-1.2062
17809,16,12,5411.91,450.99,2.833213344056216,2.5649493574615367,8.596542120019182,6.113660055693689,1,High-Value Active Customers,2.4365,0.5654
17811,4,39,7761.82,199.02,1.6094379124341003,3.6888794541139363,8.957100949224584,5.29841736154837,1,High-Value Active Customers,4.0919,0.3508
17812,13,4,699.81,174.95,2.639057329615259,1.6094379124341003,6.552236808926767,5.1701998637675946,1,High-Value Active Customers,0.6767,-0.6677
17813,14,5,1698.07,339.61,2.70805020110221,1.791759469228055,7.437836321529504,5.830738127750617,1,High-Value Active Customers,1.2353,-0.2317
17816,37,4,36.56,9.14,3.6375861597263857,1.6094379124341003,3.6259396543400624,2.316487998163037,0,Low-Engagement / Lapsed Spenders,-1.0922,-1.1005
17817,4,3,387.68,129.23,1.6094379124341003,1.3862943611198906,5.9627563829712384,4.869302117979612,1,High-Value Active Customers,0.5886,-1.6205
17819,72,7,3704.87,529.27,4.290459441148391,2.0794415416798357,8.217673327978565,6.273386310791004,1,High-Value Active Customers,1.2609,1.1655
17824,51,1,298.4,298.4,3.9512437185814275,0.6931471805599453,5.701780471985528,5.701780471985528,0,Low-Engagement / Lapsed Spenders,-1.0569,-0.4961
17827,5,5,1987.33,397.47,1.791759469228055,1.791759469228055,7.595050369416567,5.987632213087757,1,High-Value Active Customers,1.6598,-0.7553
17828,23,4,1820.09,455.02,3.1780538303479458,1.6094379124341003,7.507190501900052,6.122536668201702,1,High-Value Active Customers,0.9236,0.0217
17829,299,1,889.24,889.24,5.703782474656201,0.6931471805599453,6.7914910892950235,6.7914910892950235,0,Low-Engagement / Lapsed Spenders,-1.2096,1.0117
17830,2,3,398.7,132.9,1.0986122886681096,1.3862943611198906,5.990714265717278,4.897093252697127,1,High-Value Active Customers,0.797,-1.9342
17831,33,1,35.400000000000006,35.4,3.5263605246161616,0.6931471805599453,3.594568774642695,3.594568774642695,0,Low-Engagement / Lapsed Spenders,-1.8937,-1.5329
17832,50,1,155.37,155.37,3.9318256327243257,0.6931471805599453,5.052224993855419,5.052224993855419,0,Low-Engagement / Lapsed Spenders,-1.3574,-0.745
17835,3,3,342.24,114.08,1.3862943611198906,1.3862943611198906,5.83842991093892,4.7456275386833475,1,High-Value Active Customers,0.6149,-1.8072
17836,47,1,110.21000000000001,110.21,3.8712010109078907,0.6931471805599453,4.71142030583075,4.71142030583075,0,Low-Engagement / Lapsed Spenders,-1.4959,-0.9076
17837,42,8,1541.23,192.65,3.7612001156935624,2.1972245773362196,7.340984699939525,5.266052405960761,1,High-Value Active Customers,1.1539,0.5557
17838,27,5,2720.8,544.16,3.332204510175204,1.791759469228055,7.909048705126217,6.301079329559312,1,High-Value Active Customers,1.2203,0.3356
17839,42,1,318.15,318.15,3.7612001156935624,0.6931471805599453,5.765661211702066,5.765661211702066,0,Low-Engagement / Lapsed Spenders,-0.954,-0.5934
17841,2,124,40519.84,326.77,1.0986122886681096,4.8283137373023015,10.6095716886512,5.792312142902554,1,High-Value Active Customers,6.1016,1.0647
17843,303,1,205.48,205.48,5.717027701406222,0.6931471805599453,5.330203555410359,5.330203555410359,0,Low-Engagement / Lapsed Spenders,-1.9076,0.4879
17844,107,1,51.559999999999995,51.56,4.68213122712422,0.6931471805599453,3.961955374176355,3.9619553741763553,0,Low-Engagement / Lapsed Spenders,-2.161,-0.6665
17846,85,1,2033.1,2033.1,4.454347296253507,0.6931471805599453,7.617808739608441,7.617808739608441,0,Low-Engagement / Lapsed Spenders,-0.3406,0.5206
17848,81,9,901.1999999999999,100.13,4.406719247264253,2.302585092994046,6.804836224974295,4.616406817914079,1,High-Value Active Customers,0.7485,0.81
17849,218,4,605.8000000000001,151.45,5.389071729816501,1.6094379124341003,6.408199247474378,5.026836673434263,0,Low-Engagement / Lapsed Spenders,-0.442,1.0231
17850,372,34,5391.21,158.56,5.921578419643816,3.5553480614894135,8.59271059842128,5.0724200270372055,1,High-Value Active Customers,2.1511,2.9007
17852,12,2,114.34,57.17,2.5649493574615367,1.0986122886681096,4.747884288187267,4.06336975792267,0,Low-Engagement / Lapsed Spenders,-0.6127,-1.5673
17854,185,2,311.26,155.63,5.225746673713202,1.0986122886681096,5.743836174113374,5.053886336090571,0,Low-Engagement / Lapsed Spenders,-1.1569,0.4822
17855,373,1,208.97,208.97,5.924255797414532,0.6931471805599453,5.346964663369558,5.346964663369558,0,Low-Engagement / Lapsed Spenders,-1.9788,0.6254
17856,2,4,1418.03,354.51,1.0986122886681096,1.6094379124341003,7.25772881858561,5.87355337824289,1,High-Value Active Customers,1.5997,-1.3873
17857,4,23,26879.04,1168.65,1.6094379124341003,3.1780538303479458,10.199139282731217,7.0644598377397765,1,High-Value Active Customers,4.2186,0.6078
17858,6,12,5140.66,428.39,1.9459101490553132,2.5649493574615367,8.545131263508203,6.062365596864235,1,High-Value Active Customers,2.7511,-0.0158
17859,305,1,141.92000000000002,141.92,5.723585101952381,0.6931471805599453,4.962285033155209,4.962285033155209,0,Low-Engagement / Lapsed Spenders,-2.0845,0.3581
17860,369,1,226.45000000000002,226.45,5.91350300563827,0.6931471805599453,5.426930434016013,5.426930434016013,0,Low-Engagement / Lapsed Spenders,-1.9368,0.6477
17861,3,8,2097.88,262.24,1.3862943611198906,2.1972245773362196,7.649159148105371,5.573066163587918,1,High-Value Active Customers,2.2073,-0.8376
17862,324,1,330.9,330.9,5.783825182329737,0.6931471805599453,5.804833718725929,5.804833718725929,0,Low-Engagement / Lapsed Spenders,-1.708,0.7031
17863,59,6,3160.0,526.67,4.0943445622221,1.9459101490553132,8.058643712215618,6.268471088312343,1,High-Value Active Customers,1.1396,0.9322
17864,13,3,554.85,184.95,2.639057329615259,1.3862943611198906,6.320498473679624,5.225477820371079,1,High-Value Active Customers,0.365,-0.8375
17865,31,20,10526.32,526.32,3.4657359027997265,3.044522437723423,9.261729061813442,6.267807574889769,1,High-Value Active Customers,2.9442,1.3921
17866,143,1,329.65,329.65,4.969813299576001,0.6931471805599453,5.801060414120672,5.801060414120672,0,Low-Engagement / Lapsed Spenders,-1.3989,0.1857
17867,30,6,1157.8700000000001,192.98,3.4339872044851463,1.9459101490553132,7.055200671388662,5.2677550609653965,1,High-Value Active Customers,0.916,0.1481
17869,107,5,428.18,85.64,4.68213122712422,1.791759469228055,6.061876411348347,4.461761602692735,0,Low-Engagement / Lapsed Spenders,-0.1712,0.5186
17870,2,12,1865.89,155.49,1.0986122886681096,2.5649493574615367,7.532029223755638,5.05299211017508,1,High-Value Active Customers,2.5944,-0.9219
17871,205,1,155.9,155.9,5.327876168789581,0.6931471805599453,5.055608659738987,5.055608659738987,0,Low-Engagement / Lapsed Spenders,-1.8891,0.1412
17873,80,5,1848.96,369.79,4.394449154672439,1.791759469228055,7.522919296216998,5.915635864611748,1,High-Value Active Customers,0.6314,0.8683
17874,185,6,683.46,113.91,5.225746673713202,1.9459101490553132,6.528630206205813,4.744149213269543,0,Low-Engagement / Lapsed Spenders,-0.0181,1.0922
17877,170,1,237.61,237.61,5.14166355650266,0.6931471805599453,5.474830419933934,5.474830419933934,0,Low-Engagement / Lapsed Spenders,-1.6192,0.1759
17878,44,1,379.45,379.45,3.8066624897703196,0.6931471805599453,5.941354762622532,5.941354762622532,0,Low-Engagement / Lapsed Spenders,-0.888,-0.5005
17879,174,1,178.51999999999998,178.52,5.1647859739235145,0.6931471805599453,5.190286622334331,5.190286622334332,0,Low-Engagement / Lapsed Spenders,-1.763,0.0869
17880,365,1,458.92,458.92,5.902633333401366,0.6931471805599453,6.131052561315036,6.131052561315036,0,Low-Engagement / Lapsed Spenders,-1.5988,0.8973
17881,304,1,133.35000000000002,133.35,5.720311776607412,0.6931471805599453,4.9004483350615,4.9004483350615,0,Low-Engagement / Lapsed Spenders,-2.1126,0.3335
17883,3,4,664.34,166.08,1.3862943611198906,1.6094379124341003,6.500298188193179,5.118472739628975,1,High-Value Active Customers,1.1307,-1.4808
17884,4,4,695.0699999999999,173.77,1.6094379124341003,1.6094379124341003,6.545450229989766,5.16347082377827,1,High-Value Active Customers,1.0668,-1.3229
17885,12,1,156.34,156.34,2.5649493574615367,0.6931471805599453,5.0584090689010965,5.0584090689010965,0,Low-Engagement / Lapsed Spenders,-0.8324,-1.6093
17886,32,3,869.28,289.76,3.4965075614664802,1.3862943611198906,6.768814998950002,5.672498184616435,0,Low-Engagement / Lapsed Spenders,0.25,-0.1307
17887,129,1,111.35,111.35,4.867534450455582,0.6931471805599453,4.721618998631338,4.721618998631338,0,Low-Engagement / Lapsed Spenders,-1.8716,-0.2723
17888,21,8,716.0,89.5,3.091042453358316,2.1972245773362196,6.57507584059962,4.505349850705881,1,High-Value Active Customers,1.0468,-0.1481
17889,212,2,201.37,100.68,5.3612921657094255,1.0986122886681096,5.310097705083568,4.621830626881199,0,Low-Engagement / Lapsed Spenders,-1.4143,0.4102
17890,323,2,586.89,293.44,5.780743515792329,1.0986122886681096,6.376539855568017,5.685075247190505,0,Low-Engagement / Lapsed Spenders,-1.0689,1.0645
17891,162,1,203.85999999999999,203.86,5.093750200806762,0.6931471805599453,5.3223268190083886,5.3223268190083886,0,Low-Engagement / Lapsed Spenders,-1.6732,0.0899
17892,56,3,244.1,81.37,4.04305126783455,1.3862943611198906,5.501666290534067,4.411221292953157,0,Low-Engagement / Lapsed Spenders,-0.5596,-0.2457
17893,225,1,107.21,107.21,5.420534999272286,0.6931471805599453,4.684073783583557,4.684073783583557,0,Low-Engagement / Lapsed Spenders,-2.1007,0.0646
17894,72,8,1118.96,139.87,4.290459441148391,2.1972245773362196,7.021048249365656,4.9478374792722155,1,High-Value Active Customers,0.8001,0.7747
17895,44,1,95.45,95.45,3.8066624897703196,0.6931471805599453,4.569024739351738,4.569024739351738,0,Low-Engagement / Lapsed Spenders,-1.5387,-1.0004
17896,23,1,256.32,256.32,3.1780538303479458,0.6931471805599453,5.550320446542799,5.550320446542799,0,Low-Engagement / Lapsed Spenders,-0.8333,-1.0415
17897,173,3,541.8100000000001,180.6,5.159055299214529,1.3862943611198906,6.2967593507829065,5.201806466167193,0,Low-Engagement / Lapsed Spenders,-0.6089,0.7514
17898,85,2,152.06,76.03,4.454347296253507,1.0986122886681096,5.030830001381775,4.344194956364874,0,Low-Engagement / Lapsed Spenders,-1.2003,-0.2665
17899,159,1,154.55,154.55,5.075173815233827,0.6931471805599453,5.046967223343646,5.046967223343646,0,Low-Engagement / Lapsed Spenders,-1.7967,-0.0221
17900,190,2,112.19999999999999,56.1,5.25227342804663,1.0986122886681096,4.729156165769083,4.044804116661965,0,Low-Engagement / Lapsed Spenders,-1.6481,0.1295
17901,29,1,110.38,110.38,3.4011973816621555,0.6931471805599453,4.7129477781615225,4.7129477781615225,0,Low-Engagement / Lapsed Spenders,-1.3156,-1.205
17904,21,1,181.07,181.07,3.091042453358316,0.6931471805599453,5.204391228515873,5.204391228515873,0,Low-Engagement / Lapsed Spenders,-0.9641,-1.2226
17905,71,4,798.99,199.75,4.276666119016055,1.6094379124341003,6.684599227589802,5.302060352826871,0,Low-Engagement / Lapsed Spenders,0.1139,0.4186
17906,247,1,72.9,72.9,5.5134287461649825,0.6931471805599453,4.302712827954156,4.302712827954156,0,Low-Engagement / Lapsed Spenders,-2.317,-0.0154
17908,374,1,232.03,232.03,5.926926025970411,0.6931471805599453,5.451167200642247,5.451167200642247,0,Low-Engagement / Lapsed Spenders,-1.9304,0.665
17911,9,1,366.23,366.23,2.302585092994046,0.6931471805599453,5.9059883547555305,5.9059883547555305,0,Low-Engagement / Lapsed Spenders,-0.3303,-1.4669
17912,310,5,310.06,62.01,5.739792912179234,1.791759469228055,5.739985819616414,4.143293443953964,0,Low-Engagement / Lapsed Spenders,-0.7279,1.0718
17913,59,2,408.65,204.32,4.0943445622221,1.0986122886681096,6.015303136587824,5.324569737692102,0,Low-Engagement / Lapsed Spenders,-0.596,-0.1361
17914,4,1,329.36,329.36,1.6094379124341003,0.6931471805599453,5.800182968942516,5.800182968942516,0,Low-Engagement / Lapsed Spenders,-0.1156,-1.9449
17917,45,3,335.03,111.68,3.828641396489095,1.3862943611198906,5.8172004416917575,4.724551943008172,0,Low-Engagement / Lapsed Spenders,-0.3281,-0.2667
17919,88,1,1304.04,1304.04,4.48863636973214,0.6931471805599453,7.173988970628047,7.173988970628047,0,Low-Engagement / Lapsed Spenders,-0.5641,0.3807
17920,4,17,4119.5,242.32,1.6094379124341003,2.8903717578961645,8.323729794203437,5.494377449452505,1,High-Value Active Customers,3.0691,-0.1853
17921,64,4,820.23,205.06,4.174387269895637,1.6094379124341003,6.710803216382034,5.328167388516922,0,Low-Engagement / Lapsed Spenders,0.1654,0.3633
17923,282,1,207.50000000000003,207.5,5.645446897643238,0.6931471805599453,5.339939041238856,5.339939041238856,0,Low-Engagement / Lapsed Spenders,-1.8756,0.4461
17924,12,7,2962.5,423.21,2.5649493574615367,2.0794415416798357,7.994126281227893,6.050228615638675,1,High-Value Active Customers,1.814,-0.0098
17925,373,1,244.08,244.08,5.924255797414532,0.6931471805599453,5.501584687857454,5.501584687857454,0,Low-Engagement / Lapsed Spenders,-1.9055,0.6817
17926,133,2,397.29,198.64,4.897839799950911,1.0986122886681096,5.98718038316893,5.296515744601408,0,Low-Engagement / Lapsed Spenders,-0.9163,0.363
17928,45,2,212.54,106.27,3.828641396489095,1.0986122886681096,5.363824168750156,4.675349020609338,0,Low-Engagement / Lapsed Spenders,-0.8034,-0.5419
17929,11,4,843.0,210.75,2.4849066497880004,1.6094379124341003,6.738152494595957,5.355406333532164,1,High-Value Active Customers,0.8238,-0.6978
17930,36,5,1740.48,348.1,3.6109179126442243,1.791759469228055,7.462490605387541,5.855358414110991,1,High-Value Active Customers,0.9021,0.3496
17931,134,2,408.36,204.18,4.90527477843843,1.0986122886681096,6.014594964496837,5.3238876426595665,0,Low-Engagement / Lapsed Spenders,-0.9061,0.3777
17932,29,3,1331.57,443.86,3.4011973816621555,1.3862943611198906,7.19486468749322,6.097759625925584,1,High-Value Active Customers,0.4884,-0.0359
17934,52,2,704.25,352.12,3.970291913552122,1.0986122886681096,6.558552349882106,5.8668079425084265,0,Low-Engagement / Lapsed Spenders,-0.291,-0.0169
17935,138,2,145.79,72.9,4.9344739331306915,1.0986122886681096,4.989002993969142,4.302712827954156,0,Low-Engagement / Lapsed Spenders,-1.4035,0.0227
17936,5,1,380.13,380.13,1.791759469228055,0.6931471805599453,5.943140524277792,5.943140524277792,0,Low-Engagement / Lapsed Spenders,-0.1175,-1.7772
17937,9,7,4301.22,614.46,2.302585092994046,2.0794415416798357,8.366886447525236,6.422369955697924,1,High-Value Active Customers,2.091,-0.0404
17939,160,1,99.14,99.14,5.081404364984463,0.6931471805599453,4.606569206901799,4.606569206901799,0,Low-Engagement / Lapsed Spenders,-2.0079,-0.1786
17940,49,10,4020.04,402.0,3.912023005428146,2.3978952727983707,8.299295854621981,5.998936561946683,1,High-Value Active Customers,1.7323,1.0771
17941,131,1,304.56,304.56,4.882801922586371,0.6931471805599453,5.722146158673159,5.722146158673159,0,Low-Engagement / Lapsed Spenders,-1.4031,0.1018
17942,8,1,77.50000000000001,77.5,2.1972245773362196,0.6931471805599453,4.363098624788363,4.363098624788362,0,Low-Engagement / Lapsed Spenders,-1.0216,-2.0956
17946,233,2,149.57999999999998,74.79,5.455321115357702,1.0986122886681096,5.014494504421976,4.327966357823938,0,Low-Engagement / Lapsed Spenders,-1.5904,0.3621
17947,37,1,176.68,176.68,3.6375861597263857,0.6931471805599453,5.179984179586172,5.179984179586172,0,Low-Engagement / Lapsed Spenders,-1.1845,-0.885
17948,147,1,358.56000000000006,358.56,4.997212273764115,0.6931471805599453,5.884881061705198,5.884881061705198,0,Low-Engagement / Lapsed Spenders,-1.3696,0.2336
17949,1,45,58510.48,1300.23,0.6931471805599453,3.828641396489095,10.976978253283772,7.171065249974366,1,High-Value Active Customers,5.5262,0.5591
17950,72,3,482.2,160.73,4.290459441148391,1.3862943611198906,6.180430646620605,5.085928278131687,0,Low-Engagement / Lapsed Spenders,-0.3323,0.1584
17951,40,3,1008.5400000000001,336.18,3.713572066704308,1.3862943611198906,6.917250060543926,5.820616912387655,0,Low-Engagement / Lapsed Spenders,0.2374,0.061
17954,5,12,2314.13,192.84,1.791759469228055,2.5649493574615367,7.747221120451233,5.2670330765082705,1,High-Value Active Customers,2.4316,-0.4042
17955,199,4,557.3,139.32,5.298317366548036,1.6094379124341003,6.324896452316315,4.943925528623873,0,Low-Engagement / Lapsed Spenders,-0.4469,0.9353
17956,249,1,12.75,12.75,5.521460917862246,0.6931471805599453,2.6210388241125804,2.6210388241125804,0,Low-Engagement / Lapsed Spenders,-3.1174,-0.6227
17957,66,1,111.68,111.68,4.204692619390966,0.6931471805599453,4.724551943008172,4.724551943008172,0,Low-Engagement / Lapsed Spenders,-1.617,-0.6914
17958,117,1,508.4599999999999,508.46,4.770684624465665,0.6931471805599453,6.233351341239327,6.233351341239327,0,Low-Engagement / Lapsed Spenders,-1.1178,0.2169
17960,171,1,73.78,73.78,5.147494476813453,0.6931471805599453,4.314550469548967,4.314550469548967,0,Low-Engagement / Lapsed Spenders,-2.1716,-0.243
17961,21,39,1296.44,33.24,3.091042453358316,3.6888794541139363,7.1681483711962475,3.5333945512735414,1,High-Value Active Customers,2.6777,0.6385
17962,142,1,102.41,102.41,4.962844630259907,0.6931471805599453,4.638701669196884,4.638701669196884,0,Low-Engagement / Lapsed Spenders,-1.9474,-0.242
17964,32,2,463.21,231.6,3.4965075614664802,1.0986122886681096,6.140337036046906,5.449320240084564,0,Low-Engagement / Lapsed Spenders,-0.3083,-0.4696
17965,38,14,2599.19,185.66,3.6635616461296463,2.70805020110221,7.863339798262662,5.2292887801376,1,High-Value Active Customers,1.9011,0.8795
17966,38,5,1098.43,219.69,3.6635616461296463,1.791759469228055,7.0025471426656845,5.396759001860069,1,High-Value Active Customers,0.6639,0.2155
17967,372,1,112.27,112.27,5.921578419643816,0.6931471805599453,4.729774349212622,4.729774349212622,0,Low-Engagement / Lapsed Spenders,-2.2704,0.3989
17968,374,1,265.1,265.1,5.926926025970411,0.6931471805599453,5.583872177983643,5.583872177983643,0,Low-Engagement / Lapsed Spenders,-1.8675,0.7134
17969,166,2,228.2,114.1,5.117993812416755,1.0986122886681096,5.434594984840585,4.745801315727837,0,Low-Engagement / Lapsed Spenders,-1.2624,0.3013
17970,211,1,562.79,562.79,5.356586274672012,0.6931471805599453,6.334681841736619,6.334681841736619,0,Low-Engagement / Lapsed Spenders,-1.2936,0.6253
17972,242,1,135.19,135.19,5.493061443340548,0.6931471805599453,4.914050969580866,4.914050969580866,0,Low-Engagement / Lapsed Spenders,-2.0193,0.1944
17973,52,1,337.04,337.04,3.970291913552122,0.6931471805599453,5.823164231676282,5.823164231676282,0,Low-Engagement / Lapsed Spenders,-1.0066,-0.4399
17974,25,3,703.99,234.66,3.258096538021482,1.3862943611198906,6.558183618314506,5.462390088285194,0,Low-Engagement / Lapsed Spenders,0.2412,-0.3585
17975,15,13,4483.26,344.87,2.772588722239781,2.639057329615259,8.408328766453955,5.846062981912972,1,High-Value Active Customers,2.4375,0.4868
17976,372,1,321.79,321.79,5.921578419643816,0.6931471805599453,5.7770019569816125,5.7770019569816125,0,Low-Engagement / Lapsed Spenders,-1.7739,0.7803
17977,29,1,288.14,288.14,3.4011973816621555,0.6931471805599453,5.6669109998802965,5.6669109998802965,0,Low-Engagement / Lapsed Spenders,-0.8633,-0.8575
17978,365,1,300.91999999999996,300.92,5.902633333401366,0.6931471805599453,5.71016208162024,5.71016208162024,0,Low-Engagement / Lapsed Spenders,-1.7983,0.744
17979,36,4,732.41,183.1,3.6109179126442243,1.6094379124341003,6.597704890668348,5.215479088239032,1,High-Value Active Customers,0.3271,-0.0351
17980,166,3,811.45,270.48,5.117993812416755,1.3862943611198906,6.700054373848785,5.603888471835558,0,Low-Engagement / Lapsed Spenders,-0.402,0.8722
17984,145,1,152.68,152.68,4.983606621708336,0.6931471805599453,5.034872518460301,5.034872518460301,0,Low-Engagement / Lapsed Spenders,-1.7674,-0.0846
17985,22,1,631.35,631.35,3.1354942159291497,0.6931471805599453,6.4494430383259855,6.4494430383259855,0,Low-Engagement / Lapsed Spenders,-0.3907,-0.741
17986,56,1,20.8,20.8,4.04305126783455,0.6931471805599453,3.0819099697950434,3.0819099697950434,0,Low-Engagement / Lapsed Spenders,-2.3342,-1.3921
17987,185,1,198.57,198.57,5.225746673713202,0.6931471805599453,5.2961650519798935,5.2961650519798935,0,Low-Engagement / Lapsed Spenders,-1.7361,0.1641
17988,12,7,201.12,28.73,2.5649493574615367,2.0794415416798357,5.308861580423708,3.3921566370100065,1,High-Value Active Customers,0.5408,-0.9878
17990,237,3,630.84,210.28,5.472270673671475,1.3862943611198906,6.448636197538339,5.353184267988877,0,Low-Engagement / Lapsed Spenders,-0.6566,1.0052
17991,225,2,93.35,46.68,5.420534999272286,1.0986122886681096,4.547011271814559,3.8645120227570944,0,Low-Engagement / Lapsed Spenders,-1.7988,0.1698
17994,122,4,674.89,168.72,4.812184355372417,1.6094379124341003,6.516030340908829,5.134150020334124,0,Low-Engagement / Lapsed Spenders,-0.1706,0.6967
17995,282,1,76.1,76.1,5.645446897643238,0.6931471805599453,4.345103280569283,4.345103280569283,0,Low-Engagement / Lapsed Spenders,-2.3473,0.0838
17997,74,8,1962.46,245.31,4.31748811353631,2.1972245773362196,7.582463502025479,5.506590905195518,1,High-Value Active Customers,1.0559,0.9963
17999,37,2,380.39,190.2,3.6375861597263857,1.0986122886681096,5.94382247363014,5.2533200006173,0,Low-Engagement / Lapsed Spenders,-0.4554,-0.4517
18001,12,2,415.13,207.56,2.5649493574615367,1.0986122886681096,6.030997711443308,5.340226769625247,0,Low-Engagement / Lapsed Spenders,-0.0043,-1.1
18004,362,1,157.92,157.92,5.8944028342648505,0.6931471805599453,5.068400930946398,5.068400930946398,0,Low-Engagement / Lapsed Spenders,-2.0995,0.505
18005,4,2,226.47,113.24,1.6094379124341003,1.0986122886681096,5.42701836156377,4.738301498591274,0,Low-Engagement / Lapsed Spenders,0.0743,-1.9257
18006,23,1,444.68,444.68,3.1780538303479458,0.6931471805599453,6.09960120571256,6.09960120571256,0,Low-Engagement / Lapsed Spenders,-0.5729,-0.8414
18008,70,9,2116.19,235.13,4.2626798770413155,2.302585092994046,7.657845016753332,5.4643825008224685,1,High-Value Active Customers,1.208,1.0293
18009,235,1,247.39,247.39,5.4638318050256105,0.6931471805599453,5.515000091600009,5.515000091600009,0,Low-Engagement / Lapsed Spenders,-1.7232,0.3947
18010,257,1,174.8,174.8,5.552959584921617,0.6931471805599453,5.169346985251076,5.169346985251076,0,Low-Engagement / Lapsed Spenders,-1.9212,0.3253
18011,373,1,102.78999999999999,102.79,5.924255797414532,0.6931471805599453,4.642369626977198,4.642369626977198,0,Low-Engagement / Lapsed Spenders,-2.3129,0.3688
18013,155,2,187.29,93.64,5.049856007249537,1.0986122886681096,5.237983327508337,4.550080219670131,0,Low-Engagement / Lapsed Spenders,-1.3296,0.1865
18014,28,1,162.22,162.22,3.367295829986474,0.6931471805599453,5.095098984041097,5.095098984041097,0,Low-Engagement / Lapsed Spenders,-1.1215,-1.0873
18015,4,1,120.03,120.03,1.6094379124341003,0.6931471805599453,4.7960384487505126,4.7960384487505126,0,Low-Engagement / Lapsed Spenders,-0.5918,-2.3106
18016,32,5,1477.66,295.53,3.4965075614664802,1.791759469228055,7.298891551225709,5.692148393757833,1,High-Value Active Customers,0.8682,0.2175
18017,81,3,523.0,174.33,4.406719247264253,1.3862943611198906,6.261491684321042,5.166669912482037,0,Low-Engagement / Lapsed Spenders,-0.3383,0.2616
18018,108,2,122.14,61.07,4.6913478822291435,1.0986122886681096,4.813321919483064,4.128262780425561,0,Low-Engagement / Lapsed Spenders,-1.394,-0.1954
18019,52,1,38.45,38.45,3.970291913552122,0.6931471805599453,3.6750340472918834,3.6750340472918834,0,Low-Engagement / Lapsed Spenders,-2.0251,-1.2222
18022,36,1,612.72,612.72,3.6109179126442243,0.6931471805599453,6.419538798077005,6.419538798077005,0,Low-Engagement / Lapsed Spenders,-0.5865,-0.4505
18024,153,2,389.78,194.89,5.0369526024136295,1.0986122886681096,5.968144741786365,5.277553277195309,0,Low-Engagement / Lapsed Spenders,-0.9784,0.4442
18027,99,1,115.31,115.31,4.605170185988092,0.6931471805599453,4.7562590403509475,4.7562590403509475,0,Low-Engagement / Lapsed Spenders,-1.755,-0.426
18030,4,2,230.64999999999998,115.32,1.6094379124341003,1.0986122886681096,5.4452276118626575,4.756345013785209,0,Low-Engagement / Lapsed Spenders,0.0829,-1.919
18032,334,1,73.5,73.5,5.814130531825066,0.6931471805599453,4.310799125385514,4.310799125385514,0,Low-Engagement / Lapsed Spenders,-2.428,0.1782
18033,65,1,93.82000000000001,93.82,4.189654742026425,0.6931471805599453,4.551980357473973,4.551980357473973,0,Low-Engagement / Lapsed Spenders,-1.6931,-0.7638
18034,22,2,418.68,209.34,3.1354942159291497,1.0986122886681096,6.039492516118564,5.348725269091882,0,Low-Engagement / Lapsed Spenders,-0.2182,-0.7352
18035,36,3,713.89,237.96,3.6109179126442243,1.3862943611198906,6.572128684704628,5.476296173907855,0,Low-Engagement / Lapsed Spenders,0.113,-0.1298
18036,32,3,403.12,134.37,3.4965075614664802,1.3862943611198906,6.001711863559532,4.908011770197695,0,Low-Engagement / Lapsed Spenders,-0.1137,-0.41
18037,154,6,70.02,11.67,5.043425116919247,1.9459101490553132,4.262961527514942,2.5392369943330477,0,Low-Engagement / Lapsed Spenders,-1.0227,0.1514
18040,19,2,357.20000000000005,178.6,2.995732273553991,1.0986122886681096,5.881091489626612,5.190732155868099,0,Low-Engagement / Lapsed Spenders,-0.24,-0.8815
18041,12,21,4097.37,195.11,2.5649493574615367,3.091042453358316,8.318344612668472,5.278675726292748,1,High-Value Active Customers,2.8831,0.4952
18042,54,1,165.04999999999998,165.05,4.007333185232471,0.6931471805599453,5.112288947822756,5.112288947822756,0,Low-Engagement / Lapsed Spenders,-1.3578,-0.6753
18043,25,3,529.29,176.43,3.258096538021482,1.3862943611198906,6.273424026714671,5.178576164935488,0,Low-Engagement / Lapsed Spenders,0.1062,-0.4622
18044,4,10,2088.6,208.86,1.6094379124341003,2.3978952727983707,7.644727939082112,5.346440641729765,1,High-Value Active Customers,2.3015,-0.621
18045,45,1,178.34,178.34,3.828641396489095,0.6931471805599453,5.189283445523902,5.189283445523902,0,Low-Engagement / Lapsed Spenders,-1.253,-0.7605
18048,203,2,172.29000000000002,86.15,5.318119993844216,1.0986122886681096,5.1549664916521545,4.46763077196603,0,Low-Engagement / Lapsed Spenders,-1.4714,0.3263
18050,359,1,74.4,74.4,5.886104031450156,0.6931471805599453,4.32280727501391,4.32280727501391,0,Low-Engagement / Lapsed Spenders,-2.4498,0.2282
18053,71,1,300.02,300.02,4.276666119016055,0.6931471805599453,5.707176707724217,5.707176707724217,0,Low-Engagement / Lapsed Spenders,-1.1786,-0.2879
18055,7,10,6761.34,676.13,2.0794415416798357,2.3978952727983707,8.819124262985744,6.517863278111775,1,High-Value Active Customers,2.6788,0.1047
18056,288,1,363.65,363.65,5.666426688112432,0.6931471805599453,5.898937989430242,5.898937989430242,0,Low-Engagement / Lapsed Spenders,-1.6186,0.663
18058,10,1,170.16,170.16,2.3978952727983707,0.6931471805599453,5.142598791548616,5.142598791548616,0,Low-Engagement / Lapsed Spenders,-0.7286,-1.6845
18059,23,3,306.46,102.15,3.1780538303479458,1.3862943611198906,5.728344997484453,4.636184239517261,0,Low-Engagement / Lapsed Spenders,-0.1217,-0.7115
18061,22,10,2119.41,211.94,3.1354942159291497,2.3978952727983707,7.659364745193834,5.36101043588646,1,High-Value Active Customers,1.7255,0.3518
18062,173,3,720.52,240.17,5.159055299214529,1.3862943611198906,6.581360097857453,5.485502079007979,0,Low-Engagement / Lapsed Spenders,-0.474,0.855
18064,133,2,814.0,407.0,4.897839799950911,1.0986122886681096,6.703188113240863,6.0112671744041615,0,Low-Engagement / Lapsed Spenders,-0.5768,0.6238
18065,6,14,2392.83,170.92,1.9459101490553132,2.70805020110221,7.780649872736044,5.147029252334255,1,High-Value Active Customers,2.5181,-0.2395
18066,75,1,318.0,318.0,4.330733340286331,0.6931471805599453,5.765191102784844,5.765191102784844,0,Low-Engagement / Lapsed Spenders,-1.1718,-0.2325
18067,40,1,396.33,396.33,3.713572066704308,0.6931471805599453,5.98476716966025,5.98476716966025,0,Low-Engagement / Lapsed Spenders,-0.8319,-0.5437
18068,289,1,101.69999999999999,101.7,5.66988092298052,0.6931471805599453,4.631812116934513,4.631812116934513,0,Low-Engagement / Lapsed Spenders,-2.2207,0.2037
18069,26,5,2009.24,401.85,3.295836866004329,1.791759469228055,7.606009396910227,5.998564284223205,1,High-Value Active Customers,1.0905,0.2021
18071,258,2,453.0,226.5,5.556828061699537,1.0986122886681096,6.118097198041348,5.427150238391005,0,Low-Engagement / Lapsed Spenders,-1.1059,0.8284
18072,186,1,247.44,247.44,5.231108616854587,0.6931471805599453,5.515201367691102,5.515201367691102,0,Low-Engagement / Lapsed Spenders,-1.6342,0.2473
18073,114,12,3859.82,321.65,4.74493212836325,2.5649493574615367,8.258634875130868,5.776568144381849,1,High-Value Active Customers,1.546,1.6542
18074,374,1,489.6,489.6,5.926926025970411,0.6931471805599453,6.195629131824389,6.195629131824389,0,Low-Engagement / Lapsed Spenders,-1.5774,0.9362
18075,23,10,2611.75,261.18,3.1780538303479458,2.3978952727983707,7.868158585474613,5.569031290769663,1,High-Value Active Customers,1.8082,0.4548
18077,8,11,2584.41,234.95,2.1972245773362196,2.4849066497880004,7.85763938171581,5.463619918172396,1,High-Value Active Customers,2.2567,-0.1375
18078,217,2,336.13,168.06,5.384495062789089,1.0986122886681096,5.820468612643942,5.130253681500782,0,Low-Engagement / Lapsed Spenders,-1.1812,0.6108
18079,45,4,3613.15,903.29,3.828641396489095,1.6094379124341003,8.192611975548187,6.807150105408171,1,High-Value Active Customers,1.0001,0.6838
18080,19,2,1231.5,615.75,2.995732273553991,1.0986122886681096,7.116799905916845,6.424463755409466,1,High-Value Active Customers,0.346,-0.4314
18081,36,3,343.45,114.48,3.6109179126442243,1.3862943611198906,5.841948942039205,4.749097354794735,0,Low-Engagement / Lapsed Spenders,-0.2332,-0.3957
18082,26,1,680.84,680.84,3.295836866004329,0.6931471805599453,6.524795026214043,6.524795026214043,0,Low-Engagement / Lapsed Spenders,-0.4163,-0.6119
18084,16,1,90.47999999999999,90.48,2.833213344056216,0.6931471805599453,4.516120369154581,4.516120369154581,0,Low-Engagement / Lapsed Spenders,-1.192,-1.6367
18085,330,2,689.95,344.98,5.802118375377063,1.0986122886681096,6.538067462249494,5.846380969918831,0,Low-Engagement / Lapsed Spenders,-1.0005,1.1369
18086,274,1,101.34,101.34,5.616771097666572,0.6931471805599453,4.628300603376946,4.628300603376946,0,Low-Engagement / Lapsed Spenders,-2.2021,0.1687
18087,98,2,4055.7199999999993,2027.86,4.59511985013459,1.0986122886681096,8.308130044310031,7.615229337938093,0,Low-Engagement / Lapsed Spenders,0.2999,1.0164
18088,61,1,166.03,166.03,4.127134385045092,0.6931471805599453,5.118173437001857,5.118173437001857,0,Low-Engagement / Lapsed Spenders,-1.4008,-0.5972
18092,2,11,9068.26,824.39,1.0986122886681096,2.4849066497880004,9.11264595212913,6.715856001907072,1,High-Value Active Customers,3.2714,-0.3769
18093,93,4,2106.52,526.63,4.543294782270004,1.6094379124341003,7.653267179747945,6.268395280485149,1,High-Value Active Customers,0.4714,0.9404
18094,82,7,3017.3,431.04,4.418840607796598,2.0794415416798357,8.012449037966114,6.068518176550273,1,High-Value Active Customers,1.1145,1.1721
18095,313,2,580.0500000000001,290.03,5.749392985908253,1.0986122886681096,6.364836811668883,5.673426354641302,0,Low-Engagement / Lapsed Spenders,-1.0625,1.0404
18096,12,3,849.06,283.02,2.5649493574615367,1.3862943611198906,6.745306935228424,5.649044658216867,1,High-Value Active Customers,0.5947,-0.7298
18097,8,6,2662.4,443.73,2.1972245773362196,1.9459101490553132,7.887358781068045,6.09746735645105,1,High-Value Active Customers,1.783,-0.3329
18099,127,1,168.31,168.31,4.852030263919617,0.6931471805599453,5.131731354140141,5.131731354140141,0,Low-Engagement / Lapsed Spenders,-1.6713,-0.1327
18101,11,2,222.4,111.2,2.4849066497880004,1.0986122886681096,5.4089638866351,4.720282993088596,0,Low-Engagement / Lapsed Spenders,-0.2687,-1.3773
18102,1,60,259657.3,4327.62,0.6931471805599453,4.110873864173311,12.467121814869783,8.373004063501304,1,High-Value Active Customers,6.4881,1.2097
18104,37,1,754.64,754.64,3.6375861597263857,0.6931471805599453,6.627565072288651,6.627565072288651,0,Low-Engagement / Lapsed Spenders,-0.4981,-0.3578
18105,38,1,113.48000000000002,113.48,3.6635616461296463,0.6931471805599453,4.740400135248196,4.740400135248196,0,Low-Engagement / Lapsed Spenders,-1.4028,-1.0287
18106,330,1,421.9,421.9,5.802118375377063,0.6931471805599453,6.047135744478443,6.047135744478443,0,Low-Engagement / Lapsed Spenders,-1.6001,0.803
18108,254,1,271.0,271.0,5.541263545158426,0.6931471805599453,5.605802066295998,5.605802066295998,0,Low-Engagement / Lapsed Spenders,-1.7098,0.4769
18109,2,26,8004.92,307.88,1.0986122886681096,3.295836866004329,8.987936546996973,5.7329528519559805,1,High-Value Active Customers,3.9461,-0.1121
18110,20,1,198.8,198.8,3.044522437723423,0.6931471805599453,5.297316866214453,5.297316866214453,0,Low-Engagement / Lapsed Spenders,-0.9023,-1.2183
18112,12,2,352.69,176.34,2.5649493574615367,1.0986122886681096,5.868420823264403,5.178068793951861,0,Low-Engagement / Lapsed Spenders,-0.0814,-1.1592
18113,369,1,76.32000000000001,76.32,5.91350300563827,0.6931471805599453,4.34795265434013,4.34795265434013,0,Low-Engagement / Lapsed Spenders,-2.4484,0.2547
18114,290,1,220.1,220.1,5.673323267171493,0.6931471805599453,5.3986150878634005,5.3986150878634005,0,Low-Engagement / Lapsed Spenders,-1.8584,0.4851
18116,68,8,1403.1100000000001,175.39,4.23410650459726,2.1972245773362196,7.247158929095093,5.172697452623385,1,High-Value Active Customers,0.9288,0.8213
18117,26,1,315.65,315.65,3.295836866004329,0.6931471805599453,5.757797062962439,5.757797062962439,0,Low-Engagement / Lapsed Spenders,-0.7799,-0.8912
18118,11,26,5625.08,216.35,2.4849066497880004,3.295836866004329,8.63516820864298,5.381508957434801,1,High-Value Active Customers,3.2492,0.6382
18119,368,1,180.7,180.7,5.910796644040527,0.6931471805599453,5.202356975402125,5.202356975402125,0,Low-Engagement / Lapsed Spenders,-2.0422,0.5642
18120,214,1,111.15,111.15,5.3706380281276624,0.6931471805599453,4.719837260966218,4.719837260966218,0,Low-Engagement / Lapsed Spenders,-2.0647,0.046
18121,149,2,653.3,326.65,5.0106352940962555,1.0986122886681096,6.483565961875693,5.791945965485506,0,Low-Engagement / Lapsed Spenders,-0.724,0.6153
18122,8,6,1793.06,298.84,2.1972245773362196,1.9459101490553132,7.492236486875529,5.703248999050057,1,High-Value Active Customers,1.5957,-0.4768
18123,24,2,574.4399999999999,287.22,3.2188758248682006,1.0986122886681096,6.355134965559101,5.663724077410215,0,Low-Engagement / Lapsed Spenders,-0.1004,-0.5674
18125,30,4,1131.75,282.94,3.4339872044851463,1.6094379124341003,7.032403583547247,5.648762948235428,1,High-Value Active Customers,0.6008,0.0111
18126,61,1,200.92000000000002,200.92,4.127134385045092,0.6931471805599453,5.307871579352849,5.307871579352848,0,Low-Engagement / Lapsed Spenders,-1.3108,-0.5281
18127,19,3,347.08,115.69,2.995732273553991,1.3862943611198906,5.852432338412425,4.759520845818016,0,Low-Engagement / Lapsed Spenders,0.0068,-0.7819
18129,243,1,112.55000000000001,112.55,5.497168225293202,0.6931471805599453,4.732243268551567,4.732243268551567,0,Low-Engagement / Lapsed Spenders,-2.1071,0.1308
18130,15,3,1059.39,353.13,2.772588722239781,1.3862943611198906,6.966392043966783,5.869664077359158,1,High-Value Active Customers,0.6202,-0.5176
18133,212,1,931.4999999999999,931.5,5.3612921657094255,0.6931471805599453,6.83786915151797,6.837869151517971,0,Low-Engagement / Lapsed Spenders,-1.0568,0.8115
18135,29,5,681.9100000000001,136.38,3.4011973816621555,1.791759469228055,6.52636307929225,4.922750808785736,1,High-Value Active Customers,0.5383,-0.1243
18136,63,3,784.33,261.44,4.1588830833596715,1.3862943611198906,6.666104011612187,5.570022484476676,0,Low-Engagement / Lapsed Spenders,-0.0517,0.2518
18138,295,1,152.65,152.65,5.69035945432406,0.6931471805599453,5.034677288576494,5.034677288576494,0,Low-Engagement / Lapsed Spenders,-2.0375,0.3634
18139,18,6,8438.34,1406.39,2.9444389791664403,1.9459101490553132,9.040659385480165,7.249492204206652,1,High-Value Active Customers,2.0445,0.5608
18142,157,2,1019.52,509.76,5.062595033026967,1.0986122886681096,6.928067580294015,6.235899812556481,0,Low-Engagement / Lapsed Spenders,-0.5331,0.8101
18143,117,2,1000.16,500.08,4.770684624465665,1.0986122886681096,6.908914606701983,6.216765768975991,0,Low-Engagement / Lapsed Spenders,-0.4306,0.6181
18144,8,12,2888.75,240.73,2.1972245773362196,2.5649493574615367,7.968925272174377,5.487821400818009,1,High-Value Active Customers,2.3819,-0.0664
18145,13,4,2861.55,715.39,2.639057329615259,1.6094379124341003,7.959468114958852,6.574224711406833,1,High-Value Active Customers,1.344,-0.1552
18146,141,2,160.35000000000002,80.18,4.955827057601261,1.0986122886681096,5.083575918497971,4.396668911410751,0,Low-Engagement / Lapsed Spenders,-1.3669,0.0706
18147,46,2,179.33999999999997,89.67,3.8501476017100584,1.0986122886681096,5.19484395807176,4.507226541657965,0,Low-Engagement / Lapsed Spenders,-0.8917,-0.5898
18149,51,3,612.0799999999999,204.03,3.9512437185814275,1.3862943611198906,6.4184954331307065,5.323156309894955,0,Low-Engagement / Lapsed Spenders,-0.0898,0.03
18150,32,3,566.58,188.86,3.4965075614664802,1.3862943611198906,6.341381708583334,5.246286958453653,0,Low-Engagement / Lapsed Spenders,0.0473,-0.2863
18151,135,2,653.35,326.68,4.912654885736052,1.0986122886681096,6.483642376501489,5.792037522411088,0,Low-Engagement / Lapsed Spenders,-0.6865,0.5532
18154,3,2,399.19,199.6,1.3862943611198906,1.0986122886681096,5.991939434331194,5.301312875527835,1,High-Value Active Customers,0.4274,-1.8614
18155,75,3,371.62,123.87,4.330733340286331,1.3862943611198906,5.920559133592207,4.827273196127054,0,Low-Engagement / Lapsed Spenders,-0.4709,0.0893
18156,13,2,675.64,337.82,2.639057329615259,1.0986122886681096,6.517139373724178,5.8254689929128,0,Low-Engagement / Lapsed Spenders,0.1979,-0.8759
18158,9,2,453.4,226.7,2.302585092994046,1.0986122886681096,6.118977867406942,5.428028973069694,0,Low-Engagement / Lapsed Spenders,0.1376,-1.2342
18159,301,1,530.15,530.15,5.71042701737487,0.6931471805599453,6.275044467226023,6.275044467226023,0,Low-Engagement / Lapsed Spenders,-1.4571,0.8279
18160,57,2,638.0600000000001,319.03,4.060443010546419,1.0986122886681096,6.459998346683129,5.768414741399516,0,Low-Engagement / Lapsed Spenders,-0.3722,0.0043
18161,15,5,1618.69,323.74,2.772588722239781,1.791759469228055,7.3899900518904555,5.783024862158968,1,High-Value Active Customers,1.1879,-0.2082
18164,37,1,399.65000000000003,399.65,3.6375861597263857,0.6931471805599453,5.99308822822408,5.99308822822408,0,Low-Engagement / Lapsed Spenders,-0.7989,-0.5889
18165,177,1,302.46000000000004,302.46,5.181783550292085,0.6931471805599453,5.715249806097095,5.715249806097095,0,Low-Engagement / Lapsed Spenders,-1.5205,0.2888
18167,23,3,1384.8600000000001,461.62,3.1780538303479458,1.3862943611198906,7.234076164546975,6.1369059827581545,1,High-Value Active Customers,0.5922,-0.1631
18168,176,6,1160.04,193.34,5.176149732573829,1.9459101490553132,7.057071434162108,5.269609202411293,0,Low-Engagement / Lapsed Spenders,0.2514,1.2532
18169,61,1,202.65,202.65,4.127134385045092,0.6931471805599453,5.316402834094422,5.316402834094422,0,Low-Engagement / Lapsed Spenders,-1.3068,-0.525
18170,33,3,980.31,326.77,3.5263605246161616,1.3862943611198906,6.888888413724063,5.792312142902554,1,High-Value Active Customers,0.2955,-0.068
18171,59,5,1231.31,246.26,4.0943445622221,1.791759469228055,7.116645735818236,5.510440414578781,1,High-Value Active Customers,0.5534,0.5301
18172,15,20,7561.68,378.08,2.772588722239781,3.044522437723423,8.930980903708734,5.937747264601994,1,High-Value Active Customers,3.0522,0.8322
18173,87,4,2106.84,526.71,4.477336814478207,1.6094379124341003,7.653419005452328,6.2685468903931465,1,High-Value Active Customers,0.4967,0.8987
18174,7,1,104.0,104.0,2.0794415416798357,0.6931471805599453,4.653960350157523,4.653960350157523,0,Low-Engagement / Lapsed Spenders,-0.8387,-2.0644
18176,358,1,476.35,476.35,5.883322388488279,0.6931471805599453,6.168249974444042,6.168249974444042,0,Low-Engagement / Lapsed Spenders,-1.5737,0.8986
18177,31,6,1340.8700000000001,223.48,3.4657359027997265,1.9459101490553132,7.20181944249662,5.413786616354151,1,High-Value Active Customers,0.9734,0.2216
18178,129,4,1590.81,397.7,4.867534450455582,1.6094379124341003,7.372627012548272,5.988209254387309,0,Low-Engagement / Lapsed Spenders,0.2145,1.0438
18179,9,6,1793.17,298.86,2.302585092994046,1.9459101490553132,7.4922977984414185,5.703315699066757,1,High-Value Active Customers,1.5555,-0.41
18180,5,6,1843.75,307.29,1.791759469228055,1.9459101490553132,7.520099045938476,5.731040898427028,1,High-Value Active Customers,1.7638,-0.7237
18181,24,1,366.85,366.85,3.2188758248682006,0.6931471805599453,5.907675246378274,5.907675246378274,0,Low-Engagement / Lapsed Spenders,-0.6795,-0.8854
18183,227,2,632.07,316.04,5.429345628954441,1.0986122886681096,6.450581000548326,5.75902794888218,0,Low-Engagement / Lapsed Spenders,-0.8996,0.8687
18184,15,1,49.8,49.8,2.772588722239781,0.6931471805599453,3.927896354584436,3.927896354584436,0,Low-Engagement / Lapsed Spenders,-1.4477,-1.8894
18185,249,1,304.25,304.25,5.521460917862246,0.6931471805599453,5.721131112990814,5.721131112990814,0,Low-Engagement / Lapsed Spenders,-1.6475,0.5063
18188,15,3,2001.04,667.01,2.772588722239781,1.3862943611198906,7.601921939695548,6.504303143484476,1,High-Value Active Customers,0.9215,-0.2862
18189,78,2,1090.24,545.12,4.3694478524670215,1.0986122886681096,6.995069943308846,6.302838731816551,0,Low-Engagement / Lapsed Spenders,-0.2365,0.3951
18190,192,2,284.46000000000004,142.23,5.262690188904886,1.0986122886681096,5.654101914201623,4.964451729791774,0,Low-Engagement / Lapsed Spenders,-1.2136,0.473
18191,262,1,207.79999999999998,207.8,5.572154032177765,0.6931471805599453,5.341376856008484,5.341376856008484,0,Low-Engagement / Lapsed Spenders,-1.8469,0.4001
18192,72,1,957.97,957.97,4.290459441148391,0.6931471805599453,6.865859791808101,6.865859791808101,0,Low-Engagement / Lapsed Spenders,-0.6345,0.1429
18193,165,1,243.76,243.76,5.111987788356544,0.6931471805599453,5.500278138594339,5.500278138594339,0,Low-Engagement / Lapsed Spenders,-1.5958,0.1663
18194,82,1,973.8399999999999,973.84,4.418840607796598,0.6931471805599453,6.882273354967445,6.882273354967445,0,Low-Engagement / Lapsed Spenders,-0.6758,0.2302
18196,95,2,686.63,343.32,4.564348191467836,1.0986122886681096,6.533250902574385,5.841571457533365,0,Low-Engagement / Lapsed Spenders,-0.5299,0.3504
18198,4,17,5425.56,319.15,1.6094379124341003,2.8903717578961645,8.599060694675584,5.768789635964811,1,High-Value Active Customers,3.1996,-0.085
18200,106,1,150.35,150.35,4.672828834461906,0.6931471805599453,5.019595035467727,5.019595035467727,0,Low-Engagement / Lapsed Spenders,-1.656,-0.2872
18202,200,3,1396.99,465.66,5.303304908059076,1.3862943611198906,7.242790769692349,6.1456009411189125,0,Low-Engagement / Lapsed Spenders,-0.2155,1.1874
18203,157,1,160.42000000000002,160.42,5.062595033026967,0.6931471805599453,5.084009663896226,5.084009663896226,0,Low-Engagement / Lapsed Spenders,-1.7743,-0.0166
18204,71,3,1975.35,658.45,4.276666119016055,1.3862943611198906,7.589006988129015,6.4914061542718935,1,High-Value Active Customers,0.3409,0.6626
18205,36,2,517.36,258.68,3.6109179126442243,1.0986122886681096,6.2506699815672135,5.559450103766281,0,Low-Engagement / Lapsed Spenders,-0.2997,-0.3569
18209,29,1,139.10000000000002,139.1,3.4011973816621555,0.6931471805599453,4.942356453342962,4.942356453342962,0,Low-Engagement / Lapsed Spenders,-1.2068,-1.1214
18210,2,6,2621.38,436.9,1.0986122886681096,1.9459101490553132,7.871837581358896,6.081990573807353,1,High-Value Active Customers,2.1954,-1.035
18211,26,5,600.07,120.01,3.295836866004329,1.791759469228055,6.3987114002985646,4.7958731868099616,1,High-Value Active Customers,0.518,-0.2376
18212,326,1,216.07,216.07,5.7899601708972535,0.6931471805599453,5.380219882167671,5.380219882167671,0,Low-Engagement / Lapsed Spenders,-1.9117,0.5524
18213,237,1,232.48000000000002,232.48,5.472270673671475,0.6931471805599453,5.453096420335591,5.45309642033559,0,Low-Engagement / Lapsed Spenders,-1.7558,0.3775
18215,89,1,299.34000000000003,299.34,4.499809670330265,0.6931471805599453,5.7049151662521345,5.7049151662521345,0,Low-Engagement / Lapsed Spenders,-1.2649,-0.1472
18216,31,1,481.75,481.75,3.4657359027997265,0.6931471805599453,6.179498921308624,6.179498921308624,0,Low-Engagement / Lapsed Spenders,-0.6449,-0.6299
18217,29,2,621.75,310.88,3.4011973816621555,1.0986122886681096,6.43414515414229,5.7426184984413995,0,Low-Engagement / Lapsed Spenders,-0.1326,-0.423
18218,211,2,641.92,320.96,5.356586274672012,1.0986122886681096,6.46602029970094,5.774427314225533,0,Low-Engagement / Lapsed Spenders,-0.8645,0.8282
18219,3,10,2069.77,206.98,1.3862943611198906,2.3978952727983707,7.635675797768084,5.337441921232086,1,High-Value Active Customers,2.3825,-0.7657
18220,227,1,305.28000000000003,305.28,5.429345628954441,0.6931471805599453,5.724499716244923,5.724499716244923,0,Low-Engagement / Lapsed Spenders,-1.6107,0.4492
18221,22,5,1041.61,208.32,3.1354942159291497,1.791759469228055,6.949482463694109,5.343864181504007,1,High-Value Active Customers,0.8404,-0.1386
18222,93,1,443.0,443.0,4.543294782270004,0.6931471805599453,6.095824562432225,6.095824562432225,0,Low-Engagement / Lapsed Spenders,-1.0962,0.0227
18223,5,14,6484.54,463.18,1.791759469228055,2.70805020110221,8.777330362366365,6.1402724080349484,1,High-Value Active Customers,3.0495,0.0258
18224,264,1,158.95000000000002,158.95,5.579729825986222,0.6931471805599453,5.074861266395527,5.074861266395527,0,Low-Engagement / Lapsed Spenders,-1.9762,0.3079
18225,3,12,5504.96,458.75,1.3862943611198906,2.5649493574615367,8.61358642087413,6.130682863484431,1,High-Value Active Customers,2.9973,-0.3457
18226,44,11,5228.05,475.28,3.8066624897703196,2.4849066497880004,8.561984896200169,6.166005916582974,1,High-Value Active Customers,1.9758,1.1393
18227,218,1,93.75,93.75,5.389071729816501,0.6931471805599453,4.5512418439625355,4.5512418439625355,0,Low-Engagement / Lapsed Spenders,-2.1517,-0.0037
18228,57,2,779.9,389.95,4.060443010546419,1.0986122886681096,6.660447100668629,5.968579674570523,0,Low-Engagement / Lapsed Spenders,-0.2771,0.0773
18229,12,20,7276.900000000001,363.84,2.5649493574615367,3.044522437723423,8.892597638039238,5.899458901311958,1,High-Value Active Customers,3.1133,0.6866
18230,9,7,2810.2000000000003,401.46,2.302585092994046,2.0794415416798357,7.941366717432833,5.997595713038222,1,High-Value Active Customers,1.8892,-0.1953
18231,192,5,2071.77,414.35,5.262690188904886,1.791759469228055,7.636641155966783,6.0291215382850805,1,High-Value Active Customers,0.3537,1.4602
18232,82,4,592.97,148.24,4.418840607796598,1.6094379124341003,6.386828813036717,5.005555748352958,0,Low-Engagement / Lapsed Spenders,-0.0816,0.4003
18233,326,1,440.0,440.0,5.7899601708972535,0.6931471805599453,6.089044875446846,6.089044875446846,0,Low-Engagement / Lapsed Spenders,-1.5756,0.8105
18235,72,3,1796.48,598.83,4.290459441148391,1.3862943611198906,7.494140962968628,6.3966462817363405,0,Low-Engagement / Lapsed Spenders,0.2906,0.6368
18236,30,6,882.24,147.04,3.4339872044851463,1.9459101490553132,6.783596964352348,4.997482507517955,1,High-Value Active Customers,0.7872,0.0492
18237,3,5,987.1,197.42,1.3862943611198906,1.791759469228055,6.895783907200917,5.290385996221756,1,High-Value Active Customers,1.4832,-1.2671
18239,219,5,1561.6100000000001,312.32,5.393627546352361,1.791759469228055,7.354112779132593,5.7472250324990375,0,Low-Engagement / Lapsed Spenders,0.1697,1.4403
18240,46,1,422.58,422.58,3.8501476017100584,0.6931471805599453,6.0487423982594555,6.0487423982594555,0,Low-Engagement / Lapsed Spenders,-0.8537,-0.4339
18241,10,17,2073.09,121.95,2.3978952727983707,2.8903717578961645,7.637277782254905,4.811777768662202,1,High-Value Active Customers,2.4424,0.0645
18242,72,4,2232.4900000000002,558.12,4.290459441148391,1.6094379124341003,7.711320663504336,6.326364119168874,1,High-Value Active Customers,0.5955,0.8013
18245,7,7,2567.06,366.72,2.0794415416798357,2.0794415416798357,7.850906029022887,5.907321778995554,1,High-Value Active Customers,1.9316,-0.3697
18246,24,2,596.1,298.05,3.2188758248682006,1.0986122886681096,6.392084603552947,5.700610783490566,0,Low-Engagement / Lapsed Spenders,-0.0829,-0.5539
18248,123,2,804.02,402.01,4.820281565605037,1.0986122886681096,6.690867121830435,5.998961375534605,0,Low-Engagement / Lapsed Spenders,-0.553,0.5701
18249,17,1,95.34,95.34,2.8903717578961645,0.6931471805599453,4.567883601202075,4.567883601202075,0,Low-Engagement / Lapsed Spenders,-1.1893,-1.5816
18250,310,1,349.27,349.27,5.739792912179234,0.6931471805599453,5.858704285656805,5.858704285656805,0,Low-Engagement / Lapsed Spenders,-1.6657,0.6948
18251,87,1,4314.72,4314.72,4.477336814478207,0.6931471805599453,8.370019449389407,8.370019449389407,0,Low-Engagement / Lapsed Spenders,0.0073,0.8091
18252,51,2,518.27,259.14,3.9512437185814275,1.0986122886681096,6.252423979106417,5.561219947635594,0,Low-Engagement / Lapsed Spenders,-0.4289,-0.1405
18255,89,1,103.3,103.3,4.499809670330265,0.6931471805599453,4.647271362006727,4.647271362006727,0,Low-Engagement / Lapsed Spenders,-1.7664,-0.5324
18257,39,8,2337.63,292.2,3.6888794541139363,2.1972245773362196,7.757320566811742,5.680854970012496,1,High-Value Active Customers,1.379,0.6615
18259,25,3,2338.6000000000004,779.53,3.258096538021482,1.3862943611198906,7.757735253568871,6.659973176116232,1,High-Value Active Customers,0.81,0.0784
18260,173,6,2628.35,438.06,5.159055299214529,1.9459101490553132,7.874491946336665,6.084636077995777,1,High-Value Active Customers,0.6455,1.54
18261,43,2,324.24,162.12,3.784189633918261,1.0986122886681096,5.784563371339637,5.0944861262662,0,Low-Engagement / Lapsed Spenders,-0.5869,-0.4168
18262,140,1,149.48,149.48,4.948759890378168,0.6931471805599453,5.013830184992775,5.013830184992775,0,Low-Engagement / Lapsed Spenders,-1.7641,-0.1143
18263,26,3,1213.1599999999999,404.39,3.295836866004329,1.3862943611198906,7.10180775865179,6.0048495667181045,1,High-Value Active Customers,0.4845,-0.1366
18265,72,2,801.51,400.76,4.290459441148391,1.0986122886681096,6.687744315985722,5.995854895409275,0,Low-Engagement / Lapsed Spenders,-0.3521,0.2331
18268,134,1,25.5,25.5,4.90527477843843,0.6931471805599453,3.2771447329921766,3.2771447329921766,0,Low-Engagement / Lapsed Spenders,-2.571,-0.7744
18269,366,1,168.6,168.6,5.905361848054571,0.6931471805599453,5.133442723357803,5.133442723357803,0,Low-Engagement / Lapsed Spenders,-2.0728,0.5357
18270,38,2,283.15,141.57,3.6635616461296463,1.0986122886681096,5.649502267743131,4.95983310716587,0,Low-Engagement / Lapsed Spenders,-0.6049,-0.5425
18272,3,6,3078.58,513.1,1.3862943611198906,1.9459101490553132,8.03254850303289,6.242417799061459,1,High-Value Active Customers,2.1617,-0.7941
18273,2,3,204.0,68.0,1.0986122886681096,1.3862943611198906,5.3230099791384085,4.23410650459726,1,High-Value Active Customers,0.4804,-2.1773
18274,30,1,175.92,175.92,3.4339872044851463,0.6931471805599453,5.175697653000126,5.175697653000126,0,Low-Engagement / Lapsed Spenders,-1.1087,-1.0157
18276,44,1,335.86,335.86,3.8066624897703196,0.6931471805599453,5.81966741377024,5.81966741377024,0,Low-Engagement / Lapsed Spenders,-0.9457,-0.5449
18277,58,1,110.38,110.38,4.07753744390572,0.6931471805599453,4.7129477781615225,4.7129477781615225,0,Low-Engagement / Lapsed Spenders,-1.574,-0.7762
18278,74,1,173.9,173.9,4.31748811353631,0.6931471805599453,5.164214382024556,5.164214382024556,0,Low-Engagement / Lapsed Spenders,-1.4517,-0.4598
18280,278,1,180.60000000000002,180.6,5.631211781821365,0.6931471805599453,5.201806466167193,5.201806466167193,0,Low-Engagement / Lapsed Spenders,-1.9357,0.3868
18281,181,1,80.82,80.82,5.204006687076795,0.6931471805599453,4.404521712501253,4.404521712501253,0,Low-Engagement / Lapsed Spenders,-2.1505,-0.1744
18282,8,2,178.05,89.02,2.1972245773362196,1.0986122886681096,5.187665096444442,4.500031867864786,0,Low-Engagement / Lapsed Spenders,-0.2637,-1.6402
18283,4,16,2045.53,127.85,1.6094379124341003,2.833213344056216,7.623900954999213,4.858648937098374,1,High-Value Active Customers,2.6855,-0.462
18287,43,3,1837.28,612.43,3.784189633918261,1.3862943611198906,7.516585630812605,6.419066158211628,1,High-Value Active Customers,0.4946,0.3241
